order_id,city,locality,raw_address,lat,lng,status
ORD-1,Indore,Vijay Nagar,chai ki dukaan ped ke paas,22.752814,75.893787,SUCCESS
ORD-2,Indore,Vijay Nagar,bada ped wali chai,22.753348,75.893637,SUCCESS
ORD-3,Indore,Vijay Nagar,chai tapri ke piche gate,22.753377,75.893599,SUCCESS
ORD-4,Indore,Vijay Nagar,chai ki dukaan ped ke paas,22.752967,75.894017,SUCCESS
ORD-5,Indore,Vijay Nagar,tea stall near big tree,22.753151,75.89397,SUCCESS
ORD-6,Indore,Vijay Nagar,bada ped wali chai,22.753532,75.893827,SUCCESS
ORD-7,Indore,Vijay Nagar,tea stall near big tree,22.753033,75.893503,SUCCESS
ORD-8,Indore,Vijay Nagar,chai tapri ke piche gate,22.753128,75.893887,SUCCESS
ORD-9,Indore,Vijay Nagar,chai tapri ke paas bada ped,22.753299,75.893393,SUCCESS
ORD-10,Indore,Vijay Nagar,tea stall near big tree,22.753126,75.894071,SUCCESS
ORD-11,Indore,Vijay Nagar,chai tapri ke paas bada ped,22.752866,75.893578,SUCCESS
ORD-12,Indore,Vijay Nagar,chai ki dukaan ped ke paas,22.753524,75.893836,SUCCESS
ORD-13,Indore,Vijay Nagar,bada ped wali chai,22.753423,75.894015,SUCCESS
ORD-14,Indore,Vijay Nagar,chai tapri ke paas bada ped,22.752906,75.893576,SUCCESS
ORD-15,Indore,Vijay Nagar,bada ped wali chai,22.753506,75.893451,SUCCESS
ORD-16,Indore,Vijay Nagar,chai ki dukaan ped ke paas,22.753533,75.894004,SUCCESS
ORD-17,Indore,Vijay Nagar,bada ped wali chai,22.752884,75.893401,SUCCESS
ORD-18,Indore,Vijay Nagar,bada ped wali chai,22.75313,75.893651,SUCCESS
ORD-19,Indore,Vijay Nagar,chai ki dukaan ped ke paas,22.752817,75.893587,SUCCESS
ORD-20,Indore,Vijay Nagar,chai tapri ke paas bada ped,22.753047,75.893447,SUCCESS
ORD-21,Indore,Vijay Nagar,chai tapri ke paas bada ped,22.752984,75.894089,SUCCESS
ORD-22,Indore,Vijay Nagar,chai tapri ke paas bada ped,22.752875,75.893742,SUCCESS
ORD-23,Indore,Vijay Nagar,chai tapri ke piche gate,22.752832,75.893634,SUCCESS
ORD-24,Indore,Vijay Nagar,chai tapri ke paas bada ped,22.753516,75.89354,SUCCESS
ORD-25,Indore,Vijay Nagar,bada ped wali chai,22.752885,75.893415,SUCCESS
ORD-26,Indore,Vijay Nagar,chai tapri ke paas bada ped,22.753331,75.893613,SUCCESS
ORD-27,Indore,Vijay Nagar,chai ki dukaan ped ke paas,22.753161,75.893498,SUCCESS
ORD-28,Indore,Vijay Nagar,bada ped wali chai,22.753053,75.89361,SUCCESS
ORD-29,Indore,Vijay Nagar,tea stall near big tree,22.753391,75.893745,SUCCESS
ORD-30,Indore,Vijay Nagar,chai ki dukaan ped ke paas,22.753422,75.893767,SUCCESS
ORD-31,Indore,Vijay Nagar,chai tapri ke paas bada ped,22.753263,75.893814,SUCCESS
ORD-32,Indore,Vijay Nagar,tea stall near big tree,22.753338,75.89368,SUCCESS
ORD-33,Indore,Vijay Nagar,chai tapri ke piche gate,22.752854,75.893995,SUCCESS
ORD-34,Indore,Vijay Nagar,chai ki dukaan ped ke paas,22.753062,75.893789,SUCCESS
ORD-35,Indore,Vijay Nagar,bada ped wali chai,22.753149,75.8935,SUCCESS
ORD-36,Indore,Vijay Nagar,chai tapri ke paas bada ped,22.753536,75.893908,SUCCESS
ORD-37,Indore,Vijay Nagar,chai tapri ke piche gate,22.752935,75.894082,SUCCESS
ORD-38,Indore,Vijay Nagar,chai tapri ke piche gate,22.753436,75.893967,SUCCESS
ORD-39,Indore,Vijay Nagar,chai ki dukaan ped ke paas,22.753,75.893454,SUCCESS
ORD-40,Indore,Vijay Nagar,bada ped wali chai,22.753236,75.893507,SUCCESS
ORD-41,Indore,Vijay Nagar,chai tapri ke paas bada ped,22.753115,75.893513,SUCCESS
ORD-42,Indore,Vijay Nagar,chai tapri ke piche gate,22.753421,75.894031,SUCCESS
ORD-43,Indore,Vijay Nagar,bada ped wali chai,22.753021,75.893329,SUCCESS
ORD-44,Indore,Vijay Nagar,chai tapri ke paas bada ped,22.75341,75.893882,SUCCESS
ORD-45,Indore,Vijay Nagar,tea stall near big tree,22.752915,75.893702,SUCCESS
ORD-46,Indore,Vijay Nagar,bada ped wali chai,22.752916,75.894054,SUCCESS
ORD-47,Indore,Vijay Nagar,bada ped wali chai,22.753382,75.893401,SUCCESS
ORD-48,Indore,Vijay Nagar,tea stall near big tree,22.753411,75.894104,SUCCESS
ORD-49,Indore,Vijay Nagar,chai tapri ke paas bada ped,22.753122,75.894001,SUCCESS
ORD-50,Indore,Vijay Nagar,tea stall near big tree,22.7532,75.893791,SUCCESS
ORD-51,Indore,Vijay Nagar,chai ki dukaan ped ke paas,22.753375,75.893578,SUCCESS
ORD-52,Indore,Vijay Nagar,chai ki dukaan ped ke paas,22.752939,75.893317,SUCCESS
ORD-53,Indore,Vijay Nagar,chai ki dukaan ped ke paas,22.752972,75.893938,SUCCESS
ORD-54,Indore,Vijay Nagar,chai ki dukaan ped ke paas,22.753016,75.893859,SUCCESS
ORD-55,Indore,Vijay Nagar,chai tapri ke paas bada ped,22.753296,75.893606,SUCCESS
ORD-56,Indore,Vijay Nagar,bada ped wali chai,22.753545,75.893771,SUCCESS
ORD-57,Indore,Vijay Nagar,bada ped wali chai,22.753426,75.893911,SUCCESS
ORD-58,Indore,Vijay Nagar,chai tapri ke piche gate,22.753406,75.893408,SUCCESS
ORD-59,Indore,Vijay Nagar,bada ped wali chai,22.753024,75.893632,SUCCESS
ORD-60,Indore,Vijay Nagar,tea stall near big tree,22.752808,75.894069,SUCCESS
ORD-61,Indore,Vijay Nagar,tea stall near big tree,22.753363,75.894025,SUCCESS
ORD-62,Indore,Vijay Nagar,tea stall near big tree,22.753023,75.894009,SUCCESS
ORD-63,Indore,Vijay Nagar,bada ped wali chai,22.753,75.893643,SUCCESS
ORD-64,Indore,Vijay Nagar,bada ped wali chai,22.753401,75.893636,SUCCESS
ORD-65,Indore,Vijay Nagar,chai ki dukaan ped ke paas,22.75323,75.893695,SUCCESS
ORD-66,Indore,Vijay Nagar,chai ki dukaan ped ke paas,22.753167,75.893383,SUCCESS
ORD-67,Indore,Vijay Nagar,chai ki dukaan ped ke paas,22.75281,75.893598,SUCCESS
ORD-68,Indore,Vijay Nagar,chai ki dukaan ped ke paas,22.752957,75.893666,SUCCESS
ORD-69,Indore,Vijay Nagar,tea stall near big tree,22.753353,75.893747,SUCCESS
ORD-70,Indore,Vijay Nagar,tea stall near big tree,22.753141,75.893958,SUCCESS
ORD-71,Indore,Vijay Nagar,bada ped wali chai,22.753525,75.893771,SUCCESS
ORD-72,Indore,Vijay Nagar,tea stall near big tree,22.753185,75.893421,SUCCESS
ORD-73,Indore,Vijay Nagar,bada ped wali chai,22.752849,75.893312,SUCCESS
ORD-74,Indore,Vijay Nagar,tea stall near big tree,22.753266,75.89352,SUCCESS
ORD-75,Indore,Vijay Nagar,bada ped wali chai,22.753256,75.893446,SUCCESS
ORD-76,Indore,Vijay Nagar,chai tapri ke paas bada ped,22.753482,75.893993,SUCCESS
ORD-77,Indore,Vijay Nagar,chai tapri ke paas bada ped,22.753352,75.893764,SUCCESS
ORD-78,Indore,Vijay Nagar,chai ki dukaan ped ke paas,22.753331,75.893481,SUCCESS
ORD-79,Indore,Vijay Nagar,chai ki dukaan ped ke paas,22.753455,75.893689,SUCCESS
ORD-80,Indore,Vijay Nagar,chai ki dukaan ped ke paas,22.753253,75.893306,SUCCESS
ORD-81,Indore,Vijay Nagar,chai ki dukaan ped ke paas,22.75349,75.893603,SUCCESS
ORD-82,Indore,Vijay Nagar,chai tapri ke paas bada ped,22.753472,75.893631,SUCCESS
ORD-83,Indore,Vijay Nagar,chai tapri ke paas bada ped,22.753323,75.893733,SUCCESS
ORD-84,Indore,Vijay Nagar,chai ki dukaan ped ke paas,22.752929,75.893304,SUCCESS
ORD-85,Indore,Vijay Nagar,bada ped wali chai,22.752892,75.894064,SUCCESS
ORD-86,Indore,Vijay Nagar,chai ki dukaan ped ke paas,22.752914,75.893653,SUCCESS
ORD-87,Indore,Vijay Nagar,chai tapri ke piche gate,22.753354,75.893353,SUCCESS
ORD-88,Indore,Vijay Nagar,chai tapri ke paas bada ped,22.753379,75.894082,SUCCESS
ORD-89,Indore,Vijay Nagar,chai tapri ke paas bada ped,22.753417,75.893532,SUCCESS
ORD-90,Indore,Vijay Nagar,chai ki dukaan ped ke paas,22.75334,75.893971,SUCCESS
ORD-91,Indore,Vijay Nagar,tea stall near big tree,22.75307,75.893417,SUCCESS
ORD-92,Indore,Vijay Nagar,tea stall near big tree,22.752854,75.893688,SUCCESS
ORD-93,Indore,Vijay Nagar,bada ped wali chai,22.753493,75.893999,SUCCESS
ORD-94,Indore,Vijay Nagar,chai tapri ke paas bada ped,22.752844,75.893366,SUCCESS
ORD-95,Indore,Vijay Nagar,bada ped wali chai,22.752893,75.893748,SUCCESS
ORD-96,Indore,Vijay Nagar,chai tapri ke paas bada ped,22.753245,75.893613,SUCCESS
ORD-97,Indore,Vijay Nagar,bada ped wali chai,22.753122,75.893666,SUCCESS
ORD-98,Indore,Vijay Nagar,tea stall near big tree,22.75342,75.893868,SUCCESS
ORD-99,Indore,Vijay Nagar,bada ped wali chai,22.752802,75.893377,SUCCESS
ORD-100,Indore,Vijay Nagar,chai tapri ke paas bada ped,22.752932,75.893594,SUCCESS
ORD-101,Indore,Vijay Nagar,chai tapri ke piche gate,22.752866,75.894053,SUCCESS
ORD-102,Indore,Vijay Nagar,chai ki dukaan ped ke paas,22.753592,75.893526,SUCCESS
ORD-103,Indore,Vijay Nagar,chai tapri ke piche gate,22.753013,75.89397,SUCCESS
ORD-104,Indore,Vijay Nagar,chai ki dukaan ped ke paas,22.752871,75.89376,SUCCESS
ORD-105,Indore,Vijay Nagar,chai tapri ke piche gate,22.752917,75.893654,SUCCESS
ORD-106,Indore,Vijay Nagar,chai tapri ke paas bada ped,22.753595,75.893328,SUCCESS
ORD-107,Indore,Vijay Nagar,chai tapri ke paas bada ped,22.75325,75.893662,SUCCESS
ORD-108,Indore,Vijay Nagar,bada ped wali chai,22.75308,75.893665,SUCCESS
ORD-109,Indore,Vijay Nagar,tea stall near big tree,22.753109,75.893797,SUCCESS
ORD-110,Indore,Vijay Nagar,tea stall near big tree,22.753179,75.894075,SUCCESS
ORD-111,Indore,Vijay Nagar,chai tapri ke paas bada ped,22.75349,75.893367,SUCCESS
ORD-112,Indore,Vijay Nagar,chai tapri ke piche gate,22.752854,75.893593,SUCCESS
ORD-113,Indore,Vijay Nagar,bada ped wali chai,22.753456,75.893435,SUCCESS
ORD-114,Indore,Vijay Nagar,chai ki dukaan ped ke paas,22.753283,75.89346,SUCCESS
ORD-115,Indore,Vijay Nagar,tea stall near big tree,22.752904,75.893709,SUCCESS
ORD-116,Indore,Vijay Nagar,tea stall near big tree,22.75317,75.893619,SUCCESS
ORD-117,Indore,Vijay Nagar,bada ped wali chai,22.752985,75.893486,SUCCESS
ORD-118,Indore,Vijay Nagar,tea stall near big tree,22.752857,75.893856,SUCCESS
ORD-119,Indore,Vijay Nagar,chai tapri ke paas bada ped,22.752958,75.893461,SUCCESS
ORD-120,Indore,Vijay Nagar,chai tapri ke piche gate,22.752886,75.893364,SUCCESS
ORD-121,Indore,Vijay Nagar,bada ped wali chai,22.752981,75.893987,SUCCESS
ORD-122,Indore,Vijay Nagar,chai ki dukaan ped ke paas,22.752837,75.893885,SUCCESS
ORD-123,Indore,Vijay Nagar,chai tapri ke piche gate,22.753016,75.893396,SUCCESS
ORD-124,Indore,Vijay Nagar,tea stall near big tree,22.752878,75.893485,SUCCESS
ORD-125,Indore,Vijay Nagar,chai tapri ke piche gate,22.753383,75.893525,SUCCESS
ORD-126,Indore,Vijay Nagar,chai tapri ke paas bada ped,22.753174,75.894035,SUCCESS
ORD-127,Indore,Vijay Nagar,chai ki dukaan ped ke paas,22.75291,75.893879,SUCCESS
ORD-128,Indore,Vijay Nagar,chai tapri ke paas bada ped,22.752886,75.893557,SUCCESS
ORD-129,Indore,Vijay Nagar,bada ped wali chai,22.753389,75.893401,SUCCESS
ORD-130,Indore,Vijay Nagar,bada ped wali chai,22.753502,75.893517,SUCCESS
ORD-131,Indore,Vijay Nagar,chai tapri ke paas bada ped,22.753312,75.894043,SUCCESS
ORD-132,Indore,Vijay Nagar,tea stall near big tree,22.753352,75.893878,SUCCESS
ORD-133,Indore,Vijay Nagar,chai tapri ke paas bada ped,22.753226,75.893955,SUCCESS
ORD-134,Indore,Vijay Nagar,tea stall near big tree,22.753008,75.893334,SUCCESS
ORD-135,Indore,Vijay Nagar,tea stall near big tree,22.753385,75.893837,SUCCESS
ORD-136,Indore,Vijay Nagar,bada ped wali chai,22.753568,75.893319,SUCCESS
ORD-137,Indore,Vijay Nagar,bada ped wali chai,22.753255,75.893392,SUCCESS
ORD-138,Indore,Vijay Nagar,bada ped wali chai,22.753173,75.893674,SUCCESS
ORD-139,Indore,Vijay Nagar,chai tapri ke piche gate,22.752928,75.89358,SUCCESS
ORD-140,Indore,Vijay Nagar,tea stall near big tree,22.753343,75.893301,SUCCESS
ORD-141,Indore,Vijay Nagar,tea stall near big tree,22.752843,75.893595,SUCCESS
ORD-142,Indore,Vijay Nagar,chai tapri ke piche gate,22.75294,75.893729,SUCCESS
ORD-143,Indore,Vijay Nagar,bada ped wali chai,22.753433,75.893721,SUCCESS
ORD-144,Indore,Vijay Nagar,mandir ke paas wali society,22.754993,75.89228,SUCCESS
ORD-145,Indore,Vijay Nagar,temple behind apartments,22.755157,75.891928,SUCCESS
ORD-146,Indore,Vijay Nagar,society ke piche mandir,22.754412,75.8922,SUCCESS
ORD-147,Indore,Vijay Nagar,mandir ke peeche wali society,22.754424,75.891703,SUCCESS
ORD-148,Indore,Vijay Nagar,mandir ke peeche wali society,22.755111,75.891549,SUCCESS
ORD-149,Indore,Vijay Nagar,society ke piche mandir,22.755144,75.891617,SUCCESS
ORD-150,Indore,Vijay Nagar,temple behind apartments,22.754642,75.892227,SUCCESS
ORD-151,Indore,Vijay Nagar,mandir ke paas wali society,22.755139,75.89203,SUCCESS
ORD-152,Indore,Vijay Nagar,temple behind apartments,22.754876,75.891609,SUCCESS
ORD-153,Indore,Vijay Nagar,mandir ke peeche wali society,22.754787,75.891562,SUCCESS
ORD-154,Indore,Vijay Nagar,mandir ke peeche wali society,22.754911,75.891504,SUCCESS
ORD-155,Indore,Vijay Nagar,society ke piche mandir,22.754986,75.891566,SUCCESS
ORD-156,Indore,Vijay Nagar,temple behind apartments,22.754784,75.891782,SUCCESS
ORD-157,Indore,Vijay Nagar,mandir ke paas wali society,22.754795,75.891515,SUCCESS
ORD-158,Indore,Vijay Nagar,society ke piche mandir,22.755063,75.891892,SUCCESS
ORD-159,Indore,Vijay Nagar,mandir ke peeche wali society,22.754644,75.89229,SUCCESS
ORD-160,Indore,Vijay Nagar,mandir ke peeche wali society,22.755182,75.892228,SUCCESS
ORD-161,Indore,Vijay Nagar,society ke piche mandir,22.754995,75.891527,SUCCESS
ORD-162,Indore,Vijay Nagar,mandir ke peeche wali society,22.754828,75.891767,SUCCESS
ORD-163,Indore,Vijay Nagar,mandir ke peeche wali society,22.754395,75.891655,SUCCESS
ORD-164,Indore,Vijay Nagar,mandir ke peeche wali society,22.754444,75.891573,SUCCESS
ORD-165,Indore,Vijay Nagar,mandir ke peeche wali society,22.754973,75.892022,SUCCESS
ORD-166,Indore,Vijay Nagar,mandir ke peeche wali society,22.754873,75.891848,SUCCESS
ORD-167,Indore,Vijay Nagar,temple behind apartments,22.754444,75.891584,SUCCESS
ORD-168,Indore,Vijay Nagar,temple behind apartments,22.754856,75.891749,SUCCESS
ORD-169,Indore,Vijay Nagar,temple behind apartments,22.755132,75.89165,SUCCESS
ORD-170,Indore,Vijay Nagar,temple behind apartments,22.754518,75.89196,SUCCESS
ORD-171,Indore,Vijay Nagar,mandir ke peeche wali society,22.75444,75.892195,SUCCESS
ORD-172,Indore,Vijay Nagar,mandir ke peeche wali society,22.754962,75.891896,SUCCESS
ORD-173,Indore,Vijay Nagar,mandir ke paas wali society,22.755179,75.891653,SUCCESS
ORD-174,Indore,Vijay Nagar,mandir ke peeche wali society,22.754932,75.892074,SUCCESS
ORD-175,Indore,Vijay Nagar,mandir ke peeche wali society,22.754669,75.892097,SUCCESS
ORD-176,Indore,Vijay Nagar,mandir ke paas wali society,22.754522,75.891753,SUCCESS
ORD-177,Indore,Vijay Nagar,mandir ke peeche wali society,22.754626,75.892095,SUCCESS
ORD-178,Indore,Vijay Nagar,mandir ke peeche wali society,22.755193,75.891926,SUCCESS
ORD-179,Indore,Vijay Nagar,mandir ke peeche wali society,22.754632,75.891946,SUCCESS
ORD-180,Indore,Vijay Nagar,society ke piche mandir,22.755027,75.891616,SUCCESS
ORD-181,Indore,Vijay Nagar,mandir ke peeche wali society,22.754811,75.891609,SUCCESS
ORD-182,Indore,Vijay Nagar,mandir ke paas wali society,22.754409,75.892293,SUCCESS
ORD-183,Indore,Vijay Nagar,mandir ke peeche wali society,22.754425,75.892255,SUCCESS
ORD-184,Indore,Vijay Nagar,temple behind apartments,22.755011,75.891744,SUCCESS
ORD-185,Indore,Vijay Nagar,mandir ke paas wali society,22.754547,75.891968,SUCCESS
ORD-186,Indore,Vijay Nagar,society ke piche mandir,22.754661,75.892294,SUCCESS
ORD-187,Indore,Vijay Nagar,mandir ke peeche wali society,22.754817,75.891612,SUCCESS
ORD-188,Indore,Vijay Nagar,mandir ke peeche wali society,22.75514,75.892141,SUCCESS
ORD-189,Indore,Vijay Nagar,mandir ke peeche wali society,22.754815,75.891965,SUCCESS
ORD-190,Indore,Vijay Nagar,society ke piche mandir,22.754733,75.891841,SUCCESS
ORD-191,Indore,Vijay Nagar,temple behind apartments,22.755086,75.891686,SUCCESS
ORD-192,Indore,Vijay Nagar,mandir ke paas wali society,22.75456,75.892229,SUCCESS
ORD-193,Indore,Vijay Nagar,society ke piche mandir,22.754409,75.891873,SUCCESS
ORD-194,Indore,Vijay Nagar,mandir ke peeche wali society,22.754682,75.89174,SUCCESS
ORD-195,Indore,Vijay Nagar,temple behind apartments,22.754498,75.891911,SUCCESS
ORD-196,Indore,Vijay Nagar,mandir ke peeche wali society,22.755102,75.89182,SUCCESS
ORD-197,Indore,Vijay Nagar,mandir ke peeche wali society,22.75495,75.892045,SUCCESS
ORD-198,Indore,Vijay Nagar,mandir ke peeche wali society,22.754813,75.891871,SUCCESS
ORD-199,Indore,Vijay Nagar,society ke piche mandir,22.755047,75.891872,SUCCESS
ORD-200,Indore,Vijay Nagar,temple behind apartments,22.754488,75.891829,SUCCESS
ORD-201,Indore,Vijay Nagar,mandir ke paas wali society,22.754781,75.892074,SUCCESS
ORD-202,Indore,Vijay Nagar,mandir ke peeche wali society,22.754487,75.892125,SUCCESS
ORD-203,Indore,Vijay Nagar,society ke piche mandir,22.754897,75.892234,SUCCESS
ORD-204,Indore,Vijay Nagar,temple behind apartments,22.75505,75.891965,SUCCESS
ORD-205,Indore,Vijay Nagar,mandir ke paas wali society,22.755108,75.892058,SUCCESS
ORD-206,Indore,Vijay Nagar,society ke piche mandir,22.754482,75.891662,SUCCESS
ORD-207,Indore,Vijay Nagar,mandir ke peeche wali society,22.754547,75.892088,SUCCESS
ORD-208,Indore,Vijay Nagar,temple behind apartments,22.754959,75.891628,SUCCESS
ORD-209,Indore,Vijay Nagar,mandir ke paas wali society,22.754895,75.89216,SUCCESS
ORD-210,Indore,Vijay Nagar,society ke piche mandir,22.7549,75.892028,SUCCESS
ORD-211,Indore,Vijay Nagar,society ke piche mandir,22.754928,75.891499,SUCCESS
ORD-212,Indore,Vijay Nagar,temple behind apartments,22.755016,75.892235,SUCCESS
ORD-213,Indore,Vijay Nagar,mandir ke peeche wali society,22.754607,75.891509,SUCCESS
ORD-214,Indore,Vijay Nagar,society ke piche mandir,22.754479,75.891989,SUCCESS
ORD-215,Indore,Vijay Nagar,society ke piche mandir,22.755,75.891774,SUCCESS
ORD-216,Indore,Vijay Nagar,mandir ke peeche wali society,22.754735,75.892061,SUCCESS
ORD-217,Indore,Vijay Nagar,temple behind apartments,22.754434,75.892275,SUCCESS
ORD-218,Indore,Vijay Nagar,mandir ke paas wali society,22.755004,75.891961,SUCCESS
ORD-219,Indore,Vijay Nagar,mandir ke peeche wali society,22.755204,75.891646,SUCCESS
ORD-220,Indore,Vijay Nagar,mandir ke peeche wali society,22.754639,75.891575,SUCCESS
ORD-221,Indore,Vijay Nagar,temple behind apartments,22.754973,75.891782,SUCCESS
ORD-222,Indore,Vijay Nagar,temple behind apartments,22.755063,75.891665,SUCCESS
ORD-223,Indore,Vijay Nagar,mandir ke peeche wali society,22.754813,75.892105,SUCCESS
ORD-224,Indore,Vijay Nagar,mandir ke peeche wali society,22.755069,75.891712,SUCCESS
ORD-225,Indore,Vijay Nagar,mandir ke peeche wali society,22.754592,75.891954,SUCCESS
ORD-226,Indore,Vijay Nagar,temple behind apartments,22.754905,75.891561,SUCCESS
ORD-227,Indore,Vijay Nagar,mandir ke peeche wali society,22.754809,75.891498,SUCCESS
ORD-228,Indore,Vijay Nagar,mandir ke paas wali society,22.754785,75.891769,SUCCESS
ORD-229,Indore,Vijay Nagar,mandir ke paas wali society,22.755189,75.891588,SUCCESS
ORD-230,Indore,Vijay Nagar,society ke piche mandir,22.754938,75.89171,SUCCESS
ORD-231,Indore,Vijay Nagar,mandir ke paas wali society,22.754429,75.892067,SUCCESS
ORD-232,Indore,Vijay Nagar,temple behind apartments,22.75457,75.892046,SUCCESS
ORD-233,Indore,Vijay Nagar,mandir ke peeche wali society,22.754851,75.891518,SUCCESS
ORD-234,Indore,Vijay Nagar,society ke piche mandir,22.754936,75.891811,SUCCESS
ORD-235,Indore,Vijay Nagar,temple behind apartments,22.754441,75.892148,SUCCESS
ORD-236,Indore,Vijay Nagar,mandir ke paas wali society,22.755117,75.892189,SUCCESS
ORD-237,Indore,Vijay Nagar,temple behind apartments,22.754538,75.892275,SUCCESS
ORD-238,Indore,Vijay Nagar,mandir ke peeche wali society,22.754879,75.891841,SUCCESS
ORD-239,Indore,Vijay Nagar,temple behind apartments,22.754868,75.89173,SUCCESS
ORD-240,Indore,Vijay Nagar,mandir ke peeche wali society,22.75513,75.89203,SUCCESS
ORD-241,Indore,Vijay Nagar,mandir ke peeche wali society,22.754969,75.892028,SUCCESS
ORD-242,Indore,Vijay Nagar,society ke piche mandir,22.75455,75.891903,SUCCESS
ORD-243,Indore,Vijay Nagar,mandir ke paas wali society,22.754739,75.892009,SUCCESS
ORD-244,Indore,Vijay Nagar,mandir ke peeche wali society,22.755134,75.891929,SUCCESS
ORD-245,Indore,Vijay Nagar,mandir ke paas wali society,22.754746,75.891629,SUCCESS
ORD-246,Indore,Vijay Nagar,society ke piche mandir,22.754642,75.892031,SUCCESS
ORD-247,Indore,Vijay Nagar,mandir ke peeche wali society,22.754667,75.891755,SUCCESS
ORD-248,Indore,Vijay Nagar,society ke piche mandir,22.75515,75.892141,SUCCESS
ORD-249,Indore,Vijay Nagar,temple behind apartments,22.754745,75.892154,SUCCESS
ORD-250,Indore,Vijay Nagar,temple behind apartments,22.754968,75.891905,SUCCESS
ORD-251,Indore,Vijay Nagar,society ke piche mandir,22.754678,75.891636,SUCCESS
ORD-252,Indore,Vijay Nagar,temple behind apartments,22.754799,75.891919,SUCCESS
ORD-253,Indore,Vijay Nagar,mandir ke paas wali society,22.754991,75.892095,SUCCESS
ORD-254,Indore,Vijay Nagar,mandir ke peeche wali society,22.754502,75.891697,SUCCESS
ORD-255,Indore,Vijay Nagar,society ke piche mandir,22.755082,75.891542,SUCCESS
ORD-256,Indore,Vijay Nagar,mandir ke paas wali society,22.754877,75.891956,SUCCESS
ORD-257,Indore,Vijay Nagar,temple behind apartments,22.754751,75.892025,SUCCESS
ORD-258,Indore,Vijay Nagar,mandir ke peeche wali society,22.754793,75.892046,SUCCESS
ORD-259,Indore,Vijay Nagar,mandir ke peeche wali society,22.754642,75.892048,SUCCESS
ORD-260,Indore,Vijay Nagar,mandir ke peeche wali society,22.754825,75.891967,SUCCESS
ORD-261,Indore,Vijay Nagar,mandir ke peeche wali society,22.754714,75.891514,SUCCESS
ORD-262,Indore,Vijay Nagar,temple behind apartments,22.755201,75.891892,SUCCESS
ORD-263,Indore,Vijay Nagar,mandir ke peeche wali society,22.754463,75.891778,SUCCESS
ORD-264,Indore,Vijay Nagar,mandir ke paas wali society,22.754529,75.891745,SUCCESS
ORD-265,Indore,Vijay Nagar,mandir ke peeche wali society,22.755014,75.891942,SUCCESS
ORD-266,Indore,Vijay Nagar,society ke piche mandir,22.754405,75.891732,SUCCESS
ORD-267,Indore,Vijay Nagar,society ke piche mandir,22.755001,75.891597,SUCCESS
ORD-268,Indore,Vijay Nagar,society ke piche mandir,22.754942,75.892213,SUCCESS
ORD-269,Indore,Vijay Nagar,temple behind apartments,22.754971,75.891865,SUCCESS
ORD-270,Indore,Vijay Nagar,chemist shop near house,22.752381,75.89562,SUCCESS
ORD-271,Indore,Vijay Nagar,chemist shop near house,22.75211,75.895085,SUCCESS
ORD-272,Indore,Vijay Nagar,chemist shop near house,22.751697,75.895481,SUCCESS
ORD-273,Indore,Vijay Nagar,medical store ke paas,22.752472,75.895046,SUCCESS
ORD-274,Indore,Vijay Nagar,dawai ki dukaan ke pass,22.752203,75.894975,SUCCESS
ORD-275,Indore,Vijay Nagar,dawai ki dukaan ke pass,22.752226,75.895164,SUCCESS
ORD-276,Indore,Vijay Nagar,dawai ki dukaan ke pass,22.751779,75.895556,SUCCESS
ORD-277,Indore,Vijay Nagar,dawai ki dukaan ke pass,22.751998,75.894895,SUCCESS
ORD-278,Indore,Vijay Nagar,medical store ke paas,22.751704,75.895078,SUCCESS
ORD-279,Indore,Vijay Nagar,medical store ke paas,22.752476,75.89531,SUCCESS
ORD-280,Indore,Vijay Nagar,medical store ke paas,22.751705,75.895278,SUCCESS
ORD-281,Indore,Vijay Nagar,dawai ki dukaan ke pass,22.752257,75.8949,SUCCESS
ORD-282,Indore,Vijay Nagar,medical store ke paas,22.751953,75.895065,SUCCESS
ORD-283,Indore,Vijay Nagar,medical store ke paas,22.752133,75.894966,SUCCESS
ORD-284,Indore,Vijay Nagar,dawai ki dukaan ke pass,22.752126,75.895382,SUCCESS
ORD-285,Indore,Vijay Nagar,chemist shop near house,22.752431,75.895092,SUCCESS
ORD-286,Indore,Vijay Nagar,chemist shop near house,22.752101,75.895375,SUCCESS
ORD-287,Indore,Vijay Nagar,medical store ke paas,22.752464,75.895422,SUCCESS
ORD-288,Indore,Vijay Nagar,chemist shop near house,22.752121,75.895177,SUCCESS
ORD-289,Indore,Vijay Nagar,chemist shop near house,22.752502,75.894903,SUCCESS
ORD-290,Indore,Vijay Nagar,dawai ki dukaan ke pass,22.752038,75.894948,SUCCESS
ORD-291,Indore,Vijay Nagar,chemist shop near house,22.752481,75.89559,SUCCESS
ORD-292,Indore,Vijay Nagar,medical store ke paas,22.752487,75.895196,SUCCESS
ORD-293,Indore,Vijay Nagar,dawai ki dukaan ke pass,22.751741,75.895525,SUCCESS
ORD-294,Indore,Vijay Nagar,chemist shop near house,22.752397,75.895436,SUCCESS
ORD-295,Indore,Vijay Nagar,medical store ke paas,22.752023,75.895472,SUCCESS
ORD-296,Indore,Vijay Nagar,dawai ki dukaan ke pass,22.751697,75.895426,SUCCESS
ORD-297,Indore,Vijay Nagar,medical store ke paas,22.752195,75.894956,SUCCESS
ORD-298,Indore,Vijay Nagar,chemist shop near house,22.751756,75.895565,SUCCESS
ORD-299,Indore,Vijay Nagar,chemist shop near house,22.751818,75.895604,SUCCESS
ORD-300,Indore,Vijay Nagar,medical store ke paas,22.752483,75.895095,SUCCESS
ORD-301,Indore,Vijay Nagar,medical store ke paas,22.752229,75.895455,SUCCESS
ORD-302,Indore,Vijay Nagar,dawai ki dukaan ke pass,22.752287,75.895441,SUCCESS
ORD-303,Indore,Vijay Nagar,dawai ki dukaan ke pass,22.752452,75.894987,SUCCESS
ORD-304,Indore,Vijay Nagar,chemist shop near house,22.751827,75.895141,SUCCESS
ORD-305,Indore,Vijay Nagar,medical store ke paas,22.751724,75.895391,SUCCESS
ORD-306,Indore,Vijay Nagar,medical store ke paas,22.75246,75.895484,SUCCESS
ORD-307,Indore,Vijay Nagar,dawai ki dukaan ke pass,22.751913,75.89491,SUCCESS
ORD-308,Indore,Vijay Nagar,chemist shop near house,22.752015,75.895589,SUCCESS
ORD-309,Indore,Vijay Nagar,chemist shop near house,22.752015,75.895613,SUCCESS
ORD-310,Indore,Vijay Nagar,medical store ke paas,22.751847,75.895008,SUCCESS
ORD-311,Indore,Vijay Nagar,medical store ke paas,22.751974,75.89559,SUCCESS
ORD-312,Indore,Vijay Nagar,chemist shop near house,22.752229,75.8957,SUCCESS
ORD-313,Indore,Vijay Nagar,medical store ke paas,22.752091,75.895162,SUCCESS
ORD-314,Indore,Vijay Nagar,medical store ke paas,22.752099,75.894986,SUCCESS
ORD-315,Indore,Vijay Nagar,chemist shop near house,22.752112,75.894922,SUCCESS
ORD-316,Indore,Vijay Nagar,dawai ki dukaan ke pass,22.751713,75.895162,SUCCESS
ORD-317,Indore,Vijay Nagar,chemist shop near house,22.751799,75.895453,SUCCESS
ORD-318,Indore,Vijay Nagar,medical store ke paas,22.751739,75.895335,SUCCESS
ORD-319,Indore,Vijay Nagar,medical store ke paas,22.751858,75.895003,SUCCESS
ORD-320,Indore,Vijay Nagar,dawai ki dukaan ke pass,22.752219,75.894955,SUCCESS
ORD-321,Indore,Vijay Nagar,dawai ki dukaan ke pass,22.751848,75.894896,SUCCESS
ORD-322,Indore,Vijay Nagar,medical store ke paas,22.752444,75.895081,SUCCESS
ORD-323,Indore,Vijay Nagar,dawai ki dukaan ke pass,22.752252,75.895553,SUCCESS
ORD-324,Indore,Vijay Nagar,medical store ke paas,22.752077,75.895347,SUCCESS
ORD-325,Indore,Vijay Nagar,chemist shop near house,22.752046,75.895615,SUCCESS
ORD-326,Indore,Vijay Nagar,medical store ke paas,22.752271,75.895474,SUCCESS
ORD-327,Indore,Vijay Nagar,medical store ke paas,22.7517,75.895272,SUCCESS
ORD-328,Indore,Vijay Nagar,dawai ki dukaan ke pass,22.752038,75.895103,SUCCESS
ORD-329,Indore,Vijay Nagar,medical store ke paas,22.751907,75.895442,SUCCESS
ORD-330,Indore,Vijay Nagar,chemist shop near house,22.751995,75.89548,SUCCESS
ORD-331,Indore,Vijay Nagar,medical store ke paas,22.752399,75.894957,SUCCESS
ORD-332,Indore,Vijay Nagar,medical store ke paas,22.751713,75.895108,SUCCESS
ORD-333,Indore,Vijay Nagar,chemist shop near house,22.751879,75.894987,SUCCESS
ORD-334,Indore,Vijay Nagar,chemist shop near house,22.751737,75.894991,SUCCESS
ORD-335,Indore,Vijay Nagar,dawai ki dukaan ke pass,22.752148,75.89519,SUCCESS
ORD-336,Indore,Vijay Nagar,dawai ki dukaan ke pass,22.752206,75.894996,SUCCESS
ORD-337,Indore,Vijay Nagar,medical store ke paas,22.751726,75.895031,SUCCESS
ORD-338,Indore,Vijay Nagar,dawai ki dukaan ke pass,22.752483,75.895529,SUCCESS
ORD-339,Indore,Vijay Nagar,dawai ki dukaan ke pass,22.752312,75.89525,SUCCESS
ORD-340,Indore,Vijay Nagar,chemist shop near house,22.752371,75.895649,SUCCESS
ORD-341,Indore,Vijay Nagar,dawai ki dukaan ke pass,22.752344,75.895243,SUCCESS
ORD-342,Indore,Vijay Nagar,dawai ki dukaan ke pass,22.751884,75.895301,SUCCESS
ORD-343,Indore,Vijay Nagar,medical store ke paas,22.752308,75.894902,SUCCESS
ORD-344,Indore,Vijay Nagar,chemist shop near house,22.752222,75.895472,SUCCESS
ORD-345,Indore,Vijay Nagar,dawai ki dukaan ke pass,22.751967,75.895275,SUCCESS
ORD-346,Indore,Vijay Nagar,medical store ke paas,22.751839,75.895391,SUCCESS
ORD-347,Indore,Vijay Nagar,dawai ki dukaan ke pass,22.751697,75.894922,SUCCESS
ORD-348,Indore,Vijay Nagar,dawai ki dukaan ke pass,22.751837,75.894896,SUCCESS
ORD-349,Indore,Vijay Nagar,dawai ki dukaan ke pass,22.752035,75.894967,SUCCESS
ORD-350,Indore,Vijay Nagar,dawai ki dukaan ke pass,22.752421,75.895181,SUCCESS
ORD-351,Indore,Vijay Nagar,medical store ke paas,22.752363,75.894959,SUCCESS
ORD-352,Indore,Vijay Nagar,chemist shop near house,22.751789,75.8953,SUCCESS
ORD-353,Indore,Vijay Nagar,dawai ki dukaan ke pass,22.751863,75.895013,SUCCESS
ORD-354,Indore,Vijay Nagar,medical store ke paas,22.751999,75.895145,SUCCESS
ORD-355,Indore,Vijay Nagar,medical store ke paas,22.752215,75.8951,SUCCESS
ORD-356,Indore,Vijay Nagar,chemist shop near house,22.751937,75.894911,SUCCESS
ORD-357,Indore,Vijay Nagar,dawai ki dukaan ke pass,22.752128,75.895048,SUCCESS
ORD-358,Indore,Vijay Nagar,medical store ke paas,22.751878,75.895105,SUCCESS
ORD-359,Indore,Vijay Nagar,medical store ke paas,22.75192,75.89559,SUCCESS
ORD-360,Indore,Vijay Nagar,dawai ki dukaan ke pass,22.751983,75.895325,SUCCESS
ORD-361,Indore,Vijay Nagar,chemist shop near house,22.752469,75.895267,SUCCESS
ORD-362,Indore,Vijay Nagar,chemist shop near house,22.752348,75.895687,SUCCESS
ORD-363,Indore,Vijay Nagar,chemist shop near house,22.752504,75.895058,SUCCESS
ORD-364,Indore,Vijay Nagar,dawai ki dukaan ke pass,22.752283,75.895697,SUCCESS
ORD-365,Indore,Vijay Nagar,dawai ki dukaan ke pass,22.752451,75.895232,SUCCESS
ORD-366,Indore,Vijay Nagar,medical store ke paas,22.75193,75.895386,SUCCESS
ORD-367,Indore,Vijay Nagar,dawai ki dukaan ke pass,22.752334,75.895004,SUCCESS
ORD-368,Indore,Vijay Nagar,medical store ke paas,22.75177,75.895704,SUCCESS
ORD-369,Indore,Vijay Nagar,medical store ke paas,22.752457,75.894906,SUCCESS
ORD-370,Indore,Vijay Nagar,chemist shop near house,22.752442,75.895471,SUCCESS
ORD-371,Indore,Vijay Nagar,medical store ke paas,22.752419,75.894977,SUCCESS
ORD-372,Indore,Vijay Nagar,medical store ke paas,22.75238,75.894935,SUCCESS
ORD-373,Indore,Vijay Nagar,medical store ke paas,22.752026,75.895116,SUCCESS
ORD-374,Indore,Vijay Nagar,medical store ke paas,22.751928,75.89523,SUCCESS
ORD-375,Indore,Vijay Nagar,dawai ki dukaan ke pass,22.75199,75.895445,SUCCESS
ORD-376,Indore,Vijay Nagar,dawai ki dukaan ke pass,22.752241,75.895074,SUCCESS
ORD-377,Indore,Vijay Nagar,dawai ki dukaan ke pass,22.752129,75.895031,SUCCESS
ORD-378,Indore,Vijay Nagar,medical store ke paas,22.752124,75.895561,SUCCESS
ORD-379,Indore,Vijay Nagar,medical store ke paas,22.752214,75.895364,SUCCESS
ORD-380,Indore,Vijay Nagar,dawai ki dukaan ke pass,22.751723,75.895461,SUCCESS
ORD-381,Indore,Vijay Nagar,chemist shop near house,22.752215,75.895344,SUCCESS
ORD-382,Indore,Vijay Nagar,chemist shop near house,22.752293,75.895502,SUCCESS
ORD-383,Indore,Vijay Nagar,chemist shop near house,22.75185,75.895497,SUCCESS
ORD-384,Indore,Vijay Nagar,dawai ki dukaan ke pass,22.752359,75.894955,SUCCESS
ORD-385,Indore,Vijay Nagar,medical store ke paas,22.751812,75.895204,SUCCESS
ORD-386,Indore,Vijay Nagar,dawai ki dukaan ke pass,22.751914,75.895515,SUCCESS
ORD-387,Indore,Vijay Nagar,dawai ki dukaan ke pass,22.751918,75.895451,SUCCESS
ORD-388,Indore,Vijay Nagar,medical store ke paas,22.75244,75.895139,SUCCESS
ORD-389,Indore,Vijay Nagar,dawai ki dukaan ke pass,22.752248,75.895478,SUCCESS
ORD-390,Indore,Vijay Nagar,dawai ki dukaan ke pass,22.751754,75.89511,SUCCESS
ORD-391,Indore,Vijay Nagar,dawai ki dukaan ke pass,22.752105,75.89538,SUCCESS
ORD-392,Indore,Vijay Nagar,medical store ke paas,22.75219,75.895623,SUCCESS
ORD-393,Indore,Vijay Nagar,medical store ke paas,22.751723,75.89538,SUCCESS
ORD-394,Indore,Vijay Nagar,chemist shop near house,22.751998,75.895067,SUCCESS
ORD-395,Indore,Vijay Nagar,chemist shop near house,22.751787,75.895518,SUCCESS
ORD-396,Indore,Vijay Nagar,dawai ki dukaan ke pass,22.751798,75.89568,SUCCESS
ORD-397,Indore,Vijay Nagar,medical store ke paas,22.751925,75.895659,SUCCESS
ORD-398,Indore,Vijay Nagar,dawai ki dukaan ke pass,22.751779,75.894982,SUCCESS
ORD-399,Indore,Vijay Nagar,medical store ke paas,22.752439,75.895533,SUCCESS
ORD-400,Indore,Vijay Nagar,chemist shop near house,22.752245,75.895375,SUCCESS
ORD-401,Indore,Vijay Nagar,dawai ki dukaan ke pass,22.752394,75.895366,SUCCESS
ORD-402,Indore,Vijay Nagar,chemist shop near house,22.75205,75.894909,SUCCESS
ORD-403,Indore,Vijay Nagar,medical store ke paas,22.751969,75.895349,SUCCESS
ORD-404,Indore,Vijay Nagar,chemist shop near house,22.752173,75.895407,SUCCESS
ORD-405,Indore,Vijay Nagar,medical store ke paas,22.751828,75.895433,SUCCESS
ORD-406,Indore,Vijay Nagar,medical store ke paas,22.752003,75.895605,SUCCESS
ORD-407,Indore,Vijay Nagar,dawai ki dukaan ke pass,22.751795,75.895552,SUCCESS
ORD-408,Indore,Vijay Nagar,dawai ki dukaan ke pass,22.751711,75.895051,SUCCESS
ORD-409,Indore,Vijay Nagar,medical store ke paas,22.751833,75.8953,SUCCESS
ORD-410,Indore,Vijay Nagar,dawai ki dukaan ke pass,22.751876,75.895443,SUCCESS
ORD-411,Indore,Vijay Nagar,medical store ke paas,22.752368,75.895064,SUCCESS
ORD-412,Indore,Vijay Nagar,chemist shop near house,22.752227,75.8951,SUCCESS
ORD-413,Indore,Vijay Nagar,dawai ki dukaan ke pass,22.751886,75.895607,SUCCESS
ORD-414,Indore,Vijay Nagar,school ke samne house,22.751266,75.89418,SUCCESS
ORD-415,Indore,Vijay Nagar,school ke samne wali gali,22.751526,75.89414,SUCCESS
ORD-416,Indore,Vijay Nagar,opposite school lane,22.751,75.894161,SUCCESS
ORD-417,Indore,Vijay Nagar,opposite school lane,22.751115,75.894068,SUCCESS
ORD-418,Indore,Vijay Nagar,school ke samne wali gali,22.751783,75.894202,SUCCESS
ORD-419,Indore,Vijay Nagar,school ke samne wali gali,22.751759,75.893953,SUCCESS
ORD-420,Indore,Vijay Nagar,school ke samne house,22.751485,75.894233,SUCCESS
ORD-421,Indore,Vijay Nagar,school ke samne wali gali,22.751224,75.89412,SUCCESS
ORD-422,Indore,Vijay Nagar,opposite school lane,22.75115,75.89388,SUCCESS
ORD-423,Indore,Vijay Nagar,school ke samne wali gali,22.75166,75.89417,SUCCESS
ORD-424,Indore,Vijay Nagar,opposite school lane,22.751799,75.894477,SUCCESS
ORD-425,Indore,Vijay Nagar,opposite school lane,22.751686,75.893791,SUCCESS
ORD-426,Indore,Vijay Nagar,school ke samne wali gali,22.751721,75.894073,SUCCESS
ORD-427,Indore,Vijay Nagar,opposite school lane,22.751755,75.89375,SUCCESS
ORD-428,Indore,Vijay Nagar,school ke samne wali gali,22.751428,75.894161,SUCCESS
ORD-429,Indore,Vijay Nagar,school ke samne house,22.751638,75.893748,SUCCESS
ORD-430,Indore,Vijay Nagar,school ke samne wali gali,22.751605,75.893775,SUCCESS
ORD-431,Indore,Vijay Nagar,opposite school lane,22.751598,75.89414,SUCCESS
ORD-432,Indore,Vijay Nagar,school ke samne wali gali,22.751721,75.894014,SUCCESS
ORD-433,Indore,Vijay Nagar,school ke samne wali gali,22.751386,75.894237,SUCCESS
ORD-434,Indore,Vijay Nagar,school ke samne wali gali,22.751742,75.893997,SUCCESS
ORD-435,Indore,Vijay Nagar,school ke samne house,22.751078,75.893836,SUCCESS
ORD-436,Indore,Vijay Nagar,school ke samne wali gali,22.751364,75.894505,SUCCESS
ORD-437,Indore,Vijay Nagar,school ke samne wali gali,22.751607,75.893984,SUCCESS
ORD-438,Indore,Vijay Nagar,opposite school lane,22.751584,75.894268,SUCCESS
ORD-439,Indore,Vijay Nagar,school ke samne wali gali,22.751349,75.893715,SUCCESS
ORD-440,Indore,Vijay Nagar,school ke samne wali gali,22.751461,75.894378,SUCCESS
ORD-441,Indore,Vijay Nagar,school ke samne house,22.751804,75.894032,SUCCESS
ORD-442,Indore,Vijay Nagar,school ke samne wali gali,22.75122,75.894402,SUCCESS
ORD-443,Indore,Vijay Nagar,school ke samne house,22.751234,75.89434,SUCCESS
ORD-444,Indore,Vijay Nagar,school ke samne house,22.751769,75.894053,SUCCESS
ORD-445,Indore,Vijay Nagar,school ke samne wali gali,22.75155,75.89411,SUCCESS
ORD-446,Indore,Vijay Nagar,opposite school lane,22.751778,75.893707,SUCCESS
ORD-447,Indore,Vijay Nagar,school ke samne wali gali,22.751052,75.894483,SUCCESS
ORD-448,Indore,Vijay Nagar,school ke samne wali gali,22.751542,75.8937,SUCCESS
ORD-449,Indore,Vijay Nagar,school ke samne house,22.751775,75.89435,SUCCESS
ORD-450,Indore,Vijay Nagar,opposite school lane,22.751201,75.894131,SUCCESS
ORD-451,Indore,Vijay Nagar,school ke samne house,22.751359,75.893879,SUCCESS
ORD-452,Indore,Vijay Nagar,opposite school lane,22.751223,75.894327,SUCCESS
ORD-453,Indore,Vijay Nagar,opposite school lane,22.751323,75.89404,SUCCESS
ORD-454,Indore,Vijay Nagar,school ke samne wali gali,22.751167,75.893993,SUCCESS
ORD-455,Indore,Vijay Nagar,opposite school lane,22.751085,75.894251,SUCCESS
ORD-456,Indore,Vijay Nagar,school ke samne wali gali,22.75143,75.89414,SUCCESS
ORD-457,Indore,Vijay Nagar,school ke samne house,22.751804,75.893936,SUCCESS
ORD-458,Indore,Vijay Nagar,school ke samne wali gali,22.751516,75.893985,SUCCESS
ORD-459,Indore,Vijay Nagar,school ke samne house,22.751718,75.894314,SUCCESS
ORD-460,Indore,Vijay Nagar,opposite school lane,22.751529,75.894505,SUCCESS
ORD-461,Indore,Vijay Nagar,school ke samne wali gali,22.751563,75.894412,SUCCESS
ORD-462,Indore,Vijay Nagar,school ke samne wali gali,22.751446,75.8938,SUCCESS
ORD-463,Indore,Vijay Nagar,school ke samne house,22.751266,75.893754,SUCCESS
ORD-464,Indore,Vijay Nagar,school ke samne house,22.751786,75.893861,SUCCESS
ORD-465,Indore,Vijay Nagar,school ke samne house,22.751482,75.89393,SUCCESS
ORD-466,Indore,Vijay Nagar,school ke samne house,22.751629,75.893761,SUCCESS
ORD-467,Indore,Vijay Nagar,opposite school lane,22.751269,75.894432,SUCCESS
ORD-468,Indore,Vijay Nagar,school ke samne house,22.751578,75.894129,SUCCESS
ORD-469,Indore,Vijay Nagar,opposite school lane,22.751104,75.894469,SUCCESS
ORD-470,Indore,Vijay Nagar,school ke samne wali gali,22.751156,75.89437,SUCCESS
ORD-471,Indore,Vijay Nagar,school ke samne house,22.751632,75.894498,SUCCESS
ORD-472,Indore,Vijay Nagar,school ke samne wali gali,22.75159,75.893997,SUCCESS
ORD-473,Indore,Vijay Nagar,school ke samne house,22.75125,75.894245,SUCCESS
ORD-474,Indore,Vijay Nagar,school ke samne wali gali,22.750996,75.894499,SUCCESS
ORD-475,Indore,Vijay Nagar,opposite school lane,22.75153,75.894044,SUCCESS
ORD-476,Indore,Vijay Nagar,school ke samne house,22.751691,75.89432,SUCCESS
ORD-477,Indore,Vijay Nagar,school ke samne house,22.751091,75.894155,SUCCESS
ORD-478,Indore,Vijay Nagar,opposite school lane,22.751153,75.893727,SUCCESS
ORD-479,Indore,Vijay Nagar,school ke samne house,22.751256,75.894005,SUCCESS
ORD-480,Indore,Vijay Nagar,school ke samne house,22.751212,75.893788,SUCCESS
ORD-481,Indore,Vijay Nagar,school ke samne house,22.75167,75.894138,SUCCESS
ORD-482,Indore,Vijay Nagar,opposite school lane,22.751292,75.894097,SUCCESS
ORD-483,Indore,Vijay Nagar,school ke samne house,22.751684,75.894332,SUCCESS
ORD-484,Indore,Vijay Nagar,opposite school lane,22.751482,75.893906,SUCCESS
ORD-485,Indore,Vijay Nagar,opposite school lane,22.751143,75.894233,SUCCESS
ORD-486,Indore,Vijay Nagar,school ke samne wali gali,22.751086,75.894317,SUCCESS
ORD-487,Indore,Vijay Nagar,school ke samne house,22.751655,75.894018,SUCCESS
ORD-488,Indore,Vijay Nagar,school ke samne house,22.751578,75.893936,SUCCESS
ORD-489,Indore,Vijay Nagar,school ke samne house,22.751784,75.894355,SUCCESS
ORD-490,Indore,Vijay Nagar,school ke samne wali gali,22.751612,75.894021,SUCCESS
ORD-491,Indore,Vijay Nagar,opposite school lane,22.751771,75.894357,SUCCESS
ORD-492,Indore,Vijay Nagar,opposite school lane,22.751706,75.893805,SUCCESS
ORD-493,Indore,Vijay Nagar,school ke samne house,22.751052,75.894266,SUCCESS
ORD-494,Indore,Vijay Nagar,school ke samne house,22.751724,75.894222,SUCCESS
ORD-495,Indore,Vijay Nagar,school ke samne wali gali,22.751706,75.893764,SUCCESS
ORD-496,Indore,Vijay Nagar,opposite school lane,22.75111,75.893901,SUCCESS
ORD-497,Indore,Vijay Nagar,school ke samne wali gali,22.751612,75.894064,SUCCESS
ORD-498,Indore,Vijay Nagar,school ke samne house,22.751378,75.894182,SUCCESS
ORD-499,Indore,Vijay Nagar,school ke samne wali gali,22.751462,75.894088,SUCCESS
ORD-500,Indore,Vijay Nagar,school ke samne house,22.75109,75.894057,SUCCESS
ORD-501,Indore,Vijay Nagar,school ke samne wali gali,22.751774,75.894192,SUCCESS
ORD-502,Indore,Vijay Nagar,school ke samne wali gali,22.751258,75.893722,SUCCESS
ORD-503,Indore,Vijay Nagar,opposite school lane,22.751089,75.893754,SUCCESS
ORD-504,Indore,Vijay Nagar,school ke samne wali gali,22.75103,75.894318,SUCCESS
ORD-505,Indore,Vijay Nagar,school ke samne house,22.751297,75.893903,SUCCESS
ORD-506,Indore,Vijay Nagar,opposite school lane,22.75161,75.894263,SUCCESS
ORD-507,Indore,Vijay Nagar,school ke samne wali gali,22.751056,75.894176,SUCCESS
ORD-508,Indore,Vijay Nagar,school ke samne wali gali,22.751332,75.894238,SUCCESS
ORD-509,Indore,Vijay Nagar,school ke samne wali gali,22.751357,75.894265,SUCCESS
ORD-510,Indore,Vijay Nagar,opposite school lane,22.751203,75.89449,SUCCESS
ORD-511,Indore,Vijay Nagar,school ke samne wali gali,22.751246,75.893837,SUCCESS
ORD-512,Indore,Vijay Nagar,school ke samne house,22.751478,75.894,SUCCESS
ORD-513,Indore,Vijay Nagar,school ke samne wali gali,22.751632,75.894194,SUCCESS
ORD-514,Indore,Vijay Nagar,school ke samne wali gali,22.751582,75.894346,SUCCESS
ORD-515,Indore,Vijay Nagar,school ke samne house,22.751616,75.893769,SUCCESS
ORD-516,Indore,Vijay Nagar,opposite school lane,22.751435,75.893745,SUCCESS
ORD-517,Indore,Vijay Nagar,opposite school lane,22.751804,75.893982,SUCCESS
ORD-518,Indore,Vijay Nagar,school ke samne house,22.751658,75.894171,SUCCESS
ORD-519,Indore,Vijay Nagar,school ke samne wali gali,22.751612,75.894375,SUCCESS
ORD-520,Indore,Vijay Nagar,school ke samne wali gali,22.751279,75.894227,SUCCESS
ORD-521,Indore,Vijay Nagar,school ke samne wali gali,22.751039,75.894194,SUCCESS
ORD-522,Indore,Vijay Nagar,school ke samne wali gali,22.751657,75.894316,SUCCESS
ORD-523,Indore,Vijay Nagar,opposite school lane,22.75134,75.894338,SUCCESS
ORD-524,Indore,Vijay Nagar,school ke samne house,22.751205,75.893855,SUCCESS
ORD-525,Indore,Vijay Nagar,school ke samne house,22.751142,75.894342,SUCCESS
ORD-526,Indore,Vijay Nagar,school ke samne wali gali,22.75121,75.894038,SUCCESS
ORD-527,Indore,Vijay Nagar,opposite school lane,22.751474,75.894402,SUCCESS
ORD-528,Indore,Vijay Nagar,school ke samne wali gali,22.751216,75.894169,SUCCESS
ORD-529,Indore,Vijay Nagar,opposite school lane,22.75155,75.893718,SUCCESS
ORD-530,Indore,Vijay Nagar,opposite school lane,22.751044,75.894161,SUCCESS
ORD-531,Indore,Vijay Nagar,opposite school lane,22.751413,75.894385,SUCCESS
ORD-532,Indore,Vijay Nagar,opposite school lane,22.751723,75.894205,SUCCESS
ORD-533,Indore,Vijay Nagar,opposite school lane,22.751166,75.89446,SUCCESS
ORD-534,Indore,Vijay Nagar,opposite school lane,22.751183,75.894098,SUCCESS
ORD-535,Indore,Vijay Nagar,opposite school lane,22.751451,75.894485,SUCCESS
ORD-536,Indore,Vijay Nagar,school ke samne wali gali,22.751304,75.894006,SUCCESS
ORD-537,Indore,Vijay Nagar,opposite school lane,22.751496,75.894436,SUCCESS
ORD-538,Indore,Vijay Nagar,school ke samne house,22.75125,75.893834,SUCCESS
ORD-539,Indore,Vijay Nagar,opposite school lane,22.751701,75.894254,SUCCESS
ORD-540,Indore,Vijay Nagar,school ke samne wali gali,22.751231,75.89385,SUCCESS
ORD-541,Indore,Vijay Nagar,near city bus stand,22.753829,75.892611,SUCCESS
ORD-542,Indore,Vijay Nagar,bus stand ke bagal,22.753984,75.892251,SUCCESS
ORD-543,Indore,Vijay Nagar,bus stand ke bagal,22.754242,75.892284,SUCCESS
ORD-544,Indore,Vijay Nagar,bus stop ke paas,22.754154,75.892449,SUCCESS
ORD-545,Indore,Vijay Nagar,bus stop ke paas,22.754389,75.892366,SUCCESS
ORD-546,Indore,Vijay Nagar,bus stand ke bagal,22.75396,75.892499,SUCCESS
ORD-547,Indore,Vijay Nagar,bus stop ke paas,22.753798,75.892969,SUCCESS
ORD-548,Indore,Vijay Nagar,bus stop ke paas,22.753876,75.892367,SUCCESS
ORD-549,Indore,Vijay Nagar,bus stand ke bagal,22.754223,75.89283,SUCCESS
ORD-550,Indore,Vijay Nagar,near city bus stand,22.754102,75.892837,SUCCESS
ORD-551,Indore,Vijay Nagar,bus stand ke bagal,22.754441,75.892923,SUCCESS
ORD-552,Indore,Vijay Nagar,bus stop ke paas,22.753874,75.892503,SUCCESS
ORD-553,Indore,Vijay Nagar,bus stand ke bagal,22.754109,75.892822,SUCCESS
ORD-554,Indore,Vijay Nagar,near city bus stand,22.754338,75.892718,SUCCESS
ORD-555,Indore,Vijay Nagar,bus stop ke paas,22.754273,75.892442,SUCCESS
ORD-556,Indore,Vijay Nagar,near city bus stand,22.753861,75.892501,SUCCESS
ORD-557,Indore,Vijay Nagar,bus stop ke paas,22.753727,75.892551,SUCCESS
ORD-558,Indore,Vijay Nagar,bus stand ke bagal,22.753765,75.89249,SUCCESS
ORD-559,Indore,Vijay Nagar,bus stand ke bagal,22.754467,75.89245,SUCCESS
ORD-560,Indore,Vijay Nagar,bus stop ke paas,22.754486,75.89277,SUCCESS
ORD-561,Indore,Vijay Nagar,bus stand ke bagal,22.754251,75.892387,SUCCESS
ORD-562,Indore,Vijay Nagar,bus stop ke paas,22.75418,75.893002,SUCCESS
ORD-563,Indore,Vijay Nagar,bus stand ke bagal,22.754324,75.892858,SUCCESS
ORD-564,Indore,Vijay Nagar,bus stand ke bagal,22.754225,75.892242,SUCCESS
ORD-565,Indore,Vijay Nagar,bus stand ke bagal,22.754356,75.892835,SUCCESS
ORD-566,Indore,Vijay Nagar,bus stand ke bagal,22.754071,75.892307,SUCCESS
ORD-567,Indore,Vijay Nagar,near city bus stand,22.754467,75.892859,SUCCESS
ORD-568,Indore,Vijay Nagar,near city bus stand,22.754194,75.892302,SUCCESS
ORD-569,Indore,Vijay Nagar,bus stand ke bagal,22.753806,75.892683,SUCCESS
ORD-570,Indore,Vijay Nagar,bus stand ke bagal,22.75412,75.892953,SUCCESS
ORD-571,Indore,Vijay Nagar,near city bus stand,22.754052,75.892366,SUCCESS
ORD-572,Indore,Vijay Nagar,near city bus stand,22.7538,75.89221,SUCCESS
ORD-573,Indore,Vijay Nagar,bus stop ke paas,22.753898,75.892958,SUCCESS
ORD-574,Indore,Vijay Nagar,bus stop ke paas,22.754319,75.89248,SUCCESS
ORD-575,Indore,Vijay Nagar,bus stand ke bagal,22.754368,75.892958,SUCCESS
ORD-576,Indore,Vijay Nagar,near city bus stand,22.753832,75.892755,SUCCESS
ORD-577,Indore,Vijay Nagar,near city bus stand,22.754503,75.892764,SUCCESS
ORD-578,Indore,Vijay Nagar,bus stand ke bagal,22.754138,75.892379,SUCCESS
ORD-579,Indore,Vijay Nagar,bus stand ke bagal,22.753855,75.892942,SUCCESS
ORD-580,Indore,Vijay Nagar,near city bus stand,22.753722,75.892298,SUCCESS
ORD-581,Indore,Vijay Nagar,bus stand ke bagal,22.753899,75.892207,SUCCESS
ORD-582,Indore,Vijay Nagar,bus stop ke paas,22.753971,75.892849,SUCCESS
ORD-583,Indore,Vijay Nagar,near city bus stand,22.753746,75.8925,SUCCESS
ORD-584,Indore,Vijay Nagar,near city bus stand,22.754381,75.892643,SUCCESS
ORD-585,Indore,Vijay Nagar,bus stand ke bagal,22.753773,75.892609,SUCCESS
ORD-586,Indore,Vijay Nagar,bus stop ke paas,22.753883,75.892473,SUCCESS
ORD-587,Indore,Vijay Nagar,bus stop ke paas,22.754328,75.892779,SUCCESS
ORD-588,Indore,Vijay Nagar,bus stand ke bagal,22.753938,75.89265,SUCCESS
ORD-589,Indore,Vijay Nagar,near city bus stand,22.753911,75.892998,SUCCESS
ORD-590,Indore,Vijay Nagar,near city bus stand,22.7543,75.89257,SUCCESS
ORD-591,Indore,Vijay Nagar,near city bus stand,22.754262,75.892289,SUCCESS
ORD-592,Indore,Vijay Nagar,near city bus stand,22.753955,75.892881,SUCCESS
ORD-593,Indore,Vijay Nagar,bus stop ke paas,22.754336,75.892604,SUCCESS
ORD-594,Indore,Vijay Nagar,bus stop ke paas,22.75378,75.892924,SUCCESS
ORD-595,Indore,Vijay Nagar,bus stop ke paas,22.753878,75.892406,SUCCESS
ORD-596,Indore,Vijay Nagar,near city bus stand,22.754085,75.892222,SUCCESS
ORD-597,Indore,Vijay Nagar,bus stop ke paas,22.754392,75.892749,SUCCESS
ORD-598,Indore,Vijay Nagar,bus stop ke paas,22.754478,75.892262,SUCCESS
ORD-599,Indore,Vijay Nagar,bus stand ke bagal,22.753996,75.892736,SUCCESS
ORD-600,Indore,Vijay Nagar,bus stop ke paas,22.754301,75.89248,SUCCESS
ORD-601,Indore,Vijay Nagar,bus stop ke paas,22.753783,75.892287,SUCCESS
ORD-602,Indore,Vijay Nagar,bus stand ke bagal,22.753958,75.892507,SUCCESS
ORD-603,Indore,Vijay Nagar,bus stand ke bagal,22.75427,75.892306,SUCCESS
ORD-604,Indore,Vijay Nagar,near city bus stand,22.754274,75.892433,SUCCESS
ORD-605,Indore,Vijay Nagar,bus stand ke bagal,22.754074,75.892384,SUCCESS
ORD-606,Indore,Vijay Nagar,near city bus stand,22.754194,75.892343,SUCCESS
ORD-607,Indore,Vijay Nagar,near city bus stand,22.753843,75.892765,SUCCESS
ORD-608,Indore,Vijay Nagar,bus stop ke paas,22.754449,75.89235,SUCCESS
ORD-609,Indore,Vijay Nagar,near city bus stand,22.754363,75.892502,SUCCESS
ORD-610,Indore,Vijay Nagar,bus stand ke bagal,22.754253,75.892248,SUCCESS
ORD-611,Indore,Vijay Nagar,bus stop ke paas,22.754021,75.892273,SUCCESS
ORD-612,Indore,Vijay Nagar,bus stand ke bagal,22.75374,75.892888,SUCCESS
ORD-613,Indore,Vijay Nagar,near city bus stand,22.753699,75.892947,SUCCESS
ORD-614,Indore,Vijay Nagar,bus stop ke paas,22.754056,75.892357,SUCCESS
ORD-615,Indore,Vijay Nagar,near city bus stand,22.753776,75.892868,SUCCESS
ORD-616,Indore,Vijay Nagar,bus stand ke bagal,22.753988,75.892677,SUCCESS
ORD-617,Indore,Vijay Nagar,bus stand ke bagal,22.754231,75.89239,SUCCESS
ORD-618,Indore,Vijay Nagar,near city bus stand,22.753775,75.892612,SUCCESS
ORD-619,Indore,Vijay Nagar,bus stand ke bagal,22.754152,75.892982,SUCCESS
ORD-620,Indore,Vijay Nagar,bus stand ke bagal,22.754321,75.892199,SUCCESS
ORD-621,Indore,Vijay Nagar,near city bus stand,22.754204,75.892799,SUCCESS
ORD-622,Indore,Vijay Nagar,bus stand ke bagal,22.753765,75.892658,SUCCESS
ORD-623,Indore,Vijay Nagar,bus stand ke bagal,22.754416,75.892716,SUCCESS
ORD-624,Indore,Vijay Nagar,bus stop ke paas,22.754349,75.892221,SUCCESS
ORD-625,Indore,Vijay Nagar,bus stand ke bagal,22.75382,75.892869,SUCCESS
ORD-626,Indore,Vijay Nagar,bus stop ke paas,22.754432,75.892566,SUCCESS
ORD-627,Indore,Vijay Nagar,near city bus stand,22.7541,75.892577,SUCCESS
ORD-628,Indore,Vijay Nagar,bus stand ke bagal,22.753973,75.892349,SUCCESS
ORD-629,Indore,Vijay Nagar,bus stand ke bagal,22.75385,75.892586,SUCCESS
ORD-630,Indore,Vijay Nagar,bus stand ke bagal,22.754409,75.892885,SUCCESS
ORD-631,Indore,Vijay Nagar,bus stand ke bagal,22.754107,75.892364,SUCCESS
ORD-632,Indore,Vijay Nagar,bus stop ke paas,22.754275,75.892564,SUCCESS
ORD-633,Indore,Vijay Nagar,near city bus stand,22.754267,75.892973,SUCCESS
ORD-634,Indore,Vijay Nagar,near city bus stand,22.753839,75.892525,SUCCESS
ORD-635,Indore,Vijay Nagar,near city bus stand,22.753959,75.89269,SUCCESS
ORD-636,Indore,Vijay Nagar,bus stand ke bagal,22.75393,75.892233,SUCCESS
ORD-637,Indore,Vijay Nagar,bus stop ke paas,22.754153,75.892716,SUCCESS
ORD-638,Indore,Vijay Nagar,bus stand ke bagal,22.753778,75.892284,SUCCESS
ORD-639,Indore,Vijay Nagar,bus stand ke bagal,22.753986,75.892396,SUCCESS
ORD-640,Indore,Vijay Nagar,bus stand ke bagal,22.75377,75.892502,SUCCESS
ORD-641,Indore,Vijay Nagar,bus stand ke bagal,22.753905,75.892915,SUCCESS
ORD-642,Indore,Vijay Nagar,bus stand ke bagal,22.754259,75.892673,SUCCESS
ORD-643,Indore,Vijay Nagar,bus stand ke bagal,22.754318,75.892746,SUCCESS
ORD-644,Indore,Vijay Nagar,near city bus stand,22.754452,75.892563,SUCCESS
ORD-645,Indore,Vijay Nagar,near city bus stand,22.753734,75.892309,SUCCESS
ORD-646,Indore,Vijay Nagar,near city bus stand,22.753948,75.892542,SUCCESS
ORD-647,Indore,Vijay Nagar,near city bus stand,22.753935,75.892519,SUCCESS
ORD-648,Indore,Vijay Nagar,near city bus stand,22.754374,75.892766,SUCCESS
ORD-649,Indore,Vijay Nagar,bus stand ke bagal,22.754052,75.892317,SUCCESS
ORD-650,Indore,Vijay Nagar,near city bus stand,22.754134,75.892751,SUCCESS
ORD-651,Indore,Vijay Nagar,bus stop ke paas,22.754182,75.892319,SUCCESS
ORD-652,Indore,Vijay Nagar,bus stop ke paas,22.753819,75.892478,SUCCESS
ORD-653,Indore,Vijay Nagar,bus stop ke paas,22.753813,75.892311,SUCCESS
ORD-654,Indore,Vijay Nagar,bus stop ke paas,22.753858,75.892271,SUCCESS
ORD-655,Indore,Vijay Nagar,near city bus stand,22.753903,75.89267,SUCCESS
ORD-656,Indore,Vijay Nagar,bus stop ke paas,22.754019,75.892662,SUCCESS
ORD-657,Indore,Vijay Nagar,bus stand ke bagal,22.754115,75.89253,SUCCESS
ORD-658,Indore,Vijay Nagar,bus stand ke bagal,22.754484,75.892982,SUCCESS
ORD-659,Indore,Vijay Nagar,near city bus stand,22.753866,75.892742,SUCCESS
ORD-660,Indore,Vijay Nagar,near city bus stand,22.753738,75.892446,SUCCESS
ORD-661,Indore,Vijay Nagar,near city bus stand,22.7537,75.892886,SUCCESS
ORD-662,Indore,Vijay Nagar,bus stand ke bagal,22.753729,75.892985,SUCCESS
ORD-663,Indore,Vijay Nagar,bus stop ke paas,22.753862,75.892593,SUCCESS
ORD-664,Indore,Vijay Nagar,near city bus stand,22.75375,75.892672,SUCCESS
ORD-665,Indore,Vijay Nagar,bus stop ke paas,22.753876,75.892765,SUCCESS
ORD-666,Indore,Vijay Nagar,near city bus stand,22.753802,75.892827,SUCCESS
ORD-667,Indore,Vijay Nagar,bus stop ke paas,22.754461,75.892315,SUCCESS
ORD-668,Indore,Vijay Nagar,near city bus stand,22.753874,75.89256,SUCCESS
ORD-669,Indore,Mahalaxmi Nagar,school ke saamne wali gali,22.74888,75.905389,SUCCESS
ORD-670,Indore,Mahalaxmi Nagar,school ke samne house,22.748573,75.905111,SUCCESS
ORD-671,Indore,Mahalaxmi Nagar,school ke samne house,22.749061,75.905139,SUCCESS
ORD-672,Indore,Mahalaxmi Nagar,school ke samne house,22.748874,75.904841,SUCCESS
ORD-673,Indore,Mahalaxmi Nagar,school ke samne house,22.748691,75.905128,SUCCESS
ORD-674,Indore,Mahalaxmi Nagar,school ke saamne wali gali,22.749045,75.905029,SUCCESS
ORD-675,Indore,Mahalaxmi Nagar,opposite school lane,22.749039,75.905084,SUCCESS
ORD-676,Indore,Mahalaxmi Nagar,school ke saamne wali gali,22.748643,75.904915,SUCCESS
ORD-677,Indore,Mahalaxmi Nagar,school ke samne house,22.748939,75.905264,SUCCESS
ORD-678,Indore,Mahalaxmi Nagar,school ke saamne wali gali,22.749034,75.905287,SUCCESS
ORD-679,Indore,Mahalaxmi Nagar,school ke saamne wali gali,22.749145,75.905278,SUCCESS
ORD-680,Indore,Mahalaxmi Nagar,school ke saamne wali gali,22.748716,75.904964,SUCCESS
ORD-681,Indore,Mahalaxmi Nagar,opposite school lane,22.749147,75.90525,SUCCESS
ORD-682,Indore,Mahalaxmi Nagar,school ke samne house,22.748648,75.905088,SUCCESS
ORD-683,Indore,Mahalaxmi Nagar,school ke samne house,22.749188,75.904976,SUCCESS
ORD-684,Indore,Mahalaxmi Nagar,school ke saamne wali gali,22.749093,75.905411,SUCCESS
ORD-685,Indore,Mahalaxmi Nagar,opposite school lane,22.748636,75.904905,SUCCESS
ORD-686,Indore,Mahalaxmi Nagar,school ke saamne wali gali,22.749269,75.905175,SUCCESS
ORD-687,Indore,Mahalaxmi Nagar,opposite school lane,22.749198,75.905078,SUCCESS
ORD-688,Indore,Mahalaxmi Nagar,school ke samne house,22.749285,75.905401,SUCCESS
ORD-689,Indore,Mahalaxmi Nagar,school ke samne house,22.749012,75.905137,SUCCESS
ORD-690,Indore,Mahalaxmi Nagar,school ke saamne wali gali,22.748878,75.904923,SUCCESS
ORD-691,Indore,Mahalaxmi Nagar,school ke saamne wali gali,22.748735,75.90511,SUCCESS
ORD-692,Indore,Mahalaxmi Nagar,opposite school lane,22.748529,75.905272,SUCCESS
ORD-693,Indore,Mahalaxmi Nagar,school ke samne house,22.748547,75.90557,SUCCESS
ORD-694,Indore,Mahalaxmi Nagar,school ke samne house,22.749098,75.905415,SUCCESS
ORD-695,Indore,Mahalaxmi Nagar,school ke saamne wali gali,22.748781,75.905145,SUCCESS
ORD-696,Indore,Mahalaxmi Nagar,opposite school lane,22.748767,75.905171,SUCCESS
ORD-697,Indore,Mahalaxmi Nagar,school ke saamne wali gali,22.749096,75.905498,SUCCESS
ORD-698,Indore,Mahalaxmi Nagar,school ke samne house,22.748814,75.904931,SUCCESS
ORD-699,Indore,Mahalaxmi Nagar,opposite school lane,22.748512,75.905102,SUCCESS
ORD-700,Indore,Mahalaxmi Nagar,school ke samne house,22.748531,75.904977,SUCCESS
ORD-701,Indore,Mahalaxmi Nagar,school ke samne house,22.74921,75.904915,SUCCESS
ORD-702,Indore,Mahalaxmi Nagar,school ke samne house,22.749013,75.905594,SUCCESS
ORD-703,Indore,Mahalaxmi Nagar,school ke saamne wali gali,22.749297,75.905533,SUCCESS
ORD-704,Indore,Mahalaxmi Nagar,school ke samne house,22.748888,75.904965,SUCCESS
ORD-705,Indore,Mahalaxmi Nagar,school ke saamne wali gali,22.749223,75.905343,SUCCESS
ORD-706,Indore,Mahalaxmi Nagar,opposite school lane,22.749018,75.905371,SUCCESS
ORD-707,Indore,Mahalaxmi Nagar,school ke saamne wali gali,22.74911,75.905008,SUCCESS
ORD-708,Indore,Mahalaxmi Nagar,school ke saamne wali gali,22.748663,75.905059,SUCCESS
ORD-709,Indore,Mahalaxmi Nagar,school ke saamne wali gali,22.749018,75.905525,SUCCESS
ORD-710,Indore,Mahalaxmi Nagar,school ke samne house,22.748628,75.904993,SUCCESS
ORD-711,Indore,Mahalaxmi Nagar,school ke saamne wali gali,22.748606,75.905199,SUCCESS
ORD-712,Indore,Mahalaxmi Nagar,school ke saamne wali gali,22.748505,75.904998,SUCCESS
ORD-713,Indore,Mahalaxmi Nagar,school ke saamne wali gali,22.749191,75.904889,SUCCESS
ORD-714,Indore,Mahalaxmi Nagar,school ke saamne wali gali,22.748985,75.904807,SUCCESS
ORD-715,Indore,Mahalaxmi Nagar,school ke saamne wali gali,22.749066,75.904921,SUCCESS
ORD-716,Indore,Mahalaxmi Nagar,school ke samne house,22.74878,75.905399,SUCCESS
ORD-717,Indore,Mahalaxmi Nagar,opposite school lane,22.749104,75.90518,SUCCESS
ORD-718,Indore,Mahalaxmi Nagar,school ke samne house,22.749007,75.90557,SUCCESS
ORD-719,Indore,Mahalaxmi Nagar,school ke samne house,22.748703,75.905071,SUCCESS
ORD-720,Indore,Mahalaxmi Nagar,school ke saamne wali gali,22.748502,75.90502,SUCCESS
ORD-721,Indore,Mahalaxmi Nagar,school ke samne house,22.748726,75.904879,SUCCESS
ORD-722,Indore,Mahalaxmi Nagar,school ke saamne wali gali,22.748581,75.905162,SUCCESS
ORD-723,Indore,Mahalaxmi Nagar,opposite school lane,22.749184,75.905387,SUCCESS
ORD-724,Indore,Mahalaxmi Nagar,school ke saamne wali gali,22.748501,75.905468,SUCCESS
ORD-725,Indore,Mahalaxmi Nagar,school ke saamne wali gali,22.748512,75.905545,SUCCESS
ORD-726,Indore,Mahalaxmi Nagar,school ke saamne wali gali,22.74881,75.90492,SUCCESS
ORD-727,Indore,Mahalaxmi Nagar,opposite school lane,22.74874,75.905336,SUCCESS
ORD-728,Indore,Mahalaxmi Nagar,school ke samne house,22.749056,75.905465,SUCCESS
ORD-729,Indore,Mahalaxmi Nagar,school ke samne house,22.749182,75.90501,SUCCESS
ORD-730,Indore,Mahalaxmi Nagar,school ke samne house,22.749131,75.905595,SUCCESS
ORD-731,Indore,Mahalaxmi Nagar,opposite school lane,22.748892,75.905129,SUCCESS
ORD-732,Indore,Mahalaxmi Nagar,school ke samne house,22.749099,75.904859,SUCCESS
ORD-733,Indore,Mahalaxmi Nagar,opposite school lane,22.748777,75.905056,SUCCESS
ORD-734,Indore,Mahalaxmi Nagar,school ke saamne wali gali,22.748721,75.904843,SUCCESS
ORD-735,Indore,Mahalaxmi Nagar,school ke samne house,22.748967,75.905027,SUCCESS
ORD-736,Indore,Mahalaxmi Nagar,school ke samne house,22.74861,75.904837,SUCCESS
ORD-737,Indore,Mahalaxmi Nagar,school ke samne house,22.748664,75.905073,SUCCESS
ORD-738,Indore,Mahalaxmi Nagar,school ke saamne wali gali,22.748982,75.905434,SUCCESS
ORD-739,Indore,Mahalaxmi Nagar,school ke saamne wali gali,22.748584,75.905419,SUCCESS
ORD-740,Indore,Mahalaxmi Nagar,school ke saamne wali gali,22.748762,75.904871,SUCCESS
ORD-741,Indore,Mahalaxmi Nagar,opposite school lane,22.748632,75.905298,SUCCESS
ORD-742,Indore,Mahalaxmi Nagar,school ke samne house,22.748611,75.905483,SUCCESS
ORD-743,Indore,Mahalaxmi Nagar,opposite school lane,22.74856,75.904908,SUCCESS
ORD-744,Indore,Mahalaxmi Nagar,opposite school lane,22.748851,75.90502,SUCCESS
ORD-745,Indore,Mahalaxmi Nagar,school ke samne house,22.749108,75.904928,SUCCESS
ORD-746,Indore,Mahalaxmi Nagar,opposite school lane,22.749009,75.905187,SUCCESS
ORD-747,Indore,Mahalaxmi Nagar,school ke samne house,22.748559,75.904946,SUCCESS
ORD-748,Indore,Mahalaxmi Nagar,school ke samne house,22.748801,75.90534,SUCCESS
ORD-749,Indore,Mahalaxmi Nagar,school ke saamne wali gali,22.748855,75.905555,SUCCESS
ORD-750,Indore,Mahalaxmi Nagar,school ke saamne wali gali,22.749207,75.905466,SUCCESS
ORD-751,Indore,Mahalaxmi Nagar,school ke samne house,22.749114,75.90503,SUCCESS
ORD-752,Indore,Mahalaxmi Nagar,opposite school lane,22.749249,75.905154,SUCCESS
ORD-753,Indore,Mahalaxmi Nagar,school ke samne house,22.749041,75.905455,SUCCESS
ORD-754,Indore,Mahalaxmi Nagar,school ke samne house,22.749287,75.905573,SUCCESS
ORD-755,Indore,Mahalaxmi Nagar,school ke samne house,22.748975,75.905351,SUCCESS
ORD-756,Indore,Mahalaxmi Nagar,school ke samne house,22.748603,75.904825,SUCCESS
ORD-757,Indore,Mahalaxmi Nagar,school ke saamne wali gali,22.748695,75.90525,SUCCESS
ORD-758,Indore,Mahalaxmi Nagar,school ke samne house,22.749137,75.90481,SUCCESS
ORD-759,Indore,Mahalaxmi Nagar,school ke samne house,22.748718,75.905503,SUCCESS
ORD-760,Indore,Mahalaxmi Nagar,school ke saamne wali gali,22.748589,75.905452,SUCCESS
ORD-761,Indore,Mahalaxmi Nagar,school ke samne house,22.748667,75.904856,SUCCESS
ORD-762,Indore,Mahalaxmi Nagar,school ke samne house,22.749087,75.905404,SUCCESS
ORD-763,Indore,Mahalaxmi Nagar,school ke saamne wali gali,22.749219,75.90522,SUCCESS
ORD-764,Indore,Mahalaxmi Nagar,school ke samne house,22.749259,75.905166,SUCCESS
ORD-765,Indore,Mahalaxmi Nagar,school ke samne house,22.748726,75.905105,SUCCESS
ORD-766,Indore,Mahalaxmi Nagar,school ke samne house,22.748571,75.905167,SUCCESS
ORD-767,Indore,Mahalaxmi Nagar,opposite school lane,22.748954,75.904836,SUCCESS
ORD-768,Indore,Mahalaxmi Nagar,school ke samne house,22.749009,75.905492,SUCCESS
ORD-769,Indore,Mahalaxmi Nagar,opposite school lane,22.748887,75.9054,SUCCESS
ORD-770,Indore,Mahalaxmi Nagar,school ke samne house,22.748594,75.90506,SUCCESS
ORD-771,Indore,Mahalaxmi Nagar,opposite school lane,22.748763,75.904842,SUCCESS
ORD-772,Indore,Mahalaxmi Nagar,opposite school lane,22.749232,75.904983,SUCCESS
ORD-773,Indore,Mahalaxmi Nagar,school ke samne house,22.749107,75.905167,SUCCESS
ORD-774,Indore,Mahalaxmi Nagar,opposite school lane,22.748791,75.905464,SUCCESS
ORD-775,Indore,Mahalaxmi Nagar,school ke saamne wali gali,22.749181,75.905205,SUCCESS
ORD-776,Indore,Mahalaxmi Nagar,opposite school lane,22.748932,75.905312,SUCCESS
ORD-777,Indore,Mahalaxmi Nagar,school ke saamne wali gali,22.749141,75.905233,SUCCESS
ORD-778,Indore,Mahalaxmi Nagar,opposite school lane,22.749076,75.905196,SUCCESS
ORD-779,Indore,Mahalaxmi Nagar,opposite school lane,22.749228,75.904934,SUCCESS
ORD-780,Indore,Mahalaxmi Nagar,school ke saamne wali gali,22.748698,75.905316,SUCCESS
ORD-781,Indore,Mahalaxmi Nagar,school ke samne house,22.748818,75.905063,SUCCESS
ORD-782,Indore,Mahalaxmi Nagar,opposite school lane,22.748827,75.905054,SUCCESS
ORD-783,Indore,Mahalaxmi Nagar,school ke samne house,22.749048,75.905042,SUCCESS
ORD-784,Indore,Mahalaxmi Nagar,school ke saamne wali gali,22.748716,75.905114,SUCCESS
ORD-785,Indore,Mahalaxmi Nagar,school ke samne house,22.749195,75.905398,SUCCESS
ORD-786,Indore,Mahalaxmi Nagar,opposite school lane,22.749283,75.904976,SUCCESS
ORD-787,Indore,Mahalaxmi Nagar,school ke samne house,22.749261,75.904909,SUCCESS
ORD-788,Indore,Mahalaxmi Nagar,school ke samne house,22.749206,75.905461,SUCCESS
ORD-789,Indore,Mahalaxmi Nagar,opposite school lane,22.748704,75.905462,SUCCESS
ORD-790,Indore,Mahalaxmi Nagar,school ke saamne wali gali,22.748691,75.90502,SUCCESS
ORD-791,Indore,Mahalaxmi Nagar,opposite school lane,22.748976,75.905478,SUCCESS
ORD-792,Indore,Mahalaxmi Nagar,school ke samne house,22.748602,75.905384,SUCCESS
ORD-793,Indore,Mahalaxmi Nagar,school ke samne house,22.748869,75.905369,SUCCESS
ORD-794,Indore,Mahalaxmi Nagar,school ke samne house,22.749107,75.905353,SUCCESS
ORD-795,Indore,Mahalaxmi Nagar,school ke samne house,22.749,75.905172,SUCCESS
ORD-796,Indore,Mahalaxmi Nagar,opposite school lane,22.748645,75.905549,SUCCESS
ORD-797,Indore,Mahalaxmi Nagar,school ke saamne wali gali,22.749161,75.90506,SUCCESS
ORD-798,Indore,Mahalaxmi Nagar,school ke saamne wali gali,22.749096,75.90539,SUCCESS
ORD-799,Indore,Mahalaxmi Nagar,school ke samne house,22.748996,75.905543,SUCCESS
ORD-800,Indore,Mahalaxmi Nagar,school ke saamne wali gali,22.748982,75.904962,SUCCESS
ORD-801,Indore,Mahalaxmi Nagar,school ke saamne wali gali,22.748971,75.904812,SUCCESS
ORD-802,Indore,Mahalaxmi Nagar,school ke samne house,22.748838,75.905345,SUCCESS
ORD-803,Indore,Mahalaxmi Nagar,school ke samne house,22.749013,75.90526,SUCCESS
ORD-804,Indore,Mahalaxmi Nagar,opposite school lane,22.748557,75.90493,SUCCESS
ORD-805,Indore,Mahalaxmi Nagar,school ke saamne wali gali,22.748582,75.905116,SUCCESS
ORD-806,Indore,Mahalaxmi Nagar,school ke samne house,22.748716,75.904967,SUCCESS
ORD-807,Indore,Mahalaxmi Nagar,opposite school lane,22.748819,75.905465,SUCCESS
ORD-808,Indore,Mahalaxmi Nagar,opposite school lane,22.74908,75.905064,SUCCESS
ORD-809,Indore,Mahalaxmi Nagar,school ke saamne wali gali,22.74855,75.904836,SUCCESS
ORD-810,Indore,Mahalaxmi Nagar,school ke saamne wali gali,22.748509,75.905067,SUCCESS
ORD-811,Indore,Mahalaxmi Nagar,opposite school lane,22.748672,75.905073,SUCCESS
ORD-812,Indore,Mahalaxmi Nagar,school ke samne house,22.7492,75.905567,SUCCESS
ORD-813,Indore,Mahalaxmi Nagar,opposite school lane,22.749099,75.905487,SUCCESS
ORD-814,Indore,Mahalaxmi Nagar,school ke saamne wali gali,22.749281,75.904982,SUCCESS
ORD-815,Indore,Mahalaxmi Nagar,school ke samne house,22.748697,75.904842,SUCCESS
ORD-816,Indore,Mahalaxmi Nagar,school ke samne house,22.749097,75.905338,SUCCESS
ORD-817,Indore,Mahalaxmi Nagar,school ke samne house,22.749013,75.904989,SUCCESS
ORD-818,Indore,Mahalaxmi Nagar,school ke saamne wali gali,22.748772,75.905126,SUCCESS
ORD-819,Indore,Mahalaxmi Nagar,medical store ke paas,22.747624,75.907393,SUCCESS
ORD-820,Indore,Mahalaxmi Nagar,dawai ki dukaan ke pass,22.747466,75.90681,SUCCESS
ORD-821,Indore,Mahalaxmi Nagar,chemist shop near house,22.747603,75.907137,SUCCESS
ORD-822,Indore,Mahalaxmi Nagar,medical store ke paas,22.747341,75.907085,SUCCESS
ORD-823,Indore,Mahalaxmi Nagar,medical store ke paas,22.747643,75.907024,SUCCESS
ORD-824,Indore,Mahalaxmi Nagar,chemist shop near house,22.747333,75.906706,SUCCESS
ORD-825,Indore,Mahalaxmi Nagar,dawai ki dukaan ke pass,22.747494,75.90686,SUCCESS
ORD-826,Indore,Mahalaxmi Nagar,dawai ki dukaan ke pass,22.747286,75.90675,SUCCESS
ORD-827,Indore,Mahalaxmi Nagar,medical store ke paas,22.747758,75.906697,SUCCESS
ORD-828,Indore,Mahalaxmi Nagar,dawai ki dukaan ke pass,22.74707,75.906787,SUCCESS
ORD-829,Indore,Mahalaxmi Nagar,dawai ki dukaan ke pass,22.747763,75.907169,SUCCESS
ORD-830,Indore,Mahalaxmi Nagar,chemist shop near house,22.747565,75.907062,SUCCESS
ORD-831,Indore,Mahalaxmi Nagar,medical store ke paas,22.747004,75.90718,SUCCESS
ORD-832,Indore,Mahalaxmi Nagar,medical store ke paas,22.747186,75.907117,SUCCESS
ORD-833,Indore,Mahalaxmi Nagar,dawai ki dukaan ke pass,22.747007,75.90748,SUCCESS
ORD-834,Indore,Mahalaxmi Nagar,dawai ki dukaan ke pass,22.747676,75.906876,SUCCESS
ORD-835,Indore,Mahalaxmi Nagar,medical store ke paas,22.747423,75.906948,SUCCESS
ORD-836,Indore,Mahalaxmi Nagar,chemist shop near house,22.747068,75.907361,SUCCESS
ORD-837,Indore,Mahalaxmi Nagar,dawai ki dukaan ke pass,22.747033,75.907345,SUCCESS
ORD-838,Indore,Mahalaxmi Nagar,dawai ki dukaan ke pass,22.747373,75.906951,SUCCESS
ORD-839,Indore,Mahalaxmi Nagar,medical store ke paas,22.747367,75.906773,SUCCESS
ORD-840,Indore,Mahalaxmi Nagar,medical store ke paas,22.747218,75.907067,SUCCESS
ORD-841,Indore,Mahalaxmi Nagar,dawai ki dukaan ke pass,22.747788,75.907072,SUCCESS
ORD-842,Indore,Mahalaxmi Nagar,dawai ki dukaan ke pass,22.747649,75.907035,SUCCESS
ORD-843,Indore,Mahalaxmi Nagar,dawai ki dukaan ke pass,22.747164,75.906789,SUCCESS
ORD-844,Indore,Mahalaxmi Nagar,dawai ki dukaan ke pass,22.74718,75.907176,SUCCESS
ORD-845,Indore,Mahalaxmi Nagar,dawai ki dukaan ke pass,22.747392,75.906875,SUCCESS
ORD-846,Indore,Mahalaxmi Nagar,chemist shop near house,22.747015,75.906889,SUCCESS
ORD-847,Indore,Mahalaxmi Nagar,dawai ki dukaan ke pass,22.74709,75.907179,SUCCESS
ORD-848,Indore,Mahalaxmi Nagar,dawai ki dukaan ke pass,22.747112,75.906895,SUCCESS
ORD-849,Indore,Mahalaxmi Nagar,chemist shop near house,22.747587,75.906727,SUCCESS
ORD-850,Indore,Mahalaxmi Nagar,dawai ki dukaan ke pass,22.747736,75.906824,SUCCESS
ORD-851,Indore,Mahalaxmi Nagar,dawai ki dukaan ke pass,22.747219,75.907112,SUCCESS
ORD-852,Indore,Mahalaxmi Nagar,medical store ke paas,22.747692,75.907424,SUCCESS
ORD-853,Indore,Mahalaxmi Nagar,dawai ki dukaan ke pass,22.747526,75.907488,SUCCESS
ORD-854,Indore,Mahalaxmi Nagar,chemist shop near house,22.747072,75.907106,SUCCESS
ORD-855,Indore,Mahalaxmi Nagar,medical store ke paas,22.747757,75.906853,SUCCESS
ORD-856,Indore,Mahalaxmi Nagar,dawai ki dukaan ke pass,22.747036,75.906719,SUCCESS
ORD-857,Indore,Mahalaxmi Nagar,medical store ke paas,22.747309,75.906907,SUCCESS
ORD-858,Indore,Mahalaxmi Nagar,chemist shop near house,22.747734,75.907426,SUCCESS
ORD-859,Indore,Mahalaxmi Nagar,dawai ki dukaan ke pass,22.747138,75.90742,SUCCESS
ORD-860,Indore,Mahalaxmi Nagar,chemist shop near house,22.747335,75.906729,SUCCESS
ORD-861,Indore,Mahalaxmi Nagar,medical store ke paas,22.74772,75.907121,SUCCESS
ORD-862,Indore,Mahalaxmi Nagar,chemist shop near house,22.74748,75.906737,SUCCESS
ORD-863,Indore,Mahalaxmi Nagar,chemist shop near house,22.747281,75.907495,SUCCESS
ORD-864,Indore,Mahalaxmi Nagar,dawai ki dukaan ke pass,22.747542,75.907487,SUCCESS
ORD-865,Indore,Mahalaxmi Nagar,chemist shop near house,22.747494,75.906839,SUCCESS
ORD-866,Indore,Mahalaxmi Nagar,medical store ke paas,22.747202,75.90697,SUCCESS
ORD-867,Indore,Mahalaxmi Nagar,medical store ke paas,22.747412,75.906998,SUCCESS
ORD-868,Indore,Mahalaxmi Nagar,medical store ke paas,22.74732,75.906784,SUCCESS
ORD-869,Indore,Mahalaxmi Nagar,dawai ki dukaan ke pass,22.747088,75.906989,SUCCESS
ORD-870,Indore,Mahalaxmi Nagar,medical store ke paas,22.747056,75.907287,SUCCESS
ORD-871,Indore,Mahalaxmi Nagar,medical store ke paas,22.747679,75.907326,SUCCESS
ORD-872,Indore,Mahalaxmi Nagar,medical store ke paas,22.747294,75.907072,SUCCESS
ORD-873,Indore,Mahalaxmi Nagar,dawai ki dukaan ke pass,22.747564,75.90671,SUCCESS
ORD-874,Indore,Mahalaxmi Nagar,medical store ke paas,22.747714,75.907267,SUCCESS
ORD-875,Indore,Mahalaxmi Nagar,dawai ki dukaan ke pass,22.747625,75.906995,SUCCESS
ORD-876,Indore,Mahalaxmi Nagar,medical store ke paas,22.747432,75.906843,SUCCESS
ORD-877,Indore,Mahalaxmi Nagar,dawai ki dukaan ke pass,22.747483,75.907485,SUCCESS
ORD-878,Indore,Mahalaxmi Nagar,medical store ke paas,22.747041,75.906895,SUCCESS
ORD-879,Indore,Mahalaxmi Nagar,medical store ke paas,22.747773,75.906894,SUCCESS
ORD-880,Indore,Mahalaxmi Nagar,chemist shop near house,22.747417,75.907476,SUCCESS
ORD-881,Indore,Mahalaxmi Nagar,chemist shop near house,22.747018,75.90688,SUCCESS
ORD-882,Indore,Mahalaxmi Nagar,medical store ke paas,22.747754,75.906922,SUCCESS
ORD-883,Indore,Mahalaxmi Nagar,chemist shop near house,22.74728,75.907494,SUCCESS
ORD-884,Indore,Mahalaxmi Nagar,dawai ki dukaan ke pass,22.747546,75.907045,SUCCESS
ORD-885,Indore,Mahalaxmi Nagar,medical store ke paas,22.747148,75.90719,SUCCESS
ORD-886,Indore,Mahalaxmi Nagar,dawai ki dukaan ke pass,22.747494,75.907343,SUCCESS
ORD-887,Indore,Mahalaxmi Nagar,dawai ki dukaan ke pass,22.747514,75.906853,SUCCESS
ORD-888,Indore,Mahalaxmi Nagar,chemist shop near house,22.747559,75.907004,SUCCESS
ORD-889,Indore,Mahalaxmi Nagar,chemist shop near house,22.74743,75.906734,SUCCESS
ORD-890,Indore,Mahalaxmi Nagar,dawai ki dukaan ke pass,22.747326,75.907288,SUCCESS
ORD-891,Indore,Mahalaxmi Nagar,dawai ki dukaan ke pass,22.747298,75.90749,SUCCESS
ORD-892,Indore,Mahalaxmi Nagar,dawai ki dukaan ke pass,22.747075,75.906881,SUCCESS
ORD-893,Indore,Mahalaxmi Nagar,chemist shop near house,22.747799,75.907003,SUCCESS
ORD-894,Indore,Mahalaxmi Nagar,dawai ki dukaan ke pass,22.747388,75.907041,SUCCESS
ORD-895,Indore,Mahalaxmi Nagar,medical store ke paas,22.74749,75.907365,SUCCESS
ORD-896,Indore,Mahalaxmi Nagar,chemist shop near house,22.747245,75.907121,SUCCESS
ORD-897,Indore,Mahalaxmi Nagar,dawai ki dukaan ke pass,22.747756,75.907369,SUCCESS
ORD-898,Indore,Mahalaxmi Nagar,chemist shop near house,22.747079,75.906864,SUCCESS
ORD-899,Indore,Mahalaxmi Nagar,dawai ki dukaan ke pass,22.747407,75.90718,SUCCESS
ORD-900,Indore,Mahalaxmi Nagar,chemist shop near house,22.747173,75.907208,SUCCESS
ORD-901,Indore,Mahalaxmi Nagar,dawai ki dukaan ke pass,22.747056,75.90712,SUCCESS
ORD-902,Indore,Mahalaxmi Nagar,dawai ki dukaan ke pass,22.747457,75.907338,SUCCESS
ORD-903,Indore,Mahalaxmi Nagar,chemist shop near house,22.747219,75.906779,SUCCESS
ORD-904,Indore,Mahalaxmi Nagar,medical store ke paas,22.747318,75.907382,SUCCESS
ORD-905,Indore,Mahalaxmi Nagar,dawai ki dukaan ke pass,22.747658,75.907025,SUCCESS
ORD-906,Indore,Mahalaxmi Nagar,chemist shop near house,22.747064,75.906967,SUCCESS
ORD-907,Indore,Mahalaxmi Nagar,chemist shop near house,22.747013,75.90735,SUCCESS
ORD-908,Indore,Mahalaxmi Nagar,dawai ki dukaan ke pass,22.747244,75.907375,SUCCESS
ORD-909,Indore,Mahalaxmi Nagar,dawai ki dukaan ke pass,22.747613,75.907265,SUCCESS
ORD-910,Indore,Mahalaxmi Nagar,medical store ke paas,22.747689,75.90684,SUCCESS
ORD-911,Indore,Mahalaxmi Nagar,dawai ki dukaan ke pass,22.747591,75.907206,SUCCESS
ORD-912,Indore,Mahalaxmi Nagar,medical store ke paas,22.747746,75.907065,SUCCESS
ORD-913,Indore,Mahalaxmi Nagar,medical store ke paas,22.747748,75.906831,SUCCESS
ORD-914,Indore,Mahalaxmi Nagar,medical store ke paas,22.74772,75.906776,SUCCESS
ORD-915,Indore,Mahalaxmi Nagar,dawai ki dukaan ke pass,22.747369,75.906808,SUCCESS
ORD-916,Indore,Mahalaxmi Nagar,chemist shop near house,22.747596,75.906949,SUCCESS
ORD-917,Indore,Mahalaxmi Nagar,chemist shop near house,22.747208,75.907065,SUCCESS
ORD-918,Indore,Mahalaxmi Nagar,chemist shop near house,22.747278,75.906873,SUCCESS
ORD-919,Indore,Mahalaxmi Nagar,medical store ke paas,22.747597,75.907172,SUCCESS
ORD-920,Indore,Mahalaxmi Nagar,dawai ki dukaan ke pass,22.747295,75.907245,SUCCESS
ORD-921,Indore,Mahalaxmi Nagar,dawai ki dukaan ke pass,22.747466,75.906975,SUCCESS
ORD-922,Indore,Mahalaxmi Nagar,dawai ki dukaan ke pass,22.747353,75.907434,SUCCESS
ORD-923,Indore,Mahalaxmi Nagar,dawai ki dukaan ke pass,22.747184,75.906985,SUCCESS
ORD-924,Indore,Mahalaxmi Nagar,dawai ki dukaan ke pass,22.747197,75.906757,SUCCESS
ORD-925,Indore,Mahalaxmi Nagar,dawai ki dukaan ke pass,22.747545,75.906929,SUCCESS
ORD-926,Indore,Mahalaxmi Nagar,dawai ki dukaan ke pass,22.747554,75.907248,SUCCESS
ORD-927,Indore,Mahalaxmi Nagar,chemist shop near house,22.747185,75.906968,SUCCESS
ORD-928,Indore,Mahalaxmi Nagar,chemist shop near house,22.74721,75.9073,SUCCESS
ORD-929,Indore,Mahalaxmi Nagar,mandir ke paas wali gali,22.747122,75.905188,SUCCESS
ORD-930,Indore,Mahalaxmi Nagar,temple near society,22.746626,75.905288,SUCCESS
ORD-931,Indore,Mahalaxmi Nagar,temple near society,22.746885,75.904926,SUCCESS
ORD-932,Indore,Mahalaxmi Nagar,mandir ke paas wali gali,22.746625,75.905209,SUCCESS
ORD-933,Indore,Mahalaxmi Nagar,mandir ke samne ghar,22.747178,75.904704,SUCCESS
ORD-934,Indore,Mahalaxmi Nagar,mandir ke samne ghar,22.74669,75.905264,SUCCESS
ORD-935,Indore,Mahalaxmi Nagar,mandir ke samne ghar,22.747204,75.905203,SUCCESS
ORD-936,Indore,Mahalaxmi Nagar,mandir ke samne ghar,22.74673,75.904816,SUCCESS
ORD-937,Indore,Mahalaxmi Nagar,mandir ke paas wali gali,22.747125,75.904566,SUCCESS
ORD-938,Indore,Mahalaxmi Nagar,temple near society,22.746747,75.905047,SUCCESS
ORD-939,Indore,Mahalaxmi Nagar,temple near society,22.74716,75.904906,SUCCESS
ORD-940,Indore,Mahalaxmi Nagar,mandir ke samne ghar,22.747108,75.905072,SUCCESS
ORD-941,Indore,Mahalaxmi Nagar,mandir ke samne ghar,22.746566,75.90469,SUCCESS
ORD-942,Indore,Mahalaxmi Nagar,mandir ke paas wali gali,22.746461,75.905068,SUCCESS
ORD-943,Indore,Mahalaxmi Nagar,mandir ke paas wali gali,22.746485,75.904522,SUCCESS
ORD-944,Indore,Mahalaxmi Nagar,mandir ke paas wali gali,22.746855,75.905061,SUCCESS
ORD-945,Indore,Mahalaxmi Nagar,temple near society,22.746655,75.905111,SUCCESS
ORD-946,Indore,Mahalaxmi Nagar,mandir ke paas wali gali,22.746847,75.905018,SUCCESS
ORD-947,Indore,Mahalaxmi Nagar,mandir ke paas wali gali,22.746817,75.90496,SUCCESS
ORD-948,Indore,Mahalaxmi Nagar,mandir ke paas wali gali,22.746924,75.905014,SUCCESS
ORD-949,Indore,Mahalaxmi Nagar,mandir ke samne ghar,22.746885,75.905049,SUCCESS
ORD-950,Indore,Mahalaxmi Nagar,temple near society,22.746754,75.905163,SUCCESS
ORD-951,Indore,Mahalaxmi Nagar,mandir ke samne ghar,22.746559,75.904647,SUCCESS
ORD-952,Indore,Mahalaxmi Nagar,mandir ke samne ghar,22.747141,75.904668,SUCCESS
ORD-953,Indore,Mahalaxmi Nagar,mandir ke paas wali gali,22.746441,75.904897,SUCCESS
ORD-954,Indore,Mahalaxmi Nagar,temple near society,22.746656,75.905288,SUCCESS
ORD-955,Indore,Mahalaxmi Nagar,temple near society,22.746983,75.904775,SUCCESS
ORD-956,Indore,Mahalaxmi Nagar,temple near society,22.746628,75.904682,SUCCESS
ORD-957,Indore,Mahalaxmi Nagar,temple near society,22.746471,75.904516,SUCCESS
ORD-958,Indore,Mahalaxmi Nagar,mandir ke samne ghar,22.746404,75.904887,SUCCESS
ORD-959,Indore,Mahalaxmi Nagar,mandir ke paas wali gali,22.746744,75.905044,SUCCESS
ORD-960,Indore,Mahalaxmi Nagar,mandir ke samne ghar,22.746943,75.904711,SUCCESS
ORD-961,Indore,Mahalaxmi Nagar,temple near society,22.747189,75.90456,SUCCESS
ORD-962,Indore,Mahalaxmi Nagar,temple near society,22.746583,75.904814,SUCCESS
ORD-963,Indore,Mahalaxmi Nagar,mandir ke samne ghar,22.747144,75.905254,SUCCESS
ORD-964,Indore,Mahalaxmi Nagar,temple near society,22.746523,75.904634,SUCCESS
ORD-965,Indore,Mahalaxmi Nagar,mandir ke samne ghar,22.746523,75.904502,SUCCESS
ORD-966,Indore,Mahalaxmi Nagar,mandir ke samne ghar,22.747197,75.904744,SUCCESS
ORD-967,Indore,Mahalaxmi Nagar,mandir ke paas wali gali,22.746735,75.90477,SUCCESS
ORD-968,Indore,Mahalaxmi Nagar,mandir ke paas wali gali,22.747005,75.90503,SUCCESS
ORD-969,Indore,Mahalaxmi Nagar,temple near society,22.746437,75.905104,SUCCESS
ORD-970,Indore,Mahalaxmi Nagar,mandir ke paas wali gali,22.747199,75.904864,SUCCESS
ORD-971,Indore,Mahalaxmi Nagar,temple near society,22.746818,75.904715,SUCCESS
ORD-972,Indore,Mahalaxmi Nagar,mandir ke paas wali gali,22.74701,75.904671,SUCCESS
ORD-973,Indore,Mahalaxmi Nagar,mandir ke paas wali gali,22.746428,75.904799,SUCCESS
ORD-974,Indore,Mahalaxmi Nagar,mandir ke paas wali gali,22.74692,75.905203,SUCCESS
ORD-975,Indore,Mahalaxmi Nagar,mandir ke paas wali gali,22.746439,75.904922,SUCCESS
ORD-976,Indore,Mahalaxmi Nagar,mandir ke samne ghar,22.746846,75.905135,SUCCESS
ORD-977,Indore,Mahalaxmi Nagar,temple near society,22.746629,75.904514,SUCCESS
ORD-978,Indore,Mahalaxmi Nagar,mandir ke paas wali gali,22.747,75.905303,SUCCESS
ORD-979,Indore,Mahalaxmi Nagar,temple near society,22.746869,75.904896,SUCCESS
ORD-980,Indore,Mahalaxmi Nagar,mandir ke samne ghar,22.746462,75.904985,SUCCESS
ORD-981,Indore,Mahalaxmi Nagar,mandir ke paas wali gali,22.746577,75.904918,SUCCESS
ORD-982,Indore,Mahalaxmi Nagar,mandir ke paas wali gali,22.747027,75.904726,SUCCESS
ORD-983,Indore,Mahalaxmi Nagar,mandir ke samne ghar,22.746621,75.904745,SUCCESS
ORD-984,Indore,Mahalaxmi Nagar,mandir ke samne ghar,22.74658,75.90525,SUCCESS
ORD-985,Indore,Mahalaxmi Nagar,mandir ke samne ghar,22.746502,75.905133,SUCCESS
ORD-986,Indore,Mahalaxmi Nagar,mandir ke paas wali gali,22.74668,75.904635,SUCCESS
ORD-987,Indore,Mahalaxmi Nagar,mandir ke samne ghar,22.747031,75.905112,SUCCESS
ORD-988,Indore,Mahalaxmi Nagar,temple near society,22.746487,75.904901,SUCCESS
ORD-989,Indore,Mahalaxmi Nagar,mandir ke paas wali gali,22.746966,75.905029,SUCCESS
ORD-990,Indore,Mahalaxmi Nagar,temple near society,22.746495,75.904708,SUCCESS
ORD-991,Indore,Mahalaxmi Nagar,mandir ke paas wali gali,22.746416,75.905127,SUCCESS
ORD-992,Indore,Mahalaxmi Nagar,mandir ke paas wali gali,22.746787,75.90487,SUCCESS
ORD-993,Indore,Mahalaxmi Nagar,temple near society,22.747006,75.905086,SUCCESS
ORD-994,Indore,Mahalaxmi Nagar,temple near society,22.747031,75.90458,SUCCESS
ORD-995,Indore,Mahalaxmi Nagar,mandir ke samne ghar,22.747157,75.904952,SUCCESS
ORD-996,Indore,Mahalaxmi Nagar,mandir ke paas wali gali,22.746905,75.904991,SUCCESS
ORD-997,Indore,Mahalaxmi Nagar,mandir ke samne ghar,22.746887,75.904597,SUCCESS
ORD-998,Indore,Mahalaxmi Nagar,mandir ke samne ghar,22.746951,75.905266,SUCCESS
ORD-999,Indore,Mahalaxmi Nagar,mandir ke paas wali gali,22.746529,75.904734,SUCCESS
ORD-1000,Indore,Mahalaxmi Nagar,mandir ke paas wali gali,22.746815,75.904563,SUCCESS
ORD-1001,Indore,Mahalaxmi Nagar,temple near society,22.746597,75.905108,SUCCESS
ORD-1002,Indore,Mahalaxmi Nagar,mandir ke paas wali gali,22.746597,75.90516,SUCCESS
ORD-1003,Indore,Mahalaxmi Nagar,mandir ke samne ghar,22.746895,75.905077,SUCCESS
ORD-1004,Indore,Mahalaxmi Nagar,mandir ke samne ghar,22.746559,75.904504,SUCCESS
ORD-1005,Indore,Mahalaxmi Nagar,mandir ke paas wali gali,22.746752,75.905182,SUCCESS
ORD-1006,Indore,Mahalaxmi Nagar,mandir ke paas wali gali,22.74703,75.904654,SUCCESS
ORD-1007,Indore,Mahalaxmi Nagar,mandir ke samne ghar,22.746637,75.905251,SUCCESS
ORD-1008,Indore,Mahalaxmi Nagar,mandir ke paas wali gali,22.746648,75.904673,SUCCESS
ORD-1009,Indore,Mahalaxmi Nagar,mandir ke paas wali gali,22.746645,75.905006,SUCCESS
ORD-1010,Indore,Mahalaxmi Nagar,temple near society,22.746545,75.905054,SUCCESS
ORD-1011,Indore,Mahalaxmi Nagar,mandir ke paas wali gali,22.746611,75.904892,SUCCESS
ORD-1012,Indore,Mahalaxmi Nagar,mandir ke samne ghar,22.746811,75.904971,SUCCESS
ORD-1013,Indore,Mahalaxmi Nagar,temple near society,22.7468,75.904938,SUCCESS
ORD-1014,Indore,Mahalaxmi Nagar,temple near society,22.746511,75.90464,SUCCESS
ORD-1015,Indore,Mahalaxmi Nagar,temple near society,22.74653,75.905199,SUCCESS
ORD-1016,Indore,Mahalaxmi Nagar,temple near society,22.746479,75.90497,SUCCESS
ORD-1017,Indore,Mahalaxmi Nagar,temple near society,22.747131,75.904677,SUCCESS
ORD-1018,Indore,Mahalaxmi Nagar,temple near society,22.747187,75.90483,SUCCESS
ORD-1019,Indore,Mahalaxmi Nagar,mandir ke samne ghar,22.747146,75.905124,SUCCESS
ORD-1020,Indore,Mahalaxmi Nagar,mandir ke paas wali gali,22.747167,75.904834,SUCCESS
ORD-1021,Indore,Mahalaxmi Nagar,mandir ke samne ghar,22.746955,75.905035,SUCCESS
ORD-1022,Indore,Mahalaxmi Nagar,mandir ke paas wali gali,22.746402,75.905081,SUCCESS
ORD-1023,Indore,Mahalaxmi Nagar,mandir ke samne ghar,22.74678,75.904751,SUCCESS
ORD-1024,Indore,Mahalaxmi Nagar,mandir ke paas wali gali,22.747199,75.904568,SUCCESS
ORD-1025,Indore,Mahalaxmi Nagar,mandir ke samne ghar,22.747171,75.904951,SUCCESS
ORD-1026,Indore,Mahalaxmi Nagar,mandir ke samne ghar,22.747062,75.905015,SUCCESS
ORD-1027,Indore,Mahalaxmi Nagar,mandir ke samne ghar,22.74674,75.905037,SUCCESS
ORD-1028,Indore,Mahalaxmi Nagar,mandir ke paas wali gali,22.746496,75.90495,SUCCESS
ORD-1029,Indore,Mahalaxmi Nagar,mandir ke samne ghar,22.74668,75.905156,SUCCESS
ORD-1030,Indore,Mahalaxmi Nagar,mandir ke paas wali gali,22.746873,75.905107,SUCCESS
ORD-1031,Indore,Mahalaxmi Nagar,mandir ke paas wali gali,22.746857,75.904788,SUCCESS
ORD-1032,Indore,Mahalaxmi Nagar,mandir ke paas wali gali,22.746972,75.905037,SUCCESS
ORD-1033,Indore,Mahalaxmi Nagar,mandir ke paas wali gali,22.746598,75.905161,SUCCESS
ORD-1034,Indore,Mahalaxmi Nagar,temple near society,22.746772,75.905265,SUCCESS
ORD-1035,Indore,Mahalaxmi Nagar,temple near society,22.747099,75.905271,SUCCESS
ORD-1036,Indore,Mahalaxmi Nagar,mandir ke samne ghar,22.747037,75.904821,SUCCESS
ORD-1037,Indore,Mahalaxmi Nagar,mandir ke paas wali gali,22.74696,75.905253,SUCCESS
ORD-1038,Indore,Mahalaxmi Nagar,temple near society,22.746714,75.905106,SUCCESS
ORD-1039,Indore,Mahalaxmi Nagar,temple near society,22.746648,75.904749,SUCCESS
ORD-1040,Indore,Mahalaxmi Nagar,mandir ke paas wali gali,22.746607,75.904612,SUCCESS
ORD-1041,Indore,Mahalaxmi Nagar,mandir ke samne ghar,22.746835,75.9051,SUCCESS
ORD-1042,Indore,Mahalaxmi Nagar,mandir ke samne ghar,22.74672,75.904563,SUCCESS
ORD-1043,Indore,Mahalaxmi Nagar,mandir ke samne ghar,22.746525,75.904948,SUCCESS
ORD-1044,Indore,Mahalaxmi Nagar,temple near society,22.74685,75.904719,SUCCESS
ORD-1045,Indore,Mahalaxmi Nagar,mandir ke samne ghar,22.746856,75.904803,SUCCESS
ORD-1046,Indore,Mahalaxmi Nagar,mandir ke paas wali gali,22.746968,75.905275,SUCCESS
ORD-1047,Indore,Mahalaxmi Nagar,temple near society,22.746928,75.904781,SUCCESS
ORD-1048,Indore,Mahalaxmi Nagar,temple near society,22.746758,75.904872,SUCCESS
ORD-1049,Indore,Mahalaxmi Nagar,temple near society,22.746396,75.905251,SUCCESS
ORD-1050,Indore,Mahalaxmi Nagar,temple near society,22.747155,75.904623,SUCCESS
ORD-1051,Indore,Mahalaxmi Nagar,mandir ke samne ghar,22.746798,75.904797,SUCCESS
ORD-1052,Indore,Mahalaxmi Nagar,temple near society,22.746725,75.904898,SUCCESS
ORD-1053,Indore,Mahalaxmi Nagar,mandir ke paas wali gali,22.746759,75.904549,SUCCESS
ORD-1054,Indore,Mahalaxmi Nagar,children park ke bagal,22.749227,75.906021,SUCCESS
ORD-1055,Indore,Mahalaxmi Nagar,children park ke bagal,22.749484,75.906425,SUCCESS
ORD-1056,Indore,Mahalaxmi Nagar,park ke pass,22.74932,75.906218,SUCCESS
ORD-1057,Indore,Mahalaxmi Nagar,children park ke bagal,22.749392,75.906484,SUCCESS
ORD-1058,Indore,Mahalaxmi Nagar,garden ke samne,22.749969,75.905704,SUCCESS
ORD-1059,Indore,Mahalaxmi Nagar,park ke pass,22.749513,75.906378,SUCCESS
ORD-1060,Indore,Mahalaxmi Nagar,children park ke bagal,22.749633,75.90601,SUCCESS
ORD-1061,Indore,Mahalaxmi Nagar,park ke pass,22.749675,75.906293,SUCCESS
ORD-1062,Indore,Mahalaxmi Nagar,park ke pass,22.749315,75.906053,SUCCESS
ORD-1063,Indore,Mahalaxmi Nagar,park ke pass,22.749335,75.906499,SUCCESS
ORD-1064,Indore,Mahalaxmi Nagar,children park ke bagal,22.749224,75.906226,SUCCESS
ORD-1065,Indore,Mahalaxmi Nagar,park ke pass,22.749929,75.906111,SUCCESS
ORD-1066,Indore,Mahalaxmi Nagar,park ke pass,22.749532,75.9059,SUCCESS
ORD-1067,Indore,Mahalaxmi Nagar,children park ke bagal,22.749315,75.905775,SUCCESS
ORD-1068,Indore,Mahalaxmi Nagar,garden ke samne,22.749964,75.905919,SUCCESS
ORD-1069,Indore,Mahalaxmi Nagar,park ke pass,22.749234,75.905922,SUCCESS
ORD-1070,Indore,Mahalaxmi Nagar,garden ke samne,22.749886,75.906467,SUCCESS
ORD-1071,Indore,Mahalaxmi Nagar,children park ke bagal,22.749792,75.905839,SUCCESS
ORD-1072,Indore,Mahalaxmi Nagar,garden ke samne,22.749355,75.905815,SUCCESS
ORD-1073,Indore,Mahalaxmi Nagar,garden ke samne,22.749933,75.906112,SUCCESS
ORD-1074,Indore,Mahalaxmi Nagar,garden ke samne,22.749986,75.90603,SUCCESS
ORD-1075,Indore,Mahalaxmi Nagar,garden ke samne,22.74937,75.906102,SUCCESS
ORD-1076,Indore,Mahalaxmi Nagar,children park ke bagal,22.749354,75.90621,SUCCESS
ORD-1077,Indore,Mahalaxmi Nagar,park ke pass,22.749228,75.906045,SUCCESS
ORD-1078,Indore,Mahalaxmi Nagar,children park ke bagal,22.74962,75.906125,SUCCESS
ORD-1079,Indore,Mahalaxmi Nagar,children park ke bagal,22.749568,75.906383,SUCCESS
ORD-1080,Indore,Mahalaxmi Nagar,park ke pass,22.749559,75.90584,SUCCESS
ORD-1081,Indore,Mahalaxmi Nagar,children park ke bagal,22.749353,75.906423,SUCCESS
ORD-1082,Indore,Mahalaxmi Nagar,garden ke samne,22.749375,75.905709,SUCCESS
ORD-1083,Indore,Mahalaxmi Nagar,garden ke samne,22.749322,75.906159,SUCCESS
ORD-1084,Indore,Mahalaxmi Nagar,park ke pass,22.74923,75.906074,SUCCESS
ORD-1085,Indore,Mahalaxmi Nagar,park ke pass,22.749428,75.906142,SUCCESS
ORD-1086,Indore,Mahalaxmi Nagar,children park ke bagal,22.749761,75.905914,SUCCESS
ORD-1087,Indore,Mahalaxmi Nagar,garden ke samne,22.749361,75.906041,SUCCESS
ORD-1088,Indore,Mahalaxmi Nagar,children park ke bagal,22.749684,75.905837,SUCCESS
ORD-1089,Indore,Mahalaxmi Nagar,park ke pass,22.749913,75.906293,SUCCESS
ORD-1090,Indore,Mahalaxmi Nagar,park ke pass,22.749658,75.906026,SUCCESS
ORD-1091,Indore,Mahalaxmi Nagar,garden ke samne,22.749918,75.905783,SUCCESS
ORD-1092,Indore,Mahalaxmi Nagar,garden ke samne,22.749683,75.905779,SUCCESS
ORD-1093,Indore,Mahalaxmi Nagar,garden ke samne,22.749594,75.906127,SUCCESS
ORD-1094,Indore,Mahalaxmi Nagar,park ke pass,22.749331,75.906418,SUCCESS
ORD-1095,Indore,Mahalaxmi Nagar,garden ke samne,22.749638,75.906055,SUCCESS
ORD-1096,Indore,Mahalaxmi Nagar,garden ke samne,22.749455,75.906214,SUCCESS
ORD-1097,Indore,Mahalaxmi Nagar,park ke pass,22.749334,75.905791,SUCCESS
ORD-1098,Indore,Mahalaxmi Nagar,garden ke samne,22.749604,75.90579,SUCCESS
ORD-1099,Indore,Mahalaxmi Nagar,garden ke samne,22.749856,75.906426,SUCCESS
ORD-1100,Indore,Mahalaxmi Nagar,park ke pass,22.749795,75.906312,SUCCESS
ORD-1101,Indore,Mahalaxmi Nagar,children park ke bagal,22.749452,75.905852,SUCCESS
ORD-1102,Indore,Mahalaxmi Nagar,garden ke samne,22.749546,75.906101,SUCCESS
ORD-1103,Indore,Mahalaxmi Nagar,park ke pass,22.749746,75.905724,SUCCESS
ORD-1104,Indore,Mahalaxmi Nagar,garden ke samne,22.749541,75.905828,SUCCESS
ORD-1105,Indore,Mahalaxmi Nagar,garden ke samne,22.749536,75.906086,SUCCESS
ORD-1106,Indore,Mahalaxmi Nagar,garden ke samne,22.749772,75.905954,SUCCESS
ORD-1107,Indore,Mahalaxmi Nagar,children park ke bagal,22.749756,75.906249,SUCCESS
ORD-1108,Indore,Mahalaxmi Nagar,garden ke samne,22.749494,75.90584,SUCCESS
ORD-1109,Indore,Mahalaxmi Nagar,children park ke bagal,22.749386,75.906241,SUCCESS
ORD-1110,Indore,Mahalaxmi Nagar,park ke pass,22.749992,75.905951,SUCCESS
ORD-1111,Indore,Mahalaxmi Nagar,garden ke samne,22.749924,75.906388,SUCCESS
ORD-1112,Indore,Mahalaxmi Nagar,children park ke bagal,22.749365,75.906244,SUCCESS
ORD-1113,Indore,Mahalaxmi Nagar,garden ke samne,22.749412,75.90615,SUCCESS
ORD-1114,Indore,Mahalaxmi Nagar,children park ke bagal,22.749582,75.905769,SUCCESS
ORD-1115,Indore,Mahalaxmi Nagar,park ke pass,22.749649,75.905967,SUCCESS
ORD-1116,Indore,Mahalaxmi Nagar,children park ke bagal,22.74985,75.905719,SUCCESS
ORD-1117,Indore,Mahalaxmi Nagar,park ke pass,22.74924,75.905748,SUCCESS
ORD-1118,Indore,Mahalaxmi Nagar,park ke pass,22.75,75.906504,SUCCESS
ORD-1119,Indore,Mahalaxmi Nagar,garden ke samne,22.749841,75.905812,SUCCESS
ORD-1120,Indore,Mahalaxmi Nagar,children park ke bagal,22.749817,75.906004,SUCCESS
ORD-1121,Indore,Mahalaxmi Nagar,children park ke bagal,22.750004,75.906254,SUCCESS
ORD-1122,Indore,Mahalaxmi Nagar,children park ke bagal,22.749796,75.906009,SUCCESS
ORD-1123,Indore,Mahalaxmi Nagar,garden ke samne,22.749813,75.905894,SUCCESS
ORD-1124,Indore,Mahalaxmi Nagar,children park ke bagal,22.749456,75.905797,SUCCESS
ORD-1125,Indore,Mahalaxmi Nagar,garden ke samne,22.74964,75.906099,SUCCESS
ORD-1126,Indore,Mahalaxmi Nagar,park ke pass,22.749225,75.90649,SUCCESS
ORD-1127,Indore,Mahalaxmi Nagar,park ke pass,22.749512,75.906075,SUCCESS
ORD-1128,Indore,Mahalaxmi Nagar,garden ke samne,22.749912,75.906385,SUCCESS
ORD-1129,Indore,Mahalaxmi Nagar,garden ke samne,22.749658,75.905917,SUCCESS
ORD-1130,Indore,Mahalaxmi Nagar,garden ke samne,22.749515,75.906204,SUCCESS
ORD-1131,Indore,Mahalaxmi Nagar,children park ke bagal,22.749787,75.906116,SUCCESS
ORD-1132,Indore,Mahalaxmi Nagar,park ke pass,22.749767,75.90588,SUCCESS
ORD-1133,Indore,Mahalaxmi Nagar,garden ke samne,22.749316,75.906258,SUCCESS
ORD-1134,Indore,Mahalaxmi Nagar,children park ke bagal,22.749448,75.90642,SUCCESS
ORD-1135,Indore,Mahalaxmi Nagar,garden ke samne,22.749358,75.906156,SUCCESS
ORD-1136,Indore,Mahalaxmi Nagar,garden ke samne,22.749203,75.906236,SUCCESS
ORD-1137,Indore,Mahalaxmi Nagar,garden ke samne,22.74939,75.905872,SUCCESS
ORD-1138,Indore,Mahalaxmi Nagar,park ke pass,22.74951,75.905983,SUCCESS
ORD-1139,Indore,Mahalaxmi Nagar,park ke pass,22.749885,75.905926,SUCCESS
ORD-1140,Indore,Mahalaxmi Nagar,garden ke samne,22.749418,75.905803,SUCCESS
ORD-1141,Indore,Mahalaxmi Nagar,children park ke bagal,22.749571,75.905701,SUCCESS
ORD-1142,Indore,Mahalaxmi Nagar,children park ke bagal,22.749739,75.905947,SUCCESS
ORD-1143,Indore,Mahalaxmi Nagar,children park ke bagal,22.74937,75.905863,SUCCESS
ORD-1144,Indore,Mahalaxmi Nagar,children park ke bagal,22.749687,75.906142,SUCCESS
ORD-1145,Indore,Mahalaxmi Nagar,garden ke samne,22.749592,75.906337,SUCCESS
ORD-1146,Indore,Mahalaxmi Nagar,children park ke bagal,22.749608,75.906429,SUCCESS
ORD-1147,Indore,Mahalaxmi Nagar,park ke pass,22.749276,75.90631,SUCCESS
ORD-1148,Indore,Mahalaxmi Nagar,children park ke bagal,22.749947,75.905929,SUCCESS
ORD-1149,Indore,Mahalaxmi Nagar,children park ke bagal,22.749787,75.905839,SUCCESS
ORD-1150,Indore,Mahalaxmi Nagar,children park ke bagal,22.749319,75.90614,SUCCESS
ORD-1151,Indore,Mahalaxmi Nagar,garden ke samne,22.749564,75.905882,SUCCESS
ORD-1152,Indore,Mahalaxmi Nagar,children park ke bagal,22.749336,75.905962,SUCCESS
ORD-1153,Indore,Mahalaxmi Nagar,park ke pass,22.74945,75.906202,SUCCESS
ORD-1154,Indore,Mahalaxmi Nagar,park ke pass,22.74982,75.906118,SUCCESS
ORD-1155,Indore,Mahalaxmi Nagar,park ke pass,22.749975,75.90576,SUCCESS
ORD-1156,Indore,Mahalaxmi Nagar,children park ke bagal,22.749625,75.906086,SUCCESS
ORD-1157,Indore,Mahalaxmi Nagar,garden ke samne,22.749319,75.905937,SUCCESS
ORD-1158,Indore,Mahalaxmi Nagar,children park ke bagal,22.749717,75.905766,SUCCESS
ORD-1159,Indore,Mahalaxmi Nagar,park ke pass,22.749595,75.906317,SUCCESS
ORD-1160,Indore,Mahalaxmi Nagar,garden ke samne,22.749393,75.90598,SUCCESS
ORD-1161,Indore,Mahalaxmi Nagar,children park ke bagal,22.749952,75.906245,SUCCESS
ORD-1162,Indore,Mahalaxmi Nagar,garden ke samne,22.749377,75.906407,SUCCESS
ORD-1163,Indore,Mahalaxmi Nagar,children park ke bagal,22.749412,75.906497,SUCCESS
ORD-1164,Indore,Mahalaxmi Nagar,park ke pass,22.749352,75.906247,SUCCESS
ORD-1165,Indore,Mahalaxmi Nagar,children park ke bagal,22.749323,75.906288,SUCCESS
ORD-1166,Indore,Mahalaxmi Nagar,park ke pass,22.749322,75.905948,SUCCESS
ORD-1167,Indore,Mahalaxmi Nagar,garden ke samne,22.749781,75.905773,SUCCESS
ORD-1168,Indore,Mahalaxmi Nagar,park ke pass,22.749733,75.906133,SUCCESS
ORD-1169,Indore,Mahalaxmi Nagar,garden ke samne,22.749796,75.905837,SUCCESS
ORD-1170,Indore,Mahalaxmi Nagar,garden ke samne,22.74983,75.905902,SUCCESS
ORD-1171,Indore,Mahalaxmi Nagar,children park ke bagal,22.749497,75.906192,SUCCESS
ORD-1172,Indore,Mahalaxmi Nagar,children park ke bagal,22.749745,75.906203,SUCCESS
ORD-1173,Indore,Mahalaxmi Nagar,park ke pass,22.749604,75.906059,SUCCESS
ORD-1174,Indore,Mahalaxmi Nagar,garden ke samne,22.749849,75.90605,SUCCESS
ORD-1175,Indore,Mahalaxmi Nagar,children park ke bagal,22.749881,75.905741,SUCCESS
ORD-1176,Indore,Mahalaxmi Nagar,garden ke samne,22.749594,75.906245,SUCCESS
ORD-1177,Indore,Mahalaxmi Nagar,children park ke bagal,22.749755,75.905987,SUCCESS
ORD-1178,Indore,Mahalaxmi Nagar,garden ke samne,22.749538,75.905978,SUCCESS
ORD-1179,Indore,Mahalaxmi Nagar,park ke pass,22.749897,75.905958,SUCCESS
ORD-1180,Indore,Mahalaxmi Nagar,park ke pass,22.749763,75.905744,SUCCESS
ORD-1181,Indore,Mahalaxmi Nagar,park ke pass,22.749716,75.905805,SUCCESS
ORD-1182,Indore,Mahalaxmi Nagar,garden ke samne,22.749944,75.905998,SUCCESS
ORD-1183,Indore,Mahalaxmi Nagar,children park ke bagal,22.749619,75.905887,SUCCESS
ORD-1184,Indore,Mahalaxmi Nagar,park ke pass,22.749767,75.906003,SUCCESS
ORD-1185,Indore,Mahalaxmi Nagar,garden ke samne,22.749202,75.906477,SUCCESS
ORD-1186,Indore,Mahalaxmi Nagar,children park ke bagal,22.749206,75.906449,SUCCESS
ORD-1187,Indore,Mahalaxmi Nagar,park ke pass,22.749604,75.905728,SUCCESS
ORD-1188,Indore,Mahalaxmi Nagar,garden ke samne,22.74995,75.905704,SUCCESS
ORD-1189,Indore,Mahalaxmi Nagar,children park ke bagal,22.749573,75.905735,SUCCESS
ORD-1190,Indore,Mahalaxmi Nagar,garden ke samne,22.749202,75.906263,SUCCESS
ORD-1191,Indore,Mahalaxmi Nagar,garden ke samne,22.74973,75.906472,SUCCESS
ORD-1192,Indore,Mahalaxmi Nagar,garden ke samne,22.749722,75.90614,SUCCESS
ORD-1193,Indore,Mahalaxmi Nagar,children park ke bagal,22.749366,75.90596,SUCCESS
ORD-1194,Indore,Mahalaxmi Nagar,garden ke samne,22.749918,75.906462,SUCCESS
ORD-1195,Indore,Mahalaxmi Nagar,ration shop ke paas,22.748385,75.903448,SUCCESS
ORD-1196,Indore,Mahalaxmi Nagar,grocery shop near house,22.748174,75.903306,SUCCESS
ORD-1197,Indore,Mahalaxmi Nagar,ration shop ke paas,22.748255,75.903916,SUCCESS
ORD-1198,Indore,Mahalaxmi Nagar,grocery shop near house,22.748462,75.903393,SUCCESS
ORD-1199,Indore,Mahalaxmi Nagar,ration shop ke paas,22.748497,75.903374,SUCCESS
ORD-1200,Indore,Mahalaxmi Nagar,grocery shop near house,22.748207,75.903848,SUCCESS
ORD-1201,Indore,Mahalaxmi Nagar,grocery shop near house,22.747935,75.903591,SUCCESS
ORD-1202,Indore,Mahalaxmi Nagar,ration shop ke paas,22.747925,75.903758,SUCCESS
ORD-1203,Indore,Mahalaxmi Nagar,kirana store ke bagal,22.747768,75.903472,SUCCESS
ORD-1204,Indore,Mahalaxmi Nagar,ration shop ke paas,22.74831,75.903497,SUCCESS
ORD-1205,Indore,Mahalaxmi Nagar,kirana store ke bagal,22.748452,75.903487,SUCCESS
ORD-1206,Indore,Mahalaxmi Nagar,ration shop ke paas,22.74821,75.903526,SUCCESS
ORD-1207,Indore,Mahalaxmi Nagar,grocery shop near house,22.748341,75.903684,SUCCESS
ORD-1208,Indore,Mahalaxmi Nagar,grocery shop near house,22.74838,75.903849,SUCCESS
ORD-1209,Indore,Mahalaxmi Nagar,ration shop ke paas,22.747838,75.903459,SUCCESS
ORD-1210,Indore,Mahalaxmi Nagar,ration shop ke paas,22.748389,75.903623,SUCCESS
ORD-1211,Indore,Mahalaxmi Nagar,grocery shop near house,22.748106,75.903976,SUCCESS
ORD-1212,Indore,Mahalaxmi Nagar,kirana store ke bagal,22.74806,75.903943,SUCCESS
ORD-1213,Indore,Mahalaxmi Nagar,grocery shop near house,22.747775,75.903414,SUCCESS
ORD-1214,Indore,Mahalaxmi Nagar,kirana store ke bagal,22.748209,75.903704,SUCCESS
ORD-1215,Indore,Mahalaxmi Nagar,kirana store ke bagal,22.74783,75.903767,SUCCESS
ORD-1216,Indore,Mahalaxmi Nagar,ration shop ke paas,22.748326,75.903764,SUCCESS
ORD-1217,Indore,Mahalaxmi Nagar,ration shop ke paas,22.748193,75.903469,SUCCESS
ORD-1218,Indore,Mahalaxmi Nagar,kirana store ke bagal,22.747701,75.903343,SUCCESS
ORD-1219,Indore,Mahalaxmi Nagar,grocery shop near house,22.748125,75.904005,SUCCESS
ORD-1220,Indore,Mahalaxmi Nagar,grocery shop near house,22.748192,75.903974,SUCCESS
ORD-1221,Indore,Mahalaxmi Nagar,kirana store ke bagal,22.747842,75.903681,SUCCESS
ORD-1222,Indore,Mahalaxmi Nagar,ration shop ke paas,22.748232,75.904066,SUCCESS
ORD-1223,Indore,Mahalaxmi Nagar,ration shop ke paas,22.748083,75.903701,SUCCESS
ORD-1224,Indore,Mahalaxmi Nagar,kirana store ke bagal,22.747814,75.903531,SUCCESS
ORD-1225,Indore,Mahalaxmi Nagar,grocery shop near house,22.747987,75.903322,SUCCESS
ORD-1226,Indore,Mahalaxmi Nagar,kirana store ke bagal,22.747822,75.904046,SUCCESS
ORD-1227,Indore,Mahalaxmi Nagar,grocery shop near house,22.748133,75.903748,SUCCESS
ORD-1228,Indore,Mahalaxmi Nagar,grocery shop near house,22.747944,75.903844,SUCCESS
ORD-1229,Indore,Mahalaxmi Nagar,kirana store ke bagal,22.748281,75.903502,SUCCESS
ORD-1230,Indore,Mahalaxmi Nagar,kirana store ke bagal,22.748173,75.903577,SUCCESS
ORD-1231,Indore,Mahalaxmi Nagar,grocery shop near house,22.748442,75.90407,SUCCESS
ORD-1232,Indore,Mahalaxmi Nagar,ration shop ke paas,22.748082,75.903704,SUCCESS
ORD-1233,Indore,Mahalaxmi Nagar,kirana store ke bagal,22.747788,75.903667,SUCCESS
ORD-1234,Indore,Mahalaxmi Nagar,grocery shop near house,22.747728,75.90405,SUCCESS
ORD-1235,Indore,Mahalaxmi Nagar,ration shop ke paas,22.748238,75.904017,SUCCESS
ORD-1236,Indore,Mahalaxmi Nagar,ration shop ke paas,22.74794,75.903344,SUCCESS
ORD-1237,Indore,Mahalaxmi Nagar,kirana store ke bagal,22.747898,75.903487,SUCCESS
ORD-1238,Indore,Mahalaxmi Nagar,ration shop ke paas,22.748378,75.903566,SUCCESS
ORD-1239,Indore,Mahalaxmi Nagar,kirana store ke bagal,22.74789,75.903748,SUCCESS
ORD-1240,Indore,Mahalaxmi Nagar,kirana store ke bagal,22.74783,75.904055,SUCCESS
ORD-1241,Indore,Mahalaxmi Nagar,kirana store ke bagal,22.747748,75.903612,SUCCESS
ORD-1242,Indore,Mahalaxmi Nagar,grocery shop near house,22.748397,75.903336,SUCCESS
ORD-1243,Indore,Mahalaxmi Nagar,ration shop ke paas,22.748242,75.903751,SUCCESS
ORD-1244,Indore,Mahalaxmi Nagar,ration shop ke paas,22.748089,75.903329,SUCCESS
ORD-1245,Indore,Mahalaxmi Nagar,kirana store ke bagal,22.747913,75.903358,SUCCESS
ORD-1246,Indore,Mahalaxmi Nagar,ration shop ke paas,22.748142,75.903428,SUCCESS
ORD-1247,Indore,Mahalaxmi Nagar,ration shop ke paas,22.747882,75.903453,SUCCESS
ORD-1248,Indore,Mahalaxmi Nagar,grocery shop near house,22.747927,75.903624,SUCCESS
ORD-1249,Indore,Mahalaxmi Nagar,grocery shop near house,22.74815,75.903352,SUCCESS
ORD-1250,Indore,Mahalaxmi Nagar,ration shop ke paas,22.748347,75.903854,SUCCESS
ORD-1251,Indore,Mahalaxmi Nagar,grocery shop near house,22.747704,75.903581,SUCCESS
ORD-1252,Indore,Mahalaxmi Nagar,kirana store ke bagal,22.748141,75.903619,SUCCESS
ORD-1253,Indore,Mahalaxmi Nagar,grocery shop near house,22.748231,75.903522,SUCCESS
ORD-1254,Indore,Mahalaxmi Nagar,grocery shop near house,22.748155,75.903893,SUCCESS
ORD-1255,Indore,Mahalaxmi Nagar,ration shop ke paas,22.748408,75.903334,SUCCESS
ORD-1256,Indore,Mahalaxmi Nagar,kirana store ke bagal,22.747967,75.904069,SUCCESS
ORD-1257,Indore,Mahalaxmi Nagar,kirana store ke bagal,22.748248,75.903305,SUCCESS
ORD-1258,Indore,Mahalaxmi Nagar,ration shop ke paas,22.74844,75.903633,SUCCESS
ORD-1259,Indore,Mahalaxmi Nagar,ration shop ke paas,22.748074,75.903467,SUCCESS
ORD-1260,Indore,Mahalaxmi Nagar,grocery shop near house,22.748398,75.903782,SUCCESS
ORD-1261,Indore,Mahalaxmi Nagar,ration shop ke paas,22.748104,75.903311,SUCCESS
ORD-1262,Indore,Mahalaxmi Nagar,grocery shop near house,22.748191,75.903366,SUCCESS
ORD-1263,Indore,Mahalaxmi Nagar,kirana store ke bagal,22.748431,75.903435,SUCCESS
ORD-1264,Indore,Mahalaxmi Nagar,kirana store ke bagal,22.747994,75.903614,SUCCESS
ORD-1265,Indore,Mahalaxmi Nagar,ration shop ke paas,22.748025,75.903333,SUCCESS
ORD-1266,Indore,Mahalaxmi Nagar,ration shop ke paas,22.748219,75.903738,SUCCESS
ORD-1267,Indore,Mahalaxmi Nagar,ration shop ke paas,22.748024,75.904058,SUCCESS
ORD-1268,Indore,Mahalaxmi Nagar,grocery shop near house,22.748381,75.903898,SUCCESS
ORD-1269,Indore,Mahalaxmi Nagar,ration shop ke paas,22.747822,75.903475,SUCCESS
ORD-1270,Indore,Mahalaxmi Nagar,grocery shop near house,22.748276,75.903734,SUCCESS
ORD-1271,Indore,Mahalaxmi Nagar,grocery shop near house,22.748151,75.90398,SUCCESS
ORD-1272,Indore,Mahalaxmi Nagar,ration shop ke paas,22.748234,75.903673,SUCCESS
ORD-1273,Indore,Mahalaxmi Nagar,grocery shop near house,22.74835,75.903743,SUCCESS
ORD-1274,Indore,Mahalaxmi Nagar,grocery shop near house,22.748059,75.903908,SUCCESS
ORD-1275,Indore,Mahalaxmi Nagar,grocery shop near house,22.748375,75.903939,SUCCESS
ORD-1276,Indore,Mahalaxmi Nagar,grocery shop near house,22.74843,75.903491,SUCCESS
ORD-1277,Indore,Mahalaxmi Nagar,kirana store ke bagal,22.748155,75.90346,SUCCESS
ORD-1278,Indore,Mahalaxmi Nagar,ration shop ke paas,22.747881,75.903681,SUCCESS
ORD-1279,Indore,Mahalaxmi Nagar,kirana store ke bagal,22.748429,75.90405,SUCCESS
ORD-1280,Indore,Mahalaxmi Nagar,kirana store ke bagal,22.748112,75.903488,SUCCESS
ORD-1281,Indore,Mahalaxmi Nagar,kirana store ke bagal,22.748296,75.90379,SUCCESS
ORD-1282,Indore,Mahalaxmi Nagar,ration shop ke paas,22.748418,75.903742,SUCCESS
ORD-1283,Indore,Mahalaxmi Nagar,ration shop ke paas,22.748295,75.903608,SUCCESS
ORD-1284,Indore,Mahalaxmi Nagar,grocery shop near house,22.748008,75.903996,SUCCESS
ORD-1285,Indore,Mahalaxmi Nagar,ration shop ke paas,22.748167,75.904076,SUCCESS
ORD-1286,Indore,Mahalaxmi Nagar,ration shop ke paas,22.748175,75.90393,SUCCESS
ORD-1287,Indore,Mahalaxmi Nagar,ration shop ke paas,22.747846,75.90382,SUCCESS
ORD-1288,Indore,Mahalaxmi Nagar,grocery shop near house,22.748393,75.903348,SUCCESS
ORD-1289,Indore,Mahalaxmi Nagar,kirana store ke bagal,22.748258,75.904023,SUCCESS
ORD-1290,Indore,Mahalaxmi Nagar,ration shop ke paas,22.748109,75.90338,SUCCESS
ORD-1291,Indore,Mahalaxmi Nagar,grocery shop near house,22.748347,75.903304,SUCCESS
ORD-1292,Indore,Mahalaxmi Nagar,kirana store ke bagal,22.747695,75.90333,SUCCESS
ORD-1293,Indore,Mahalaxmi Nagar,grocery shop near house,22.747797,75.903654,SUCCESS
ORD-1294,Indore,Mahalaxmi Nagar,ration shop ke paas,22.747777,75.903738,SUCCESS
ORD-1295,Indore,Mahalaxmi Nagar,kirana store ke bagal,22.747974,75.903552,SUCCESS
ORD-1296,Indore,Mahalaxmi Nagar,grocery shop near house,22.748377,75.903902,SUCCESS
ORD-1297,Indore,Mahalaxmi Nagar,kirana store ke bagal,22.748405,75.903315,SUCCESS
ORD-1298,Indore,Mahalaxmi Nagar,ration shop ke paas,22.748393,75.903824,SUCCESS
ORD-1299,Indore,Mahalaxmi Nagar,kirana store ke bagal,22.748386,75.904079,SUCCESS
ORD-1300,Indore,Mahalaxmi Nagar,kirana store ke bagal,22.748106,75.903903,SUCCESS
ORD-1301,Indore,Mahalaxmi Nagar,grocery shop near house,22.748062,75.903482,SUCCESS
ORD-1302,Indore,Mahalaxmi Nagar,kirana store ke bagal,22.74772,75.903832,SUCCESS
ORD-1303,Indore,Mahalaxmi Nagar,ration shop ke paas,22.748124,75.903598,SUCCESS
ORD-1304,Indore,Mahalaxmi Nagar,grocery shop near house,22.747939,75.903514,SUCCESS
ORD-1305,Indore,Mahalaxmi Nagar,grocery shop near house,22.748123,75.903426,SUCCESS
ORD-1306,Indore,Mahalaxmi Nagar,kirana store ke bagal,22.747714,75.903887,SUCCESS
ORD-1307,Indore,Mahalaxmi Nagar,ration shop ke paas,22.747775,75.903299,SUCCESS
ORD-1308,Indore,Mahalaxmi Nagar,grocery shop near house,22.748443,75.903612,SUCCESS
ORD-1309,Indore,Mahalaxmi Nagar,ration shop ke paas,22.748289,75.903427,SUCCESS
ORD-1310,Indore,Mahalaxmi Nagar,ration shop ke paas,22.747974,75.903774,SUCCESS
ORD-1311,Indore,Mahalaxmi Nagar,grocery shop near house,22.748013,75.903688,SUCCESS
ORD-1312,Indore,Mahalaxmi Nagar,kirana store ke bagal,22.748424,75.904031,SUCCESS
ORD-1313,Indore,Mahalaxmi Nagar,grocery shop near house,22.748422,75.903485,SUCCESS
ORD-1314,Indore,Mahalaxmi Nagar,kirana store ke bagal,22.748371,75.903326,SUCCESS
ORD-1315,Indore,Mahalaxmi Nagar,grocery shop near house,22.748036,75.903555,SUCCESS
ORD-1316,Indore,Mahalaxmi Nagar,ration shop ke paas,22.748387,75.903546,SUCCESS
ORD-1317,Indore,Mahalaxmi Nagar,kirana store ke bagal,22.747878,75.903666,SUCCESS
ORD-1318,Indore,Mahalaxmi Nagar,grocery shop near house,22.748301,75.903599,SUCCESS
ORD-1319,Indore,Mahalaxmi Nagar,grocery shop near house,22.748276,75.90381,SUCCESS
ORD-1320,Indore,Mahalaxmi Nagar,grocery shop near house,22.74773,75.903453,SUCCESS
ORD-1321,Indore,Mahalaxmi Nagar,ration shop ke paas,22.747949,75.903491,SUCCESS
ORD-1322,Indore,Mahalaxmi Nagar,ration shop ke paas,22.748318,75.903453,SUCCESS
ORD-1323,Indore,Mahalaxmi Nagar,grocery shop near house,22.747785,75.90351,SUCCESS
ORD-1324,Indore,Mahalaxmi Nagar,kirana store ke bagal,22.748149,75.903532,SUCCESS
ORD-1325,Indore,Mahalaxmi Nagar,grocery shop near house,22.748479,75.903555,SUCCESS
ORD-1326,Indore,Mahalaxmi Nagar,grocery shop near house,22.748414,75.903628,SUCCESS
ORD-1327,Indore,Mahalaxmi Nagar,kirana store ke bagal,22.748059,75.90408,SUCCESS
ORD-1328,Indore,Mahalaxmi Nagar,kirana store ke bagal,22.748362,75.903703,SUCCESS
ORD-1329,Indore,Mahalaxmi Nagar,grocery shop near house,22.747941,75.903379,SUCCESS
ORD-1330,Indore,Mahalaxmi Nagar,kirana store ke bagal,22.747926,75.903846,SUCCESS
ORD-1331,Indore,Mahalaxmi Nagar,ration shop ke paas,22.74798,75.903966,SUCCESS
ORD-1332,Indore,Mahalaxmi Nagar,kirana store ke bagal,22.748313,75.903747,SUCCESS
ORD-1333,Indore,Mahalaxmi Nagar,kirana store ke bagal,22.747951,75.903536,SUCCESS
ORD-1334,Indore,Mahalaxmi Nagar,kirana store ke bagal,22.747836,75.903555,SUCCESS
ORD-1335,Indore,Pithampur Industrial Area,plant gate teen,22.610943,75.682139,SUCCESS
ORD-1336,Indore,Pithampur Industrial Area,plant gate teen,22.611281,75.682,SUCCESS
ORD-1337,Indore,Pithampur Industrial Area,plant gate teen,22.611371,75.682172,SUCCESS
ORD-1338,Indore,Pithampur Industrial Area,gate 3 ke paas,22.610885,75.681831,SUCCESS
ORD-1339,Indore,Pithampur Industrial Area,factory gate number 3,22.611434,75.682247,SUCCESS
ORD-1340,Indore,Pithampur Industrial Area,factory gate number 3,22.611558,75.682121,SUCCESS
ORD-1341,Indore,Pithampur Industrial Area,factory gate number 3,22.611465,75.682476,SUCCESS
ORD-1342,Indore,Pithampur Industrial Area,gate 3 ke paas,22.611073,75.682351,SUCCESS
ORD-1343,Indore,Pithampur Industrial Area,gate 3 ke paas,22.611169,75.682188,SUCCESS
ORD-1344,Indore,Pithampur Industrial Area,plant gate teen,22.611257,75.682264,SUCCESS
ORD-1345,Indore,Pithampur Industrial Area,factory gate number 3,22.611291,75.682487,SUCCESS
ORD-1346,Indore,Pithampur Industrial Area,factory gate number 3,22.611418,75.681897,SUCCESS
ORD-1347,Indore,Pithampur Industrial Area,gate 3 ke paas,22.611336,75.682154,SUCCESS
ORD-1348,Indore,Pithampur Industrial Area,plant gate teen,22.611449,75.681978,SUCCESS
ORD-1349,Indore,Pithampur Industrial Area,gate 3 ke paas,22.611522,75.682235,SUCCESS
ORD-1350,Indore,Pithampur Industrial Area,gate 3 ke paas,22.611235,75.681702,SUCCESS
ORD-1351,Indore,Pithampur Industrial Area,plant gate teen,22.611426,75.682329,SUCCESS
ORD-1352,Indore,Pithampur Industrial Area,factory gate number 3,22.611008,75.682334,SUCCESS
ORD-1353,Indore,Pithampur Industrial Area,gate 3 ke paas,22.610989,75.682462,SUCCESS
ORD-1354,Indore,Pithampur Industrial Area,plant gate teen,22.611165,75.682209,SUCCESS
ORD-1355,Indore,Pithampur Industrial Area,plant gate teen,22.611247,75.682355,SUCCESS
ORD-1356,Indore,Pithampur Industrial Area,gate 3 ke paas,22.610821,75.681959,SUCCESS
ORD-1357,Indore,Pithampur Industrial Area,plant gate teen,22.610994,75.682025,SUCCESS
ORD-1358,Indore,Pithampur Industrial Area,gate 3 ke paas,22.610845,75.681709,SUCCESS
ORD-1359,Indore,Pithampur Industrial Area,factory gate number 3,22.611289,75.681759,SUCCESS
ORD-1360,Indore,Pithampur Industrial Area,gate 3 ke paas,22.611553,75.682359,SUCCESS
ORD-1361,Indore,Pithampur Industrial Area,gate 3 ke paas,22.611587,75.682167,SUCCESS
ORD-1362,Indore,Pithampur Industrial Area,factory gate number 3,22.610979,75.682102,SUCCESS
ORD-1363,Indore,Pithampur Industrial Area,plant gate teen,22.611503,75.682487,SUCCESS
ORD-1364,Indore,Pithampur Industrial Area,factory gate number 3,22.611496,75.682103,SUCCESS
ORD-1365,Indore,Pithampur Industrial Area,gate 3 ke paas,22.611528,75.68211,SUCCESS
ORD-1366,Indore,Pithampur Industrial Area,gate 3 ke paas,22.611425,75.682146,SUCCESS
ORD-1367,Indore,Pithampur Industrial Area,factory gate number 3,22.610835,75.682082,SUCCESS
ORD-1368,Indore,Pithampur Industrial Area,gate 3 ke paas,22.611354,75.681898,SUCCESS
ORD-1369,Indore,Pithampur Industrial Area,factory gate number 3,22.611426,75.682024,SUCCESS
ORD-1370,Indore,Pithampur Industrial Area,gate 3 ke paas,22.611029,75.681716,SUCCESS
ORD-1371,Indore,Pithampur Industrial Area,gate 3 ke paas,22.611005,75.682251,SUCCESS
ORD-1372,Indore,Pithampur Industrial Area,factory gate number 3,22.610853,75.68201,SUCCESS
ORD-1373,Indore,Pithampur Industrial Area,plant gate teen,22.61094,75.68248,SUCCESS
ORD-1374,Indore,Pithampur Industrial Area,gate 3 ke paas,22.611489,75.682134,SUCCESS
ORD-1375,Indore,Pithampur Industrial Area,factory gate number 3,22.610914,75.682441,SUCCESS
ORD-1376,Indore,Pithampur Industrial Area,gate 3 ke paas,22.610961,75.681943,SUCCESS
ORD-1377,Indore,Pithampur Industrial Area,factory gate number 3,22.611096,75.682192,SUCCESS
ORD-1378,Indore,Pithampur Industrial Area,plant gate teen,22.611528,75.682289,SUCCESS
ORD-1379,Indore,Pithampur Industrial Area,plant gate teen,22.610993,75.681782,SUCCESS
ORD-1380,Indore,Pithampur Industrial Area,plant gate teen,22.611137,75.681988,SUCCESS
ORD-1381,Indore,Pithampur Industrial Area,gate 3 ke paas,22.611193,75.682105,SUCCESS
ORD-1382,Indore,Pithampur Industrial Area,factory gate number 3,22.611165,75.681957,SUCCESS
ORD-1383,Indore,Pithampur Industrial Area,factory gate number 3,22.611286,75.681769,SUCCESS
ORD-1384,Indore,Pithampur Industrial Area,gate 3 ke paas,22.610983,75.682414,SUCCESS
ORD-1385,Indore,Pithampur Industrial Area,gate 3 ke paas,22.610852,75.682411,SUCCESS
ORD-1386,Indore,Pithampur Industrial Area,factory gate number 3,22.61156,75.681728,SUCCESS
ORD-1387,Indore,Pithampur Industrial Area,factory gate number 3,22.61119,75.681947,SUCCESS
ORD-1388,Indore,Pithampur Industrial Area,gate 3 ke paas,22.611455,75.682267,SUCCESS
ORD-1389,Indore,Pithampur Industrial Area,factory gate number 3,22.611021,75.682263,SUCCESS
ORD-1390,Indore,Pithampur Industrial Area,plant gate teen,22.611317,75.681801,SUCCESS
ORD-1391,Indore,Pithampur Industrial Area,plant gate teen,22.611231,75.681996,SUCCESS
ORD-1392,Indore,Pithampur Industrial Area,plant gate teen,22.611162,75.682389,SUCCESS
ORD-1393,Indore,Pithampur Industrial Area,gate 3 ke paas,22.611597,75.682498,SUCCESS
ORD-1394,Indore,Pithampur Industrial Area,factory gate number 3,22.611447,75.6824,SUCCESS
ORD-1395,Indore,Pithampur Industrial Area,plant gate teen,22.611414,75.682453,SUCCESS
ORD-1396,Indore,Pithampur Industrial Area,plant gate teen,22.610986,75.682342,SUCCESS
ORD-1397,Indore,Pithampur Industrial Area,factory gate number 3,22.610948,75.682077,SUCCESS
ORD-1398,Indore,Pithampur Industrial Area,plant gate teen,22.611085,75.68198,SUCCESS
ORD-1399,Indore,Pithampur Industrial Area,plant gate teen,22.611146,75.681869,SUCCESS
ORD-1400,Indore,Pithampur Industrial Area,plant gate teen,22.611084,75.682309,SUCCESS
ORD-1401,Indore,Pithampur Industrial Area,gate 3 ke paas,22.610912,75.682247,SUCCESS
ORD-1402,Indore,Pithampur Industrial Area,plant gate teen,22.610803,75.682382,SUCCESS
ORD-1403,Indore,Pithampur Industrial Area,gate 3 ke paas,22.610839,75.682034,SUCCESS
ORD-1404,Indore,Pithampur Industrial Area,gate 3 ke paas,22.610835,75.68197,SUCCESS
ORD-1405,Indore,Pithampur Industrial Area,gate 3 ke paas,22.611136,75.68201,SUCCESS
ORD-1406,Indore,Pithampur Industrial Area,factory gate number 3,22.611556,75.681888,SUCCESS
ORD-1407,Indore,Pithampur Industrial Area,gate 3 ke paas,22.611591,75.682299,SUCCESS
ORD-1408,Indore,Pithampur Industrial Area,plant gate teen,22.610847,75.682314,SUCCESS
ORD-1409,Indore,Pithampur Industrial Area,gate 3 ke paas,22.611082,75.681941,SUCCESS
ORD-1410,Indore,Pithampur Industrial Area,factory gate number 3,22.611101,75.682469,SUCCESS
ORD-1411,Indore,Pithampur Industrial Area,factory gate number 3,22.611359,75.682472,SUCCESS
ORD-1412,Indore,Pithampur Industrial Area,gate 3 ke paas,22.611089,75.682037,SUCCESS
ORD-1413,Indore,Pithampur Industrial Area,factory gate number 3,22.611561,75.682489,SUCCESS
ORD-1414,Indore,Pithampur Industrial Area,plant gate teen,22.611157,75.682417,SUCCESS
ORD-1415,Indore,Pithampur Industrial Area,plant gate teen,22.61095,75.68172,SUCCESS
ORD-1416,Indore,Pithampur Industrial Area,factory gate number 3,22.611152,75.682072,SUCCESS
ORD-1417,Indore,Pithampur Industrial Area,gate 3 ke paas,22.611263,75.682299,SUCCESS
ORD-1418,Indore,Pithampur Industrial Area,factory gate number 3,22.611494,75.682349,SUCCESS
ORD-1419,Indore,Pithampur Industrial Area,plant gate teen,22.611497,75.682497,SUCCESS
ORD-1420,Indore,Pithampur Industrial Area,gate 3 ke paas,22.61142,75.681755,SUCCESS
ORD-1421,Indore,Pithampur Industrial Area,gate 3 ke paas,22.611322,75.682319,SUCCESS
ORD-1422,Indore,Pithampur Industrial Area,factory gate number 3,22.611554,75.681851,SUCCESS
ORD-1423,Indore,Pithampur Industrial Area,plant gate teen,22.611551,75.681977,SUCCESS
ORD-1424,Indore,Pithampur Industrial Area,plant gate teen,22.6115,75.681856,SUCCESS
ORD-1425,Indore,Pithampur Industrial Area,plant gate teen,22.611359,75.682034,SUCCESS
ORD-1426,Indore,Pithampur Industrial Area,plant gate teen,22.610931,75.681781,SUCCESS
ORD-1427,Indore,Pithampur Industrial Area,plant gate teen,22.611084,75.682106,SUCCESS
ORD-1428,Indore,Pithampur Industrial Area,factory gate number 3,22.611283,75.682385,SUCCESS
ORD-1429,Indore,Pithampur Industrial Area,plant gate teen,22.610877,75.682003,SUCCESS
ORD-1430,Indore,Pithampur Industrial Area,gate 3 ke paas,22.610913,75.68197,SUCCESS
ORD-1431,Indore,Pithampur Industrial Area,gate 3 ke paas,22.611402,75.682287,SUCCESS
ORD-1432,Indore,Pithampur Industrial Area,plant gate teen,22.61087,75.682017,SUCCESS
ORD-1433,Indore,Pithampur Industrial Area,factory gate number 3,22.611364,75.682266,SUCCESS
ORD-1434,Indore,Pithampur Industrial Area,gate 3 ke paas,22.611309,75.6821,SUCCESS
ORD-1435,Indore,Pithampur Industrial Area,plant gate teen,22.611385,75.682307,SUCCESS
ORD-1436,Indore,Pithampur Industrial Area,factory gate number 3,22.611148,75.682079,SUCCESS
ORD-1437,Indore,Pithampur Industrial Area,gate 3 ke paas,22.611459,75.682043,SUCCESS
ORD-1438,Indore,Pithampur Industrial Area,factory gate number 3,22.611605,75.681953,SUCCESS
ORD-1439,Indore,Pithampur Industrial Area,gate 3 ke paas,22.611363,75.681819,SUCCESS
ORD-1440,Indore,Pithampur Industrial Area,gate 3 ke paas,22.611242,75.682143,SUCCESS
ORD-1441,Indore,Pithampur Industrial Area,factory gate number 3,22.611514,75.682175,SUCCESS
ORD-1442,Indore,Pithampur Industrial Area,factory gate number 3,22.610946,75.682422,SUCCESS
ORD-1443,Indore,Pithampur Industrial Area,factory gate number 3,22.610953,75.68228,SUCCESS
ORD-1444,Indore,Pithampur Industrial Area,gate 3 ke paas,22.611604,75.681855,SUCCESS
ORD-1445,Indore,Pithampur Industrial Area,plant gate teen,22.611227,75.682216,SUCCESS
ORD-1446,Indore,Pithampur Industrial Area,factory gate number 3,22.610937,75.682408,SUCCESS
ORD-1447,Indore,Pithampur Industrial Area,plant gate teen,22.611202,75.682344,SUCCESS
ORD-1448,Indore,Pithampur Industrial Area,gate 3 ke paas,22.611487,75.681887,SUCCESS
ORD-1449,Indore,Pithampur Industrial Area,plant gate teen,22.611239,75.682138,SUCCESS
ORD-1450,Indore,Pithampur Industrial Area,factory gate number 3,22.611156,75.682456,SUCCESS
ORD-1451,Indore,Pithampur Industrial Area,plant gate teen,22.611526,75.682484,SUCCESS
ORD-1452,Indore,Pithampur Industrial Area,plant gate teen,22.610847,75.682106,SUCCESS
ORD-1453,Indore,Pithampur Industrial Area,factory gate number 3,22.611485,75.682083,SUCCESS
ORD-1454,Indore,Pithampur Industrial Area,plant gate teen,22.611205,75.681984,SUCCESS
ORD-1455,Indore,Pithampur Industrial Area,transport nagar dhaba,22.608529,75.684627,SUCCESS
ORD-1456,Indore,Pithampur Industrial Area,transport nagar dhaba,22.609187,75.684566,SUCCESS
ORD-1457,Indore,Pithampur Industrial Area,truck wala dhaba,22.60919,75.684183,SUCCESS
ORD-1458,Indore,Pithampur Industrial Area,truck wala dhaba,22.608942,75.684218,SUCCESS
ORD-1459,Indore,Pithampur Industrial Area,transport nagar dhaba,22.608833,75.684206,SUCCESS
ORD-1460,Indore,Pithampur Industrial Area,dhaba near transport area,22.608778,75.684602,SUCCESS
ORD-1461,Indore,Pithampur Industrial Area,dhaba near transport area,22.609228,75.684686,SUCCESS
ORD-1462,Indore,Pithampur Industrial Area,dhaba near transport area,22.60895,75.684039,SUCCESS
ORD-1463,Indore,Pithampur Industrial Area,truck wala dhaba,22.608909,75.684702,SUCCESS
ORD-1464,Indore,Pithampur Industrial Area,truck wala dhaba,22.60865,75.684758,SUCCESS
ORD-1465,Indore,Pithampur Industrial Area,truck wala dhaba,22.609225,75.68451,SUCCESS
ORD-1466,Indore,Pithampur Industrial Area,truck wala dhaba,22.608707,75.684471,SUCCESS
ORD-1467,Indore,Pithampur Industrial Area,transport nagar dhaba,22.60924,75.684734,SUCCESS
ORD-1468,Indore,Pithampur Industrial Area,transport nagar dhaba,22.60862,75.684233,SUCCESS
ORD-1469,Indore,Pithampur Industrial Area,transport nagar dhaba,22.608931,75.684269,SUCCESS
ORD-1470,Indore,Pithampur Industrial Area,truck wala dhaba,22.609198,75.68413,SUCCESS
ORD-1471,Indore,Pithampur Industrial Area,truck wala dhaba,22.609157,75.684692,SUCCESS
ORD-1472,Indore,Pithampur Industrial Area,transport nagar dhaba,22.60927,75.684214,SUCCESS
ORD-1473,Indore,Pithampur Industrial Area,transport nagar dhaba,22.609215,75.684799,SUCCESS
ORD-1474,Indore,Pithampur Industrial Area,transport nagar dhaba,22.608929,75.684188,SUCCESS
ORD-1475,Indore,Pithampur Industrial Area,dhaba near transport area,22.608533,75.684522,SUCCESS
ORD-1476,Indore,Pithampur Industrial Area,transport nagar dhaba,22.609296,75.684361,SUCCESS
ORD-1477,Indore,Pithampur Industrial Area,truck wala dhaba,22.609189,75.684791,SUCCESS
ORD-1478,Indore,Pithampur Industrial Area,truck wala dhaba,22.608706,75.684265,SUCCESS
ORD-1479,Indore,Pithampur Industrial Area,transport nagar dhaba,22.608802,75.684667,SUCCESS
ORD-1480,Indore,Pithampur Industrial Area,dhaba near transport area,22.609303,75.684035,SUCCESS
ORD-1481,Indore,Pithampur Industrial Area,truck wala dhaba,22.609152,75.684379,SUCCESS
ORD-1482,Indore,Pithampur Industrial Area,truck wala dhaba,22.609161,75.684763,SUCCESS
ORD-1483,Indore,Pithampur Industrial Area,truck wala dhaba,22.609089,75.684176,SUCCESS
ORD-1484,Indore,Pithampur Industrial Area,dhaba near transport area,22.608913,75.684605,SUCCESS
ORD-1485,Indore,Pithampur Industrial Area,transport nagar dhaba,22.608685,75.684449,SUCCESS
ORD-1486,Indore,Pithampur Industrial Area,dhaba near transport area,22.60889,75.684258,SUCCESS
ORD-1487,Indore,Pithampur Industrial Area,transport nagar dhaba,22.609002,75.684542,SUCCESS
ORD-1488,Indore,Pithampur Industrial Area,dhaba near transport area,22.608549,75.684363,SUCCESS
ORD-1489,Indore,Pithampur Industrial Area,dhaba near transport area,22.608753,75.684045,SUCCESS
ORD-1490,Indore,Pithampur Industrial Area,transport nagar dhaba,22.608542,75.68422,SUCCESS
ORD-1491,Indore,Pithampur Industrial Area,dhaba near transport area,22.60911,75.684482,SUCCESS
ORD-1492,Indore,Pithampur Industrial Area,truck wala dhaba,22.608854,75.684602,SUCCESS
ORD-1493,Indore,Pithampur Industrial Area,transport nagar dhaba,22.608567,75.684067,SUCCESS
ORD-1494,Indore,Pithampur Industrial Area,transport nagar dhaba,22.609088,75.684273,SUCCESS
ORD-1495,Indore,Pithampur Industrial Area,dhaba near transport area,22.60852,75.684536,SUCCESS
ORD-1496,Indore,Pithampur Industrial Area,truck wala dhaba,22.609183,75.684426,SUCCESS
ORD-1497,Indore,Pithampur Industrial Area,dhaba near transport area,22.608565,75.684758,SUCCESS
ORD-1498,Indore,Pithampur Industrial Area,transport nagar dhaba,22.608529,75.684499,SUCCESS
ORD-1499,Indore,Pithampur Industrial Area,truck wala dhaba,22.609159,75.684375,SUCCESS
ORD-1500,Indore,Pithampur Industrial Area,dhaba near transport area,22.609062,75.684655,SUCCESS
ORD-1501,Indore,Pithampur Industrial Area,truck wala dhaba,22.608925,75.684464,SUCCESS
ORD-1502,Indore,Pithampur Industrial Area,dhaba near transport area,22.608759,75.684356,SUCCESS
ORD-1503,Indore,Pithampur Industrial Area,transport nagar dhaba,22.608528,75.684169,SUCCESS
ORD-1504,Indore,Pithampur Industrial Area,truck wala dhaba,22.60864,75.684514,SUCCESS
ORD-1505,Indore,Pithampur Industrial Area,transport nagar dhaba,22.609153,75.684533,SUCCESS
ORD-1506,Indore,Pithampur Industrial Area,dhaba near transport area,22.608583,75.684257,SUCCESS
ORD-1507,Indore,Pithampur Industrial Area,truck wala dhaba,22.608527,75.684799,SUCCESS
ORD-1508,Indore,Pithampur Industrial Area,truck wala dhaba,22.609001,75.684221,SUCCESS
ORD-1509,Indore,Pithampur Industrial Area,truck wala dhaba,22.60858,75.684357,SUCCESS
ORD-1510,Indore,Pithampur Industrial Area,truck wala dhaba,22.60889,75.684154,SUCCESS
ORD-1511,Indore,Pithampur Industrial Area,dhaba near transport area,22.60851,75.684416,SUCCESS
ORD-1512,Indore,Pithampur Industrial Area,truck wala dhaba,22.608816,75.684703,SUCCESS
ORD-1513,Indore,Pithampur Industrial Area,truck wala dhaba,22.6088,75.68421,SUCCESS
ORD-1514,Indore,Pithampur Industrial Area,dhaba near transport area,22.609067,75.684732,SUCCESS
ORD-1515,Indore,Pithampur Industrial Area,transport nagar dhaba,22.608917,75.684174,SUCCESS
ORD-1516,Indore,Pithampur Industrial Area,truck wala dhaba,22.609153,75.684803,SUCCESS
ORD-1517,Indore,Pithampur Industrial Area,truck wala dhaba,22.608643,75.684541,SUCCESS
ORD-1518,Indore,Pithampur Industrial Area,transport nagar dhaba,22.609149,75.68476,SUCCESS
ORD-1519,Indore,Pithampur Industrial Area,transport nagar dhaba,22.608636,75.684347,SUCCESS
ORD-1520,Indore,Pithampur Industrial Area,transport nagar dhaba,22.608724,75.684373,SUCCESS
ORD-1521,Indore,Pithampur Industrial Area,truck wala dhaba,22.608635,75.684364,SUCCESS
ORD-1522,Indore,Pithampur Industrial Area,truck wala dhaba,22.609024,75.684361,SUCCESS
ORD-1523,Indore,Pithampur Industrial Area,transport nagar dhaba,22.608578,75.684105,SUCCESS
ORD-1524,Indore,Pithampur Industrial Area,dhaba near transport area,22.609256,75.684585,SUCCESS
ORD-1525,Indore,Pithampur Industrial Area,transport nagar dhaba,22.608512,75.684581,SUCCESS
ORD-1526,Indore,Pithampur Industrial Area,truck wala dhaba,22.609238,75.684786,SUCCESS
ORD-1527,Indore,Pithampur Industrial Area,truck wala dhaba,22.609115,75.684756,SUCCESS
ORD-1528,Indore,Pithampur Industrial Area,truck wala dhaba,22.609287,75.684087,SUCCESS
ORD-1529,Indore,Pithampur Industrial Area,truck wala dhaba,22.608541,75.684629,SUCCESS
ORD-1530,Indore,Pithampur Industrial Area,truck wala dhaba,22.609047,75.684734,SUCCESS
ORD-1531,Indore,Pithampur Industrial Area,dhaba near transport area,22.609184,75.684596,SUCCESS
ORD-1532,Indore,Pithampur Industrial Area,transport nagar dhaba,22.608873,75.684698,SUCCESS
ORD-1533,Indore,Pithampur Industrial Area,dhaba near transport area,22.608711,75.684602,SUCCESS
ORD-1534,Indore,Pithampur Industrial Area,dhaba near transport area,22.608948,75.684386,SUCCESS
ORD-1535,Indore,Pithampur Industrial Area,truck wala dhaba,22.608591,75.684202,SUCCESS
ORD-1536,Indore,Pithampur Industrial Area,dhaba near transport area,22.609042,75.684121,SUCCESS
ORD-1537,Indore,Pithampur Industrial Area,truck wala dhaba,22.608946,75.684714,SUCCESS
ORD-1538,Indore,Pithampur Industrial Area,truck wala dhaba,22.608722,75.684686,SUCCESS
ORD-1539,Indore,Pithampur Industrial Area,transport nagar dhaba,22.608756,75.684715,SUCCESS
ORD-1540,Indore,Pithampur Industrial Area,dhaba near transport area,22.609199,75.684732,SUCCESS
ORD-1541,Indore,Pithampur Industrial Area,dhaba near transport area,22.609228,75.684604,SUCCESS
ORD-1542,Indore,Pithampur Industrial Area,transport nagar dhaba,22.609019,75.684478,SUCCESS
ORD-1543,Indore,Pithampur Industrial Area,dhaba near transport area,22.609056,75.684037,SUCCESS
ORD-1544,Indore,Pithampur Industrial Area,dhaba near transport area,22.609143,75.684126,SUCCESS
ORD-1545,Indore,Pithampur Industrial Area,transport nagar dhaba,22.608972,75.684297,SUCCESS
ORD-1546,Indore,Pithampur Industrial Area,dhaba near transport area,22.609203,75.684136,SUCCESS
ORD-1547,Indore,Pithampur Industrial Area,truck wala dhaba,22.608931,75.684415,SUCCESS
ORD-1548,Indore,Pithampur Industrial Area,dhaba near transport area,22.609112,75.684373,SUCCESS
ORD-1549,Indore,Pithampur Industrial Area,transport nagar dhaba,22.608739,75.684493,SUCCESS
ORD-1550,Indore,Pithampur Industrial Area,dhaba near transport area,22.60872,75.684641,SUCCESS
ORD-1551,Indore,Pithampur Industrial Area,truck wala dhaba,22.608797,75.684425,SUCCESS
ORD-1552,Indore,Pithampur Industrial Area,dhaba near transport area,22.609125,75.684622,SUCCESS
ORD-1553,Indore,Pithampur Industrial Area,transport nagar dhaba,22.609061,75.684064,SUCCESS
ORD-1554,Indore,Pithampur Industrial Area,transport nagar dhaba,22.609065,75.684457,SUCCESS
ORD-1555,Indore,Pithampur Industrial Area,truck wala dhaba,22.608933,75.684315,SUCCESS
ORD-1556,Indore,Pithampur Industrial Area,truck wala dhaba,22.609143,75.684795,SUCCESS
ORD-1557,Indore,Pithampur Industrial Area,transport nagar dhaba,22.609205,75.684718,SUCCESS
ORD-1558,Indore,Pithampur Industrial Area,transport nagar dhaba,22.608769,75.684614,SUCCESS
ORD-1559,Indore,Pithampur Industrial Area,dhaba near transport area,22.609175,75.684123,SUCCESS
ORD-1560,Indore,Pithampur Industrial Area,dhaba near transport area,22.608696,75.684099,SUCCESS
ORD-1561,Indore,Pithampur Industrial Area,dhaba near transport area,22.608756,75.684512,SUCCESS
ORD-1562,Indore,Pithampur Industrial Area,transport nagar dhaba,22.609068,75.6846,SUCCESS
ORD-1563,Indore,Pithampur Industrial Area,truck wala dhaba,22.608885,75.684594,SUCCESS
ORD-1564,Indore,Pithampur Industrial Area,dhaba near transport area,22.608968,75.684699,SUCCESS
ORD-1565,Indore,Pithampur Industrial Area,transport nagar dhaba,22.608979,75.684041,SUCCESS
ORD-1566,Indore,Pithampur Industrial Area,truck wala dhaba,22.609012,75.684551,SUCCESS
ORD-1567,Indore,Pithampur Industrial Area,truck wala dhaba,22.609005,75.684537,SUCCESS
ORD-1568,Indore,Pithampur Industrial Area,truck wala dhaba,22.608677,75.68416,SUCCESS
ORD-1569,Indore,Pithampur Industrial Area,dhaba near transport area,22.608528,75.684735,SUCCESS
ORD-1570,Indore,Pithampur Industrial Area,truck wala dhaba,22.60904,75.684093,SUCCESS
ORD-1571,Indore,Pithampur Industrial Area,truck wala dhaba,22.609164,75.684368,SUCCESS
ORD-1572,Indore,Pithampur Industrial Area,truck wala dhaba,22.608763,75.684195,SUCCESS
ORD-1573,Indore,Pithampur Industrial Area,transport nagar dhaba,22.609044,75.684082,SUCCESS
ORD-1574,Indore,Pithampur Industrial Area,transport nagar dhaba,22.609019,75.684093,SUCCESS
ORD-1575,Indore,Pithampur Industrial Area,transport nagar dhaba,22.609081,75.684108,SUCCESS
ORD-1576,Indore,Pithampur Industrial Area,truck wala dhaba,22.608777,75.684176,SUCCESS
ORD-1577,Indore,Pithampur Industrial Area,transport nagar dhaba,22.609103,75.684696,SUCCESS
ORD-1578,Indore,Pithampur Industrial Area,transport nagar dhaba,22.60926,75.684397,SUCCESS
ORD-1579,Indore,Pithampur Industrial Area,truck wala dhaba,22.608683,75.68451,SUCCESS
ORD-1580,Indore,Pithampur Industrial Area,warehouse ke paas,22.612391,75.681325,SUCCESS
ORD-1581,Indore,Pithampur Industrial Area,godown ke samne,22.612365,75.681298,SUCCESS
ORD-1582,Indore,Pithampur Industrial Area,godown ke samne,22.612806,75.680999,SUCCESS
ORD-1583,Indore,Pithampur Industrial Area,godown ke samne,22.612807,75.680858,SUCCESS
ORD-1584,Indore,Pithampur Industrial Area,godown ke samne,22.61282,75.681483,SUCCESS
ORD-1585,Indore,Pithampur Industrial Area,storage unit gate,22.612715,75.681093,SUCCESS
ORD-1586,Indore,Pithampur Industrial Area,warehouse ke paas,22.612818,75.681197,SUCCESS
ORD-1587,Indore,Pithampur Industrial Area,storage unit gate,22.612472,75.68107,SUCCESS
ORD-1588,Indore,Pithampur Industrial Area,warehouse ke paas,22.612096,75.680896,SUCCESS
ORD-1589,Indore,Pithampur Industrial Area,storage unit gate,22.612186,75.680982,SUCCESS
ORD-1590,Indore,Pithampur Industrial Area,godown ke samne,22.612503,75.681107,SUCCESS
ORD-1591,Indore,Pithampur Industrial Area,storage unit gate,22.612895,75.680926,SUCCESS
ORD-1592,Indore,Pithampur Industrial Area,warehouse ke paas,22.612575,75.681467,SUCCESS
ORD-1593,Indore,Pithampur Industrial Area,godown ke samne,22.612746,75.681258,SUCCESS
ORD-1594,Indore,Pithampur Industrial Area,warehouse ke paas,22.612109,75.681223,SUCCESS
ORD-1595,Indore,Pithampur Industrial Area,storage unit gate,22.612274,75.680973,SUCCESS
ORD-1596,Indore,Pithampur Industrial Area,warehouse ke paas,22.612685,75.681325,SUCCESS
ORD-1597,Indore,Pithampur Industrial Area,storage unit gate,22.612733,75.680933,SUCCESS
ORD-1598,Indore,Pithampur Industrial Area,warehouse ke paas,22.612694,75.681295,SUCCESS
ORD-1599,Indore,Pithampur Industrial Area,godown ke samne,22.612325,75.680916,SUCCESS
ORD-1600,Indore,Pithampur Industrial Area,warehouse ke paas,22.612455,75.680814,SUCCESS
ORD-1601,Indore,Pithampur Industrial Area,godown ke samne,22.612379,75.681491,SUCCESS
ORD-1602,Indore,Pithampur Industrial Area,godown ke samne,22.612313,75.681582,SUCCESS
ORD-1603,Indore,Pithampur Industrial Area,storage unit gate,22.612464,75.681137,SUCCESS
ORD-1604,Indore,Pithampur Industrial Area,warehouse ke paas,22.612528,75.681001,SUCCESS
ORD-1605,Indore,Pithampur Industrial Area,warehouse ke paas,22.612629,75.680816,SUCCESS
ORD-1606,Indore,Pithampur Industrial Area,warehouse ke paas,22.612688,75.681533,SUCCESS
ORD-1607,Indore,Pithampur Industrial Area,warehouse ke paas,22.612617,75.680814,SUCCESS
ORD-1608,Indore,Pithampur Industrial Area,storage unit gate,22.612252,75.681339,SUCCESS
ORD-1609,Indore,Pithampur Industrial Area,godown ke samne,22.612412,75.681119,SUCCESS
ORD-1610,Indore,Pithampur Industrial Area,godown ke samne,22.612842,75.681548,SUCCESS
ORD-1611,Indore,Pithampur Industrial Area,warehouse ke paas,22.612336,75.681459,SUCCESS
ORD-1612,Indore,Pithampur Industrial Area,warehouse ke paas,22.612299,75.68142,SUCCESS
ORD-1613,Indore,Pithampur Industrial Area,godown ke samne,22.612734,75.680908,SUCCESS
ORD-1614,Indore,Pithampur Industrial Area,godown ke samne,22.612696,75.681109,SUCCESS
ORD-1615,Indore,Pithampur Industrial Area,storage unit gate,22.612196,75.681019,SUCCESS
ORD-1616,Indore,Pithampur Industrial Area,warehouse ke paas,22.612528,75.681438,SUCCESS
ORD-1617,Indore,Pithampur Industrial Area,storage unit gate,22.612812,75.680843,SUCCESS
ORD-1618,Indore,Pithampur Industrial Area,storage unit gate,22.612241,75.681431,SUCCESS
ORD-1619,Indore,Pithampur Industrial Area,godown ke samne,22.6124,75.681115,SUCCESS
ORD-1620,Indore,Pithampur Industrial Area,warehouse ke paas,22.612511,75.681238,SUCCESS
ORD-1621,Indore,Pithampur Industrial Area,warehouse ke paas,22.612129,75.680865,SUCCESS
ORD-1622,Indore,Pithampur Industrial Area,storage unit gate,22.612118,75.680975,SUCCESS
ORD-1623,Indore,Pithampur Industrial Area,warehouse ke paas,22.612323,75.681151,SUCCESS
ORD-1624,Indore,Pithampur Industrial Area,warehouse ke paas,22.612782,75.681565,SUCCESS
ORD-1625,Indore,Pithampur Industrial Area,warehouse ke paas,22.612559,75.680945,SUCCESS
ORD-1626,Indore,Pithampur Industrial Area,godown ke samne,22.612882,75.68135,SUCCESS
ORD-1627,Indore,Pithampur Industrial Area,storage unit gate,22.61243,75.681388,SUCCESS
ORD-1628,Indore,Pithampur Industrial Area,warehouse ke paas,22.612223,75.681294,SUCCESS
ORD-1629,Indore,Pithampur Industrial Area,storage unit gate,22.612473,75.681316,SUCCESS
ORD-1630,Indore,Pithampur Industrial Area,storage unit gate,22.612329,75.681521,SUCCESS
ORD-1631,Indore,Pithampur Industrial Area,godown ke samne,22.612595,75.681362,SUCCESS
ORD-1632,Indore,Pithampur Industrial Area,storage unit gate,22.612321,75.680953,SUCCESS
ORD-1633,Indore,Pithampur Industrial Area,warehouse ke paas,22.612329,75.68103,SUCCESS
ORD-1634,Indore,Pithampur Industrial Area,warehouse ke paas,22.612135,75.681281,SUCCESS
ORD-1635,Indore,Pithampur Industrial Area,storage unit gate,22.612836,75.681056,SUCCESS
ORD-1636,Indore,Pithampur Industrial Area,godown ke samne,22.612794,75.681262,SUCCESS
ORD-1637,Indore,Pithampur Industrial Area,warehouse ke paas,22.612792,75.68154,SUCCESS
ORD-1638,Indore,Pithampur Industrial Area,godown ke samne,22.612877,75.681349,SUCCESS
ORD-1639,Indore,Pithampur Industrial Area,storage unit gate,22.612516,75.680808,SUCCESS
ORD-1640,Indore,Pithampur Industrial Area,storage unit gate,22.612467,75.680873,SUCCESS
ORD-1641,Indore,Pithampur Industrial Area,godown ke samne,22.612838,75.681448,SUCCESS
ORD-1642,Indore,Pithampur Industrial Area,godown ke samne,22.612902,75.680832,SUCCESS
ORD-1643,Indore,Pithampur Industrial Area,storage unit gate,22.612787,75.681088,SUCCESS
ORD-1644,Indore,Pithampur Industrial Area,godown ke samne,22.612231,75.68118,SUCCESS
ORD-1645,Indore,Pithampur Industrial Area,godown ke samne,22.612661,75.681582,SUCCESS
ORD-1646,Indore,Pithampur Industrial Area,warehouse ke paas,22.612275,75.681559,SUCCESS
ORD-1647,Indore,Pithampur Industrial Area,storage unit gate,22.612717,75.681088,SUCCESS
ORD-1648,Indore,Pithampur Industrial Area,warehouse ke paas,22.612544,75.68135,SUCCESS
ORD-1649,Indore,Pithampur Industrial Area,godown ke samne,22.61247,75.681338,SUCCESS
ORD-1650,Indore,Pithampur Industrial Area,warehouse ke paas,22.612573,75.680912,SUCCESS
ORD-1651,Indore,Pithampur Industrial Area,warehouse ke paas,22.612355,75.681425,SUCCESS
ORD-1652,Indore,Pithampur Industrial Area,warehouse ke paas,22.612306,75.681296,SUCCESS
ORD-1653,Indore,Pithampur Industrial Area,storage unit gate,22.612533,75.681063,SUCCESS
ORD-1654,Indore,Pithampur Industrial Area,storage unit gate,22.612865,75.681237,SUCCESS
ORD-1655,Indore,Pithampur Industrial Area,godown ke samne,22.61218,75.681126,SUCCESS
ORD-1656,Indore,Pithampur Industrial Area,warehouse ke paas,22.612827,75.681028,SUCCESS
ORD-1657,Indore,Pithampur Industrial Area,warehouse ke paas,22.612736,75.680943,SUCCESS
ORD-1658,Indore,Pithampur Industrial Area,storage unit gate,22.612129,75.681556,SUCCESS
ORD-1659,Indore,Pithampur Industrial Area,warehouse ke paas,22.612714,75.681411,SUCCESS
ORD-1660,Indore,Pithampur Industrial Area,godown ke samne,22.612377,75.680951,SUCCESS
ORD-1661,Indore,Pithampur Industrial Area,godown ke samne,22.612461,75.680933,SUCCESS
ORD-1662,Indore,Pithampur Industrial Area,warehouse ke paas,22.612571,75.680834,SUCCESS
ORD-1663,Indore,Pithampur Industrial Area,godown ke samne,22.612247,75.680936,SUCCESS
ORD-1664,Indore,Pithampur Industrial Area,warehouse ke paas,22.612808,75.681311,SUCCESS
ORD-1665,Indore,Pithampur Industrial Area,storage unit gate,22.612555,75.680923,SUCCESS
ORD-1666,Indore,Pithampur Industrial Area,warehouse ke paas,22.612499,75.681096,SUCCESS
ORD-1667,Indore,Pithampur Industrial Area,godown ke samne,22.61264,75.680877,SUCCESS
ORD-1668,Indore,Pithampur Industrial Area,godown ke samne,22.612306,75.681181,SUCCESS
ORD-1669,Indore,Pithampur Industrial Area,godown ke samne,22.612785,75.681092,SUCCESS
ORD-1670,Indore,Pithampur Industrial Area,warehouse ke paas,22.612796,75.681465,SUCCESS
ORD-1671,Indore,Pithampur Industrial Area,warehouse ke paas,22.612152,75.68117,SUCCESS
ORD-1672,Indore,Pithampur Industrial Area,storage unit gate,22.612237,75.681008,SUCCESS
ORD-1673,Indore,Pithampur Industrial Area,storage unit gate,22.612374,75.6811,SUCCESS
ORD-1674,Indore,Pithampur Industrial Area,storage unit gate,22.612188,75.681199,SUCCESS
ORD-1675,Indore,Pithampur Industrial Area,storage unit gate,22.612385,75.680881,SUCCESS
ORD-1676,Indore,Pithampur Industrial Area,godown ke samne,22.612721,75.681537,SUCCESS
ORD-1677,Indore,Pithampur Industrial Area,warehouse ke paas,22.612446,75.681445,SUCCESS
ORD-1678,Indore,Pithampur Industrial Area,storage unit gate,22.612205,75.681018,SUCCESS
ORD-1679,Indore,Pithampur Industrial Area,warehouse ke paas,22.612862,75.681349,SUCCESS
ORD-1680,Indore,Pithampur Industrial Area,storage unit gate,22.61223,75.68087,SUCCESS
ORD-1681,Indore,Pithampur Industrial Area,warehouse ke paas,22.612825,75.681438,SUCCESS
ORD-1682,Indore,Pithampur Industrial Area,storage unit gate,22.612389,75.681388,SUCCESS
ORD-1683,Indore,Pithampur Industrial Area,godown ke samne,22.612578,75.68112,SUCCESS
ORD-1684,Indore,Pithampur Industrial Area,godown ke samne,22.612884,75.681278,SUCCESS
ORD-1685,Indore,Pithampur Industrial Area,godown ke samne,22.612904,75.681307,SUCCESS
ORD-1686,Indore,Pithampur Industrial Area,warehouse ke paas,22.612816,75.680917,SUCCESS
ORD-1687,Indore,Pithampur Industrial Area,storage unit gate,22.612562,75.681138,SUCCESS
ORD-1688,Indore,Pithampur Industrial Area,storage unit gate,22.612859,75.680986,SUCCESS
ORD-1689,Indore,Pithampur Industrial Area,warehouse ke paas,22.61233,75.680824,SUCCESS
ORD-1690,Indore,Pithampur Industrial Area,godown ke samne,22.612687,75.681531,SUCCESS
ORD-1691,Indore,Pithampur Industrial Area,warehouse ke paas,22.612218,75.680863,SUCCESS
ORD-1692,Indore,Pithampur Industrial Area,godown ke samne,22.612105,75.681596,SUCCESS
ORD-1693,Indore,Pithampur Industrial Area,storage unit gate,22.612358,75.681014,SUCCESS
ORD-1694,Indore,Pithampur Industrial Area,storage unit gate,22.612453,75.681018,SUCCESS
ORD-1695,Indore,Pithampur Industrial Area,godown ke samne,22.612764,75.681355,SUCCESS
ORD-1696,Indore,Pithampur Industrial Area,godown ke samne,22.612492,75.680842,SUCCESS
ORD-1697,Indore,Pithampur Industrial Area,godown ke samne,22.612442,75.681019,SUCCESS
ORD-1698,Indore,Pithampur Industrial Area,storage unit gate,22.612703,75.681177,SUCCESS
ORD-1699,Indore,Pithampur Industrial Area,storage unit gate,22.612193,75.681532,SUCCESS
ORD-1700,Indore,Pithampur Industrial Area,godown ke samne,22.612624,75.680796,SUCCESS
ORD-1701,Indore,Pithampur Industrial Area,storage unit gate,22.612539,75.681531,SUCCESS
ORD-1702,Indore,Pithampur Industrial Area,storage unit gate,22.612421,75.680881,SUCCESS
ORD-1703,Indore,Pithampur Industrial Area,parking ground gate,22.60947,75.684989,SUCCESS
ORD-1704,Indore,Pithampur Industrial Area,parking ground gate,22.609628,75.685004,SUCCESS
ORD-1705,Indore,Pithampur Industrial Area,parking ground gate,22.610115,75.68519,SUCCESS
ORD-1706,Indore,Pithampur Industrial Area,parking yard ke paas,22.609474,75.685221,SUCCESS
ORD-1707,Indore,Pithampur Industrial Area,parking yard ke paas,22.609842,75.685108,SUCCESS
ORD-1708,Indore,Pithampur Industrial Area,parking ground gate,22.609761,75.685047,SUCCESS
ORD-1709,Indore,Pithampur Industrial Area,truck parking area,22.609706,75.685307,SUCCESS
ORD-1710,Indore,Pithampur Industrial Area,parking ground gate,22.609689,75.685357,SUCCESS
ORD-1711,Indore,Pithampur Industrial Area,parking ground gate,22.60973,75.685481,SUCCESS
ORD-1712,Indore,Pithampur Industrial Area,truck parking area,22.61007,75.685053,SUCCESS
ORD-1713,Indore,Pithampur Industrial Area,parking yard ke paas,22.609925,75.684976,SUCCESS
ORD-1714,Indore,Pithampur Industrial Area,parking ground gate,22.609546,75.685331,SUCCESS
ORD-1715,Indore,Pithampur Industrial Area,parking yard ke paas,22.609898,75.684821,SUCCESS
ORD-1716,Indore,Pithampur Industrial Area,parking ground gate,22.609415,75.684858,SUCCESS
ORD-1717,Indore,Pithampur Industrial Area,parking yard ke paas,22.609735,75.685542,SUCCESS
ORD-1718,Indore,Pithampur Industrial Area,parking ground gate,22.609687,75.685007,SUCCESS
ORD-1719,Indore,Pithampur Industrial Area,parking ground gate,22.609421,75.68485,SUCCESS
ORD-1720,Indore,Pithampur Industrial Area,truck parking area,22.609445,75.684803,SUCCESS
ORD-1721,Indore,Pithampur Industrial Area,parking yard ke paas,22.609982,75.685093,SUCCESS
ORD-1722,Indore,Pithampur Industrial Area,parking yard ke paas,22.609622,75.684888,SUCCESS
ORD-1723,Indore,Pithampur Industrial Area,parking ground gate,22.610076,75.685344,SUCCESS
ORD-1724,Indore,Pithampur Industrial Area,parking ground gate,22.609746,75.685433,SUCCESS
ORD-1725,Indore,Pithampur Industrial Area,truck parking area,22.609664,75.684884,SUCCESS
ORD-1726,Indore,Pithampur Industrial Area,parking yard ke paas,22.609606,75.6851,SUCCESS
ORD-1727,Indore,Pithampur Industrial Area,parking yard ke paas,22.609988,75.685157,SUCCESS
ORD-1728,Indore,Pithampur Industrial Area,truck parking area,22.609697,75.684939,SUCCESS
ORD-1729,Indore,Pithampur Industrial Area,parking yard ke paas,22.610044,75.685461,SUCCESS
ORD-1730,Indore,Pithampur Industrial Area,truck parking area,22.610162,75.684894,SUCCESS
ORD-1731,Indore,Pithampur Industrial Area,truck parking area,22.610139,75.68507,SUCCESS
ORD-1732,Indore,Pithampur Industrial Area,truck parking area,22.609689,75.684965,SUCCESS
ORD-1733,Indore,Pithampur Industrial Area,truck parking area,22.609716,75.685559,SUCCESS
ORD-1734,Indore,Pithampur Industrial Area,parking ground gate,22.609858,75.684903,SUCCESS
ORD-1735,Indore,Pithampur Industrial Area,parking ground gate,22.609974,75.684868,SUCCESS
ORD-1736,Indore,Pithampur Industrial Area,parking yard ke paas,22.60946,75.685099,SUCCESS
ORD-1737,Indore,Pithampur Industrial Area,parking yard ke paas,22.610144,75.685127,SUCCESS
ORD-1738,Indore,Pithampur Industrial Area,truck parking area,22.609533,75.685488,SUCCESS
ORD-1739,Indore,Pithampur Industrial Area,parking ground gate,22.609613,75.684884,SUCCESS
ORD-1740,Indore,Pithampur Industrial Area,truck parking area,22.609945,75.684853,SUCCESS
ORD-1741,Indore,Pithampur Industrial Area,truck parking area,22.609544,75.685368,SUCCESS
ORD-1742,Indore,Pithampur Industrial Area,parking ground gate,22.609468,75.684815,SUCCESS
ORD-1743,Indore,Pithampur Industrial Area,parking ground gate,22.609978,75.685537,SUCCESS
ORD-1744,Indore,Pithampur Industrial Area,parking yard ke paas,22.609914,75.684976,SUCCESS
ORD-1745,Indore,Pithampur Industrial Area,parking ground gate,22.610046,75.685033,SUCCESS
ORD-1746,Indore,Pithampur Industrial Area,truck parking area,22.609759,75.685336,SUCCESS
ORD-1747,Indore,Pithampur Industrial Area,truck parking area,22.610073,75.685525,SUCCESS
ORD-1748,Indore,Pithampur Industrial Area,parking ground gate,22.609412,75.685381,SUCCESS
ORD-1749,Indore,Pithampur Industrial Area,parking ground gate,22.609428,75.685086,SUCCESS
ORD-1750,Indore,Pithampur Industrial Area,parking ground gate,22.610096,75.685502,SUCCESS
ORD-1751,Indore,Pithampur Industrial Area,parking ground gate,22.60955,75.685256,SUCCESS
ORD-1752,Indore,Pithampur Industrial Area,parking ground gate,22.609498,75.685204,SUCCESS
ORD-1753,Indore,Pithampur Industrial Area,parking ground gate,22.609512,75.685603,SUCCESS
ORD-1754,Indore,Pithampur Industrial Area,parking yard ke paas,22.609666,75.685092,SUCCESS
ORD-1755,Indore,Pithampur Industrial Area,parking ground gate,22.610004,75.685537,SUCCESS
ORD-1756,Indore,Pithampur Industrial Area,parking ground gate,22.609498,75.685393,SUCCESS
ORD-1757,Indore,Pithampur Industrial Area,truck parking area,22.609454,75.684917,SUCCESS
ORD-1758,Indore,Pithampur Industrial Area,parking ground gate,22.609688,75.68553,SUCCESS
ORD-1759,Indore,Pithampur Industrial Area,parking ground gate,22.609689,75.685043,SUCCESS
ORD-1760,Indore,Pithampur Industrial Area,truck parking area,22.610043,75.685475,SUCCESS
ORD-1761,Indore,Pithampur Industrial Area,truck parking area,22.609645,75.685128,SUCCESS
ORD-1762,Indore,Pithampur Industrial Area,parking ground gate,22.609668,75.685362,SUCCESS
ORD-1763,Indore,Pithampur Industrial Area,parking yard ke paas,22.610073,75.68481,SUCCESS
ORD-1764,Indore,Pithampur Industrial Area,truck parking area,22.609804,75.685391,SUCCESS
ORD-1765,Indore,Pithampur Industrial Area,parking ground gate,22.609453,75.685578,SUCCESS
ORD-1766,Indore,Pithampur Industrial Area,parking yard ke paas,22.609968,75.684806,SUCCESS
ORD-1767,Indore,Pithampur Industrial Area,parking ground gate,22.609945,75.684873,SUCCESS
ORD-1768,Indore,Pithampur Industrial Area,truck parking area,22.609673,75.685365,SUCCESS
ORD-1769,Indore,Pithampur Industrial Area,truck parking area,22.609627,75.685291,SUCCESS
ORD-1770,Indore,Pithampur Industrial Area,parking ground gate,22.609782,75.685134,SUCCESS
ORD-1771,Indore,Pithampur Industrial Area,truck parking area,22.609965,75.685519,SUCCESS
ORD-1772,Indore,Pithampur Industrial Area,parking ground gate,22.609405,75.685598,SUCCESS
ORD-1773,Indore,Pithampur Industrial Area,parking yard ke paas,22.609588,75.685058,SUCCESS
ORD-1774,Indore,Pithampur Industrial Area,truck parking area,22.609611,75.684853,SUCCESS
ORD-1775,Indore,Pithampur Industrial Area,parking ground gate,22.609456,75.684955,SUCCESS
ORD-1776,Indore,Pithampur Industrial Area,parking yard ke paas,22.609713,75.685281,SUCCESS
ORD-1777,Indore,Pithampur Industrial Area,truck parking area,22.609861,75.68496,SUCCESS
ORD-1778,Indore,Pithampur Industrial Area,parking ground gate,22.60942,75.685282,SUCCESS
ORD-1779,Indore,Pithampur Industrial Area,truck parking area,22.609674,75.684991,SUCCESS
ORD-1780,Indore,Pithampur Industrial Area,parking yard ke paas,22.60982,75.685269,SUCCESS
ORD-1781,Indore,Pithampur Industrial Area,truck parking area,22.609921,75.685526,SUCCESS
ORD-1782,Indore,Pithampur Industrial Area,parking yard ke paas,22.610174,75.684906,SUCCESS
ORD-1783,Indore,Pithampur Industrial Area,parking yard ke paas,22.609758,75.685035,SUCCESS
ORD-1784,Indore,Pithampur Industrial Area,parking yard ke paas,22.609591,75.685048,SUCCESS
ORD-1785,Indore,Pithampur Industrial Area,truck parking area,22.609768,75.68555,SUCCESS
ORD-1786,Indore,Pithampur Industrial Area,parking yard ke paas,22.609766,75.685055,SUCCESS
ORD-1787,Indore,Pithampur Industrial Area,truck parking area,22.609823,75.685112,SUCCESS
ORD-1788,Indore,Pithampur Industrial Area,parking ground gate,22.609881,75.685576,SUCCESS
ORD-1789,Indore,Pithampur Industrial Area,truck parking area,22.609752,75.685604,SUCCESS
ORD-1790,Indore,Pithampur Industrial Area,truck parking area,22.610101,75.684946,SUCCESS
ORD-1791,Indore,Pithampur Industrial Area,parking yard ke paas,22.609736,75.684863,SUCCESS
ORD-1792,Indore,Pithampur Industrial Area,truck parking area,22.610067,75.685007,SUCCESS
ORD-1793,Indore,Pithampur Industrial Area,parking ground gate,22.610173,75.68497,SUCCESS
ORD-1794,Indore,Pithampur Industrial Area,truck parking area,22.609631,75.685367,SUCCESS
ORD-1795,Indore,Pithampur Industrial Area,truck parking area,22.61,75.685272,SUCCESS
ORD-1796,Indore,Pithampur Industrial Area,parking ground gate,22.609734,75.685023,SUCCESS
ORD-1797,Indore,Pithampur Industrial Area,parking yard ke paas,22.60972,75.6855,SUCCESS
ORD-1798,Indore,Pithampur Industrial Area,parking yard ke paas,22.609421,75.685138,SUCCESS
ORD-1799,Indore,Pithampur Industrial Area,parking ground gate,22.609658,75.685259,SUCCESS
ORD-1800,Indore,Pithampur Industrial Area,truck parking area,22.610182,75.685406,SUCCESS
ORD-1801,Indore,Pithampur Industrial Area,truck parking area,22.610146,75.685528,SUCCESS
ORD-1802,Indore,Pithampur Industrial Area,parking ground gate,22.609847,75.68516,SUCCESS
ORD-1803,Indore,Pithampur Industrial Area,parking yard ke paas,22.609596,75.685499,SUCCESS
ORD-1804,Indore,Pithampur Industrial Area,parking ground gate,22.610031,75.685228,SUCCESS
ORD-1805,Indore,Pithampur Industrial Area,parking yard ke paas,22.609508,75.684872,SUCCESS
ORD-1806,Indore,Pithampur Industrial Area,truck parking area,22.609423,75.685169,SUCCESS
ORD-1807,Indore,Pithampur Industrial Area,parking ground gate,22.609631,75.685271,SUCCESS
ORD-1808,Indore,Pithampur Industrial Area,parking ground gate,22.609893,75.685086,SUCCESS
ORD-1809,Indore,Pithampur Industrial Area,parking ground gate,22.609596,75.685569,SUCCESS
ORD-1810,Indore,Pithampur Industrial Area,parking ground gate,22.609991,75.685263,SUCCESS
ORD-1811,Indore,Pithampur Industrial Area,truck parking area,22.610183,75.685408,SUCCESS
ORD-1812,Indore,Pithampur Industrial Area,parking ground gate,22.609631,75.685514,SUCCESS
ORD-1813,Indore,Pithampur Industrial Area,truck parking area,22.609814,75.684992,SUCCESS
ORD-1814,Indore,Pithampur Industrial Area,parking yard ke paas,22.610192,75.685309,SUCCESS
ORD-1815,Indore,Pithampur Industrial Area,parking yard ke paas,22.609431,75.684939,SUCCESS
ORD-1816,Indore,Pithampur Industrial Area,truck parking area,22.610043,75.685196,SUCCESS
ORD-1817,Indore,Pithampur Industrial Area,parking ground gate,22.610051,75.685357,SUCCESS
ORD-1818,Indore,Pithampur Industrial Area,truck parking area,22.609538,75.685138,SUCCESS
ORD-1819,Indore,Pithampur Industrial Area,truck parking area,22.61004,75.685161,SUCCESS
ORD-1820,Indore,Pithampur Industrial Area,parking yard ke paas,22.609798,75.684935,SUCCESS
ORD-1821,Indore,Pithampur Industrial Area,truck parking area,22.610017,75.68538,SUCCESS
ORD-1822,Indore,Pithampur Industrial Area,truck parking area,22.60985,75.684918,SUCCESS
ORD-1823,Indore,Pithampur Industrial Area,parking ground gate,22.609661,75.685352,SUCCESS
ORD-1824,Indore,Pithampur Industrial Area,parking yard ke paas,22.609517,75.685153,SUCCESS
ORD-1825,Indore,Pithampur Industrial Area,parking yard ke paas,22.609858,75.685267,SUCCESS
ORD-1826,Indore,Pithampur Industrial Area,parking ground gate,22.609832,75.685287,SUCCESS
ORD-1827,Indore,Pithampur Industrial Area,parking yard ke paas,22.61009,75.684992,SUCCESS
ORD-1828,Indore,Pithampur Industrial Area,parking ground gate,22.610145,75.685512,SUCCESS
ORD-1829,Indore,Pithampur Industrial Area,truck parking area,22.609645,75.685518,SUCCESS
ORD-1830,Indore,Pithampur Industrial Area,parking ground gate,22.609949,75.684948,SUCCESS
ORD-1831,Indore,Pithampur Industrial Area,truck parking area,22.610146,75.685007,SUCCESS
ORD-1832,Indore,Pithampur Industrial Area,parking ground gate,22.609726,75.684982,SUCCESS
ORD-1833,Indore,Pithampur Industrial Area,parking yard ke paas,22.609741,75.685398,SUCCESS
ORD-1834,Indore,Pithampur Industrial Area,truck parking area,22.609498,75.685328,SUCCESS
ORD-1835,Indore,Pithampur Industrial Area,parking yard ke paas,22.609498,75.685411,SUCCESS
ORD-1836,Indore,Pithampur Industrial Area,parking yard ke paas,22.610005,75.685445,SUCCESS
ORD-1837,Indore,Pithampur Industrial Area,parking yard ke paas,22.610023,75.685,SUCCESS
ORD-1838,Indore,Pithampur Industrial Area,truck parking area,22.609487,75.685285,SUCCESS
ORD-1839,Indore,Pithampur Industrial Area,truck parking area,22.609861,75.68486,SUCCESS
ORD-1840,Indore,Pithampur Industrial Area,parking ground gate,22.609847,75.685585,SUCCESS
ORD-1841,Indore,Pithampur Industrial Area,truck parking area,22.609759,75.685157,SUCCESS
ORD-1842,Indore,Pithampur Industrial Area,parking yard ke paas,22.609857,75.685332,SUCCESS
ORD-1843,Indore,Pithampur Industrial Area,parking ground gate,22.609436,75.685244,SUCCESS
ORD-1844,Indore,Pithampur Industrial Area,parking ground gate,22.609904,75.684974,SUCCESS
ORD-1845,Indore,Pithampur Industrial Area,parking ground gate,22.609484,75.685045,SUCCESS
ORD-1846,Indore,Pithampur Industrial Area,parking ground gate,22.609857,75.685353,SUCCESS
ORD-1847,Indore,Pithampur Industrial Area,factory security gate,22.61081,75.683502,SUCCESS
ORD-1848,Indore,Pithampur Industrial Area,security cabin ke pass,22.610411,75.683112,SUCCESS
ORD-1849,Indore,Pithampur Industrial Area,factory security gate,22.610492,75.683575,SUCCESS
ORD-1850,Indore,Pithampur Industrial Area,security cabin ke pass,22.610481,75.683554,SUCCESS
ORD-1851,Indore,Pithampur Industrial Area,security cabin ke pass,22.610857,75.68318,SUCCESS
ORD-1852,Indore,Pithampur Industrial Area,watchman cabin,22.610652,75.683422,SUCCESS
ORD-1853,Indore,Pithampur Industrial Area,factory security gate,22.610514,75.683121,SUCCESS
ORD-1854,Indore,Pithampur Industrial Area,security cabin ke pass,22.61046,75.68309,SUCCESS
ORD-1855,Indore,Pithampur Industrial Area,factory security gate,22.610129,75.683222,SUCCESS
ORD-1856,Indore,Pithampur Industrial Area,watchman cabin,22.610111,75.683389,SUCCESS
ORD-1857,Indore,Pithampur Industrial Area,security cabin ke pass,22.610261,75.683554,SUCCESS
ORD-1858,Indore,Pithampur Industrial Area,factory security gate,22.610499,75.683436,SUCCESS
ORD-1859,Indore,Pithampur Industrial Area,watchman cabin,22.610315,75.683125,SUCCESS
ORD-1860,Indore,Pithampur Industrial Area,watchman cabin,22.610525,75.683574,SUCCESS
ORD-1861,Indore,Pithampur Industrial Area,watchman cabin,22.610361,75.683422,SUCCESS
ORD-1862,Indore,Pithampur Industrial Area,factory security gate,22.610172,75.683282,SUCCESS
ORD-1863,Indore,Pithampur Industrial Area,watchman cabin,22.610309,75.683551,SUCCESS
ORD-1864,Indore,Pithampur Industrial Area,security cabin ke pass,22.610825,75.683354,SUCCESS
ORD-1865,Indore,Pithampur Industrial Area,factory security gate,22.610791,75.683634,SUCCESS
ORD-1866,Indore,Pithampur Industrial Area,security cabin ke pass,22.61067,75.683651,SUCCESS
ORD-1867,Indore,Pithampur Industrial Area,security cabin ke pass,22.610892,75.683176,SUCCESS
ORD-1868,Indore,Pithampur Industrial Area,factory security gate,22.61015,75.68365,SUCCESS
ORD-1869,Indore,Pithampur Industrial Area,security cabin ke pass,22.61086,75.68306,SUCCESS
ORD-1870,Indore,Pithampur Industrial Area,watchman cabin,22.610222,75.683082,SUCCESS
ORD-1871,Indore,Pithampur Industrial Area,factory security gate,22.61047,75.683779,SUCCESS
ORD-1872,Indore,Pithampur Industrial Area,watchman cabin,22.610541,75.683686,SUCCESS
ORD-1873,Indore,Pithampur Industrial Area,factory security gate,22.610105,75.683707,SUCCESS
ORD-1874,Indore,Pithampur Industrial Area,security cabin ke pass,22.610801,75.68326,SUCCESS
ORD-1875,Indore,Pithampur Industrial Area,factory security gate,22.61079,75.683088,SUCCESS
ORD-1876,Indore,Pithampur Industrial Area,watchman cabin,22.610519,75.683513,SUCCESS
ORD-1877,Indore,Pithampur Industrial Area,security cabin ke pass,22.610344,75.683297,SUCCESS
ORD-1878,Indore,Pithampur Industrial Area,factory security gate,22.610544,75.683749,SUCCESS
ORD-1879,Indore,Pithampur Industrial Area,watchman cabin,22.610755,75.683354,SUCCESS
ORD-1880,Indore,Pithampur Industrial Area,security cabin ke pass,22.610721,75.683657,SUCCESS
ORD-1881,Indore,Pithampur Industrial Area,security cabin ke pass,22.610214,75.683047,SUCCESS
ORD-1882,Indore,Pithampur Industrial Area,watchman cabin,22.610169,75.683601,SUCCESS
ORD-1883,Indore,Pithampur Industrial Area,watchman cabin,22.610624,75.683138,SUCCESS
ORD-1884,Indore,Pithampur Industrial Area,factory security gate,22.610125,75.683574,SUCCESS
ORD-1885,Indore,Pithampur Industrial Area,factory security gate,22.610266,75.683469,SUCCESS
ORD-1886,Indore,Pithampur Industrial Area,factory security gate,22.610166,75.683784,SUCCESS
ORD-1887,Indore,Pithampur Industrial Area,factory security gate,22.610347,75.683588,SUCCESS
ORD-1888,Indore,Pithampur Industrial Area,factory security gate,22.61014,75.683679,SUCCESS
ORD-1889,Indore,Pithampur Industrial Area,watchman cabin,22.610754,75.683731,SUCCESS
ORD-1890,Indore,Pithampur Industrial Area,factory security gate,22.610141,75.68341,SUCCESS
ORD-1891,Indore,Pithampur Industrial Area,security cabin ke pass,22.610474,75.683075,SUCCESS
ORD-1892,Indore,Pithampur Industrial Area,watchman cabin,22.61075,75.683205,SUCCESS
ORD-1893,Indore,Pithampur Industrial Area,security cabin ke pass,22.610358,75.683364,SUCCESS
ORD-1894,Indore,Pithampur Industrial Area,watchman cabin,22.61063,75.683428,SUCCESS
ORD-1895,Indore,Pithampur Industrial Area,factory security gate,22.610428,75.683442,SUCCESS
ORD-1896,Indore,Pithampur Industrial Area,security cabin ke pass,22.610243,75.683766,SUCCESS
ORD-1897,Indore,Pithampur Industrial Area,watchman cabin,22.610885,75.683171,SUCCESS
ORD-1898,Indore,Pithampur Industrial Area,security cabin ke pass,22.610821,75.683671,SUCCESS
ORD-1899,Indore,Pithampur Industrial Area,factory security gate,22.610875,75.683344,SUCCESS
ORD-1900,Indore,Pithampur Industrial Area,security cabin ke pass,22.610874,75.683188,SUCCESS
ORD-1901,Indore,Pithampur Industrial Area,factory security gate,22.610791,75.683318,SUCCESS
ORD-1902,Indore,Pithampur Industrial Area,watchman cabin,22.610556,75.683329,SUCCESS
ORD-1903,Indore,Pithampur Industrial Area,factory security gate,22.610415,75.683539,SUCCESS
ORD-1904,Indore,Pithampur Industrial Area,factory security gate,22.610421,75.683239,SUCCESS
ORD-1905,Indore,Pithampur Industrial Area,factory security gate,22.61044,75.683405,SUCCESS
ORD-1906,Indore,Pithampur Industrial Area,security cabin ke pass,22.610195,75.683178,SUCCESS
ORD-1907,Indore,Pithampur Industrial Area,factory security gate,22.610884,75.683019,SUCCESS
ORD-1908,Indore,Pithampur Industrial Area,factory security gate,22.610686,75.683212,SUCCESS
ORD-1909,Indore,Pithampur Industrial Area,watchman cabin,22.610728,75.683462,SUCCESS
ORD-1910,Indore,Pithampur Industrial Area,security cabin ke pass,22.610226,75.683508,SUCCESS
ORD-1911,Indore,Pithampur Industrial Area,factory security gate,22.610568,75.683408,SUCCESS
ORD-1912,Indore,Pithampur Industrial Area,security cabin ke pass,22.610365,75.683256,SUCCESS
ORD-1913,Indore,Pithampur Industrial Area,factory security gate,22.610605,75.683076,SUCCESS
ORD-1914,Indore,Pithampur Industrial Area,security cabin ke pass,22.610855,75.683178,SUCCESS
ORD-1915,Indore,Pithampur Industrial Area,factory security gate,22.61046,75.683796,SUCCESS
ORD-1916,Indore,Pithampur Industrial Area,factory security gate,22.610532,75.683035,SUCCESS
ORD-1917,Indore,Pithampur Industrial Area,factory security gate,22.610574,75.683316,SUCCESS
ORD-1918,Indore,Pithampur Industrial Area,factory security gate,22.610555,75.68314,SUCCESS
ORD-1919,Indore,Pithampur Industrial Area,security cabin ke pass,22.610435,75.683463,SUCCESS
ORD-1920,Indore,Pithampur Industrial Area,factory security gate,22.610789,75.683382,SUCCESS
ORD-1921,Indore,Pithampur Industrial Area,security cabin ke pass,22.610632,75.683495,SUCCESS
ORD-1922,Indore,Pithampur Industrial Area,security cabin ke pass,22.610858,75.683385,SUCCESS
ORD-1923,Indore,Pithampur Industrial Area,watchman cabin,22.610326,75.683064,SUCCESS
ORD-1924,Indore,Pithampur Industrial Area,factory security gate,22.6101,75.683232,SUCCESS
ORD-1925,Indore,Pithampur Industrial Area,factory security gate,22.610517,75.683083,SUCCESS
ORD-1926,Indore,Pithampur Industrial Area,security cabin ke pass,22.610714,75.682996,SUCCESS
ORD-1927,Indore,Pithampur Industrial Area,security cabin ke pass,22.610182,75.683356,SUCCESS
ORD-1928,Indore,Pithampur Industrial Area,factory security gate,22.610119,75.683568,SUCCESS
ORD-1929,Indore,Pithampur Industrial Area,security cabin ke pass,22.610903,75.683236,SUCCESS
ORD-1930,Indore,Pithampur Industrial Area,watchman cabin,22.610887,75.683059,SUCCESS
ORD-1931,Indore,Pithampur Industrial Area,security cabin ke pass,22.610568,75.683555,SUCCESS
ORD-1932,Indore,Pithampur Industrial Area,security cabin ke pass,22.610672,75.683136,SUCCESS
ORD-1933,Indore,Pithampur Industrial Area,watchman cabin,22.610155,75.683155,SUCCESS
ORD-1934,Indore,Pithampur Industrial Area,watchman cabin,22.610224,75.683647,SUCCESS
ORD-1935,Indore,Pithampur Industrial Area,factory security gate,22.610566,75.683132,SUCCESS
ORD-1936,Indore,Pithampur Industrial Area,factory security gate,22.610498,75.683317,SUCCESS
ORD-1937,Indore,Pithampur Industrial Area,factory security gate,22.610179,75.683436,SUCCESS
ORD-1938,Indore,Pithampur Industrial Area,security cabin ke pass,22.610275,75.683014,SUCCESS
ORD-1939,Indore,Pithampur Industrial Area,watchman cabin,22.610279,75.683116,SUCCESS
ORD-1940,Indore,Pithampur Industrial Area,factory security gate,22.610258,75.683114,SUCCESS
ORD-1941,Indore,Pithampur Industrial Area,security cabin ke pass,22.610825,75.68371,SUCCESS
ORD-1942,Indore,Pithampur Industrial Area,factory security gate,22.61075,75.68353,SUCCESS
ORD-1943,Indore,Pithampur Industrial Area,watchman cabin,22.610116,75.683485,SUCCESS
ORD-1944,Indore,Pithampur Industrial Area,factory security gate,22.610296,75.683786,SUCCESS
ORD-1945,Indore,Pithampur Industrial Area,factory security gate,22.610218,75.683172,SUCCESS
ORD-1946,Indore,Pithampur Industrial Area,factory security gate,22.610858,75.683439,SUCCESS
ORD-1947,Indore,Pithampur Industrial Area,watchman cabin,22.610548,75.683018,SUCCESS
ORD-1948,Indore,Pithampur Industrial Area,security cabin ke pass,22.610706,75.683464,SUCCESS
ORD-1949,Indore,Pithampur Industrial Area,watchman cabin,22.610454,75.683574,SUCCESS
ORD-1950,Indore,Pithampur Industrial Area,security cabin ke pass,22.610203,75.683061,SUCCESS
ORD-1951,Indore,Pithampur Industrial Area,factory security gate,22.610179,75.683383,SUCCESS
ORD-1952,Indore,Pithampur Industrial Area,security cabin ke pass,22.610846,75.683631,SUCCESS
ORD-1953,Indore,Pithampur Industrial Area,security cabin ke pass,22.610165,75.683639,SUCCESS
ORD-1954,Indore,Pithampur Industrial Area,watchman cabin,22.610524,75.683707,SUCCESS
ORD-1955,Indore,Pithampur Industrial Area,security cabin ke pass,22.610279,75.683337,SUCCESS
ORD-1956,Indore,Pithampur Industrial Area,security cabin ke pass,22.610498,75.683195,SUCCESS
ORD-1957,Indore,Pithampur Industrial Area,security cabin ke pass,22.610318,75.683576,SUCCESS
ORD-1958,Indore,Pithampur Industrial Area,security cabin ke pass,22.610239,75.683332,SUCCESS
ORD-1959,Indore,Pithampur Industrial Area,factory security gate,22.610185,75.683799,SUCCESS
ORD-1960,Indore,Pithampur Industrial Area,watchman cabin,22.610495,75.68374,SUCCESS
ORD-1961,Indore,Pithampur Industrial Area,factory security gate,22.61085,75.683083,SUCCESS
ORD-1962,Indore,Pithampur Industrial Area,security cabin ke pass,22.610505,75.68371,SUCCESS
ORD-1963,Indore,Pithampur Industrial Area,factory security gate,22.610628,75.683047,SUCCESS
ORD-1964,Indore,Pithampur Industrial Area,watchman cabin,22.61089,75.683411,SUCCESS
ORD-1965,Indore,Pithampur Industrial Area,factory security gate,22.610277,75.683405,SUCCESS
ORD-1966,Indore,Pithampur Industrial Area,watchman cabin,22.610403,75.683616,SUCCESS
ORD-1967,Indore,Pithampur Industrial Area,factory security gate,22.610705,75.683426,SUCCESS
ORD-1968,Indore,Pithampur Industrial Area,security cabin ke pass,22.61068,75.683212,SUCCESS
ORD-1969,Indore,Pithampur Industrial Area,watchman cabin,22.610757,75.683771,SUCCESS
ORD-1970,Indore,Pithampur Industrial Area,security cabin ke pass,22.610502,75.683291,SUCCESS
ORD-1971,Indore,Pithampur Industrial Area,watchman cabin,22.610173,75.683303,SUCCESS
ORD-1972,Indore,Pithampur Industrial Area,factory security gate,22.610153,75.683726,SUCCESS
ORD-1973,Indore,Pithampur Industrial Area,security cabin ke pass,22.610237,75.683215,SUCCESS
ORD-1974,Indore,Pithampur Industrial Area,security cabin ke pass,22.610657,75.683407,SUCCESS
ORD-1975,Indore,Pithampur Industrial Area,security cabin ke pass,22.610591,75.683415,SUCCESS
ORD-1976,Indore,Pithampur Industrial Area,factory security gate,22.610118,75.683588,SUCCESS
ORD-1977,Indore,Pithampur Industrial Area,watchman cabin,22.610316,75.683692,SUCCESS
ORD-1978,Indore,Pithampur Industrial Area,factory security gate,22.610676,75.683259,SUCCESS
ORD-1979,Indore,Pithampur Industrial Area,watchman cabin,22.610356,75.683363,SUCCESS
ORD-1980,Indore,Pithampur Industrial Area,security cabin ke pass,22.610098,75.683771,SUCCESS
ORD-1981,Indore,Pithampur Industrial Area,watchman cabin,22.610345,75.683187,SUCCESS
ORD-1982,Indore,Pithampur Industrial Area,watchman cabin,22.610606,75.683401,SUCCESS
ORD-1983,Indore,Pithampur Industrial Area,factory security gate,22.610147,75.68348,SUCCESS
ORD-1984,Indore,Pithampur Industrial Area,security cabin ke pass,22.610849,75.683353,SUCCESS
ORD-1985,Indore,Pithampur Industrial Area,security cabin ke pass,22.610528,75.683756,SUCCESS
ORD-1986,Indore,Palasia,near city bus stand,22.724369,75.883402,SUCCESS
ORD-1987,Indore,Palasia,bus stop ke paas,22.724615,75.882936,SUCCESS
ORD-1988,Indore,Palasia,bus stop ke paas,22.724631,75.883164,SUCCESS
ORD-1989,Indore,Palasia,bus stand ke bagal,22.72429,75.882798,SUCCESS
ORD-1990,Indore,Palasia,bus stand ke bagal,22.724976,75.883381,SUCCESS
ORD-1991,Indore,Palasia,bus stand ke bagal,22.724595,75.883159,SUCCESS
ORD-1992,Indore,Palasia,bus stand ke bagal,22.7245,75.88303,SUCCESS
ORD-1993,Indore,Palasia,bus stand ke bagal,22.724866,75.883574,SUCCESS
ORD-1994,Indore,Palasia,bus stand ke bagal,22.724297,75.883202,SUCCESS
ORD-1995,Indore,Palasia,bus stop ke paas,22.724636,75.883364,SUCCESS
ORD-1996,Indore,Palasia,near city bus stand,22.724703,75.882832,SUCCESS
ORD-1997,Indore,Palasia,near city bus stand,22.724594,75.883601,SUCCESS
ORD-1998,Indore,Palasia,bus stand ke bagal,22.724388,75.8828,SUCCESS
ORD-1999,Indore,Palasia,bus stand ke bagal,22.724892,75.882919,SUCCESS
ORD-2000,Indore,Palasia,near city bus stand,22.724916,75.883494,SUCCESS
ORD-2001,Indore,Palasia,near city bus stand,22.724752,75.882802,SUCCESS
ORD-2002,Indore,Palasia,near city bus stand,22.724395,75.882979,SUCCESS
ORD-2003,Indore,Palasia,near city bus stand,22.724915,75.883239,SUCCESS
ORD-2004,Indore,Palasia,bus stop ke paas,22.724876,75.883527,SUCCESS
ORD-2005,Indore,Palasia,near city bus stand,22.724312,75.883092,SUCCESS
ORD-2006,Indore,Palasia,bus stop ke paas,22.725002,75.883291,SUCCESS
ORD-2007,Indore,Palasia,near city bus stand,22.724411,75.883108,SUCCESS
ORD-2008,Indore,Palasia,bus stand ke bagal,22.724836,75.88296,SUCCESS
ORD-2009,Indore,Palasia,near city bus stand,22.724929,75.883176,SUCCESS
ORD-2010,Indore,Palasia,bus stop ke paas,22.724624,75.882884,SUCCESS
ORD-2011,Indore,Palasia,bus stand ke bagal,22.724917,75.883134,SUCCESS
ORD-2012,Indore,Palasia,near city bus stand,22.724657,75.882927,SUCCESS
ORD-2013,Indore,Palasia,bus stand ke bagal,22.724774,75.883578,SUCCESS
ORD-2014,Indore,Palasia,near city bus stand,22.72448,75.883218,SUCCESS
ORD-2015,Indore,Palasia,bus stand ke bagal,22.724251,75.883132,SUCCESS
ORD-2016,Indore,Palasia,bus stop ke paas,22.724367,75.883299,SUCCESS
ORD-2017,Indore,Palasia,near city bus stand,22.72473,75.88331,SUCCESS
ORD-2018,Indore,Palasia,bus stop ke paas,22.724768,75.883387,SUCCESS
ORD-2019,Indore,Palasia,near city bus stand,22.724365,75.883457,SUCCESS
ORD-2020,Indore,Palasia,bus stand ke bagal,22.724669,75.883321,SUCCESS
ORD-2021,Indore,Palasia,near city bus stand,22.724952,75.883496,SUCCESS
ORD-2022,Indore,Palasia,near city bus stand,22.72454,75.882804,SUCCESS
ORD-2023,Indore,Palasia,near city bus stand,22.724558,75.883385,SUCCESS
ORD-2024,Indore,Palasia,bus stand ke bagal,22.724469,75.883012,SUCCESS
ORD-2025,Indore,Palasia,near city bus stand,22.724243,75.883584,SUCCESS
ORD-2026,Indore,Palasia,near city bus stand,22.724911,75.88341,SUCCESS
ORD-2027,Indore,Palasia,bus stand ke bagal,22.72437,75.883516,SUCCESS
ORD-2028,Indore,Palasia,bus stand ke bagal,22.724497,75.883179,SUCCESS
ORD-2029,Indore,Palasia,bus stop ke paas,22.724359,75.882917,SUCCESS
ORD-2030,Indore,Palasia,bus stand ke bagal,22.724709,75.882951,SUCCESS
ORD-2031,Indore,Palasia,near city bus stand,22.724394,75.883392,SUCCESS
ORD-2032,Indore,Palasia,near city bus stand,22.724499,75.882846,SUCCESS
ORD-2033,Indore,Palasia,bus stand ke bagal,22.724848,75.882891,SUCCESS
ORD-2034,Indore,Palasia,bus stand ke bagal,22.724896,75.882821,SUCCESS
ORD-2035,Indore,Palasia,near city bus stand,22.724769,75.883032,SUCCESS
ORD-2036,Indore,Palasia,bus stand ke bagal,22.724614,75.883093,SUCCESS
ORD-2037,Indore,Palasia,bus stop ke paas,22.724318,75.882801,SUCCESS
ORD-2038,Indore,Palasia,near city bus stand,22.724862,75.882873,SUCCESS
ORD-2039,Indore,Palasia,bus stop ke paas,22.724477,75.883299,SUCCESS
ORD-2040,Indore,Palasia,bus stop ke paas,22.724861,75.883548,SUCCESS
ORD-2041,Indore,Palasia,near city bus stand,22.724615,75.883433,SUCCESS
ORD-2042,Indore,Palasia,bus stop ke paas,22.724535,75.882816,SUCCESS
ORD-2043,Indore,Palasia,near city bus stand,22.724971,75.882895,SUCCESS
ORD-2044,Indore,Palasia,near city bus stand,22.724196,75.883446,SUCCESS
ORD-2045,Indore,Palasia,near city bus stand,22.724503,75.883059,SUCCESS
ORD-2046,Indore,Palasia,near city bus stand,22.724794,75.883161,SUCCESS
ORD-2047,Indore,Palasia,bus stop ke paas,22.724224,75.883377,SUCCESS
ORD-2048,Indore,Palasia,near city bus stand,22.724426,75.883166,SUCCESS
ORD-2049,Indore,Palasia,near city bus stand,22.724509,75.882963,SUCCESS
ORD-2050,Indore,Palasia,bus stand ke bagal,22.724241,75.883382,SUCCESS
ORD-2051,Indore,Palasia,bus stand ke bagal,22.72428,75.883379,SUCCESS
ORD-2052,Indore,Palasia,bus stop ke paas,22.724985,75.883377,SUCCESS
ORD-2053,Indore,Palasia,near city bus stand,22.724494,75.88322,SUCCESS
ORD-2054,Indore,Palasia,bus stand ke bagal,22.724576,75.883097,SUCCESS
ORD-2055,Indore,Palasia,bus stand ke bagal,22.724636,75.883577,SUCCESS
ORD-2056,Indore,Palasia,bus stop ke paas,22.72498,75.883191,SUCCESS
ORD-2057,Indore,Palasia,bus stand ke bagal,22.724486,75.883497,SUCCESS
ORD-2058,Indore,Palasia,bus stop ke paas,22.724795,75.883463,SUCCESS
ORD-2059,Indore,Palasia,bus stop ke paas,22.724868,75.883603,SUCCESS
ORD-2060,Indore,Palasia,near city bus stand,22.724325,75.882885,SUCCESS
ORD-2061,Indore,Palasia,bus stand ke bagal,22.724823,75.883565,SUCCESS
ORD-2062,Indore,Palasia,near city bus stand,22.724973,75.883266,SUCCESS
ORD-2063,Indore,Palasia,bus stop ke paas,22.724796,75.883088,SUCCESS
ORD-2064,Indore,Palasia,bus stand ke bagal,22.724279,75.883409,SUCCESS
ORD-2065,Indore,Palasia,near city bus stand,22.724456,75.88305,SUCCESS
ORD-2066,Indore,Palasia,bus stop ke paas,22.72452,75.883098,SUCCESS
ORD-2067,Indore,Palasia,bus stand ke bagal,22.724705,75.883018,SUCCESS
ORD-2068,Indore,Palasia,bus stand ke bagal,22.724361,75.88293,SUCCESS
ORD-2069,Indore,Palasia,near city bus stand,22.724346,75.883571,SUCCESS
ORD-2070,Indore,Palasia,bus stand ke bagal,22.724642,75.883433,SUCCESS
ORD-2071,Indore,Palasia,near city bus stand,22.724896,75.882854,SUCCESS
ORD-2072,Indore,Palasia,bus stand ke bagal,22.724375,75.883537,SUCCESS
ORD-2073,Indore,Palasia,bus stop ke paas,22.724515,75.883041,SUCCESS
ORD-2074,Indore,Palasia,bus stand ke bagal,22.724809,75.882963,SUCCESS
ORD-2075,Indore,Palasia,bus stop ke paas,22.724627,75.88337,SUCCESS
ORD-2076,Indore,Palasia,bus stop ke paas,22.724389,75.883485,SUCCESS
ORD-2077,Indore,Palasia,bus stop ke paas,22.724304,75.882998,SUCCESS
ORD-2078,Indore,Palasia,near city bus stand,22.724792,75.883237,SUCCESS
ORD-2079,Indore,Palasia,bus stop ke paas,22.724881,75.882841,SUCCESS
ORD-2080,Indore,Palasia,bus stop ke paas,22.724847,75.883275,SUCCESS
ORD-2081,Indore,Palasia,bus stand ke bagal,22.72448,75.883267,SUCCESS
ORD-2082,Indore,Palasia,near city bus stand,22.725,75.883245,SUCCESS
ORD-2083,Indore,Palasia,bus stop ke paas,22.724447,75.883333,SUCCESS
ORD-2084,Indore,Palasia,near city bus stand,22.7249,75.883513,SUCCESS
ORD-2085,Indore,Palasia,near city bus stand,22.724334,75.883396,SUCCESS
ORD-2086,Indore,Palasia,bus stand ke bagal,22.724785,75.883205,SUCCESS
ORD-2087,Indore,Palasia,bus stand ke bagal,22.724581,75.883271,SUCCESS
ORD-2088,Indore,Palasia,near city bus stand,22.724663,75.882891,SUCCESS
ORD-2089,Indore,Palasia,bus stop ke paas,22.72424,75.883442,SUCCESS
ORD-2090,Indore,Palasia,near city bus stand,22.724955,75.883194,SUCCESS
ORD-2091,Indore,Palasia,bus stand ke bagal,22.724521,75.883483,SUCCESS
ORD-2092,Indore,Palasia,bus stand ke bagal,22.724302,75.883106,SUCCESS
ORD-2093,Indore,Palasia,bus stop ke paas,22.724297,75.883446,SUCCESS
ORD-2094,Indore,Palasia,near city bus stand,22.724367,75.882965,SUCCESS
ORD-2095,Indore,Palasia,bus stop ke paas,22.72499,75.88335,SUCCESS
ORD-2096,Indore,Palasia,bus stand ke bagal,22.724832,75.88293,SUCCESS
ORD-2097,Indore,Palasia,near city bus stand,22.724353,75.883495,SUCCESS
ORD-2098,Indore,Palasia,near city bus stand,22.724806,75.882847,SUCCESS
ORD-2099,Indore,Palasia,bus stop ke paas,22.724447,75.882858,SUCCESS
ORD-2100,Indore,Palasia,near city bus stand,22.724774,75.883541,SUCCESS
ORD-2101,Indore,Palasia,bus stand ke bagal,22.724245,75.883333,SUCCESS
ORD-2102,Indore,Palasia,bus stop ke paas,22.724315,75.883279,SUCCESS
ORD-2103,Indore,Palasia,bus stop ke paas,22.724391,75.883576,SUCCESS
ORD-2104,Indore,Palasia,bus stop ke paas,22.724551,75.883007,SUCCESS
ORD-2105,Indore,Palasia,bus stand ke bagal,22.724936,75.882821,SUCCESS
ORD-2106,Indore,Palasia,bus stop ke paas,22.724354,75.883003,SUCCESS
ORD-2107,Indore,Palasia,near city bus stand,22.724285,75.883122,SUCCESS
ORD-2108,Indore,Palasia,near city bus stand,22.724367,75.88327,SUCCESS
ORD-2109,Indore,Palasia,bus stand ke bagal,22.724951,75.882895,SUCCESS
ORD-2110,Indore,Palasia,bus stop ke paas,22.724549,75.883314,SUCCESS
ORD-2111,Indore,Palasia,near city bus stand,22.724852,75.88301,SUCCESS
ORD-2112,Indore,Palasia,near city bus stand,22.724796,75.883048,SUCCESS
ORD-2113,Indore,Palasia,near city bus stand,22.724646,75.882977,SUCCESS
ORD-2114,Indore,Palasia,bus stand ke bagal,22.72466,75.883301,SUCCESS
ORD-2115,Indore,Palasia,near city bus stand,22.724318,75.883193,SUCCESS
ORD-2116,Indore,Palasia,near city bus stand,22.72443,75.883026,SUCCESS
ORD-2117,Indore,Palasia,bus stand ke bagal,22.725005,75.883505,SUCCESS
ORD-2118,Indore,Palasia,bus stand ke bagal,22.724844,75.88287,SUCCESS
ORD-2119,Indore,Palasia,bus stop ke paas,22.724924,75.883419,SUCCESS
ORD-2120,Indore,Palasia,bus stand ke bagal,22.724705,75.883064,SUCCESS
ORD-2121,Indore,Palasia,bus stand ke bagal,22.724827,75.883411,SUCCESS
ORD-2122,Indore,Palasia,bus stop ke paas,22.724278,75.883561,SUCCESS
ORD-2123,Indore,Palasia,near city bus stand,22.724641,75.883195,SUCCESS
ORD-2124,Indore,Palasia,bus stand ke bagal,22.724299,75.883094,SUCCESS
ORD-2125,Indore,Palasia,bus stand ke bagal,22.724794,75.883461,SUCCESS
ORD-2126,Indore,Palasia,bus stand ke bagal,22.724244,75.883029,SUCCESS
ORD-2127,Indore,Palasia,near city bus stand,22.724859,75.883165,SUCCESS
ORD-2128,Indore,Palasia,bus stop ke paas,22.724229,75.883002,SUCCESS
ORD-2129,Indore,Palasia,bus stand ke bagal,22.724862,75.883179,SUCCESS
ORD-2130,Indore,Palasia,hostel main road,22.722777,75.88166,SUCCESS
ORD-2131,Indore,Palasia,hostel main road,22.722743,75.881591,SUCCESS
ORD-2132,Indore,Palasia,hostel main road,22.722774,75.881846,SUCCESS
ORD-2133,Indore,Palasia,hostel ke samne wali road,22.722804,75.881904,SUCCESS
ORD-2134,Indore,Palasia,hostel main road,22.723165,75.881657,SUCCESS
ORD-2135,Indore,Palasia,hostel main road,22.722979,75.881967,SUCCESS
ORD-2136,Indore,Palasia,hostel ke samne wali road,22.723459,75.882201,SUCCESS
ORD-2137,Indore,Palasia,hostel ke samne wali road,22.72318,75.881504,SUCCESS
ORD-2138,Indore,Palasia,hostel main road,22.723015,75.881824,SUCCESS
ORD-2139,Indore,Palasia,hostel ke samne wali road,22.723183,75.881807,SUCCESS
ORD-2140,Indore,Palasia,hostel main road,22.723374,75.881881,SUCCESS
ORD-2141,Indore,Palasia,hostel main road,22.72315,75.881683,SUCCESS
ORD-2142,Indore,Palasia,boys hostel ke pass,22.723087,75.881849,SUCCESS
ORD-2143,Indore,Palasia,boys hostel ke pass,22.72335,75.8818,SUCCESS
ORD-2144,Indore,Palasia,boys hostel ke pass,22.723007,75.882145,SUCCESS
ORD-2145,Indore,Palasia,hostel ke samne wali road,22.722863,75.881539,SUCCESS
ORD-2146,Indore,Palasia,boys hostel ke pass,22.722787,75.881472,SUCCESS
ORD-2147,Indore,Palasia,hostel main road,22.722968,75.881695,SUCCESS
ORD-2148,Indore,Palasia,boys hostel ke pass,22.723227,75.881547,SUCCESS
ORD-2149,Indore,Palasia,hostel main road,22.722745,75.882055,SUCCESS
ORD-2150,Indore,Palasia,hostel ke samne wali road,22.722707,75.881821,SUCCESS
ORD-2151,Indore,Palasia,hostel main road,22.722985,75.882126,SUCCESS
ORD-2152,Indore,Palasia,hostel main road,22.722842,75.88169,SUCCESS
ORD-2153,Indore,Palasia,hostel main road,22.722981,75.881653,SUCCESS
ORD-2154,Indore,Palasia,hostel main road,22.723348,75.881965,SUCCESS
ORD-2155,Indore,Palasia,hostel ke samne wali road,22.723368,75.881447,SUCCESS
ORD-2156,Indore,Palasia,boys hostel ke pass,22.723107,75.881675,SUCCESS
ORD-2157,Indore,Palasia,hostel main road,22.723499,75.881637,SUCCESS
ORD-2158,Indore,Palasia,boys hostel ke pass,22.722713,75.881772,SUCCESS
ORD-2159,Indore,Palasia,hostel ke samne wali road,22.723088,75.881879,SUCCESS
ORD-2160,Indore,Palasia,boys hostel ke pass,22.723088,75.881913,SUCCESS
ORD-2161,Indore,Palasia,hostel main road,22.722728,75.88155,SUCCESS
ORD-2162,Indore,Palasia,boys hostel ke pass,22.723247,75.881626,SUCCESS
ORD-2163,Indore,Palasia,hostel main road,22.723494,75.881699,SUCCESS
ORD-2164,Indore,Palasia,hostel main road,22.723072,75.881889,SUCCESS
ORD-2165,Indore,Palasia,hostel main road,22.722873,75.882022,SUCCESS
ORD-2166,Indore,Palasia,hostel main road,22.723311,75.8817,SUCCESS
ORD-2167,Indore,Palasia,hostel main road,22.722801,75.881445,SUCCESS
ORD-2168,Indore,Palasia,hostel main road,22.722896,75.881498,SUCCESS
ORD-2169,Indore,Palasia,hostel ke samne wali road,22.723009,75.881776,SUCCESS
ORD-2170,Indore,Palasia,hostel ke samne wali road,22.723015,75.881439,SUCCESS
ORD-2171,Indore,Palasia,boys hostel ke pass,22.722931,75.882024,SUCCESS
ORD-2172,Indore,Palasia,boys hostel ke pass,22.72286,75.882203,SUCCESS
ORD-2173,Indore,Palasia,hostel main road,22.723068,75.881532,SUCCESS
ORD-2174,Indore,Palasia,boys hostel ke pass,22.723134,75.881819,SUCCESS
ORD-2175,Indore,Palasia,hostel ke samne wali road,22.722811,75.88152,SUCCESS
ORD-2176,Indore,Palasia,hostel ke samne wali road,22.722957,75.881943,SUCCESS
ORD-2177,Indore,Palasia,hostel ke samne wali road,22.723479,75.881758,SUCCESS
ORD-2178,Indore,Palasia,boys hostel ke pass,22.723063,75.881968,SUCCESS
ORD-2179,Indore,Palasia,boys hostel ke pass,22.723325,75.881769,SUCCESS
ORD-2180,Indore,Palasia,boys hostel ke pass,22.723355,75.881738,SUCCESS
ORD-2181,Indore,Palasia,hostel main road,22.723501,75.881613,SUCCESS
ORD-2182,Indore,Palasia,hostel ke samne wali road,22.722727,75.881685,SUCCESS
ORD-2183,Indore,Palasia,hostel main road,22.723048,75.881662,SUCCESS
ORD-2184,Indore,Palasia,hostel ke samne wali road,22.723139,75.881908,SUCCESS
ORD-2185,Indore,Palasia,hostel main road,22.722908,75.881665,SUCCESS
ORD-2186,Indore,Palasia,hostel ke samne wali road,22.723318,75.881802,SUCCESS
ORD-2187,Indore,Palasia,hostel main road,22.723255,75.881511,SUCCESS
ORD-2188,Indore,Palasia,boys hostel ke pass,22.723128,75.8817,SUCCESS
ORD-2189,Indore,Palasia,hostel ke samne wali road,22.722943,75.881827,SUCCESS
ORD-2190,Indore,Palasia,hostel main road,22.723047,75.881604,SUCCESS
ORD-2191,Indore,Palasia,hostel ke samne wali road,22.723147,75.882006,SUCCESS
ORD-2192,Indore,Palasia,hostel ke samne wali road,22.723254,75.882096,SUCCESS
ORD-2193,Indore,Palasia,boys hostel ke pass,22.723463,75.88184,SUCCESS
ORD-2194,Indore,Palasia,hostel ke samne wali road,22.723052,75.881435,SUCCESS
ORD-2195,Indore,Palasia,boys hostel ke pass,22.722874,75.881492,SUCCESS
ORD-2196,Indore,Palasia,boys hostel ke pass,22.723026,75.882117,SUCCESS
ORD-2197,Indore,Palasia,hostel ke samne wali road,22.723418,75.881512,SUCCESS
ORD-2198,Indore,Palasia,hostel ke samne wali road,22.723237,75.881714,SUCCESS
ORD-2199,Indore,Palasia,hostel main road,22.722898,75.881643,SUCCESS
ORD-2200,Indore,Palasia,hostel main road,22.7233,75.881872,SUCCESS
ORD-2201,Indore,Palasia,hostel ke samne wali road,22.723114,75.881656,SUCCESS
ORD-2202,Indore,Palasia,hostel main road,22.722905,75.881569,SUCCESS
ORD-2203,Indore,Palasia,hostel ke samne wali road,22.722842,75.882011,SUCCESS
ORD-2204,Indore,Palasia,boys hostel ke pass,22.722807,75.881828,SUCCESS
ORD-2205,Indore,Palasia,hostel ke samne wali road,22.722771,75.881981,SUCCESS
ORD-2206,Indore,Palasia,hostel main road,22.722733,75.882145,SUCCESS
ORD-2207,Indore,Palasia,hostel ke samne wali road,22.723146,75.882132,SUCCESS
ORD-2208,Indore,Palasia,boys hostel ke pass,22.723485,75.881495,SUCCESS
ORD-2209,Indore,Palasia,hostel ke samne wali road,22.722865,75.882068,SUCCESS
ORD-2210,Indore,Palasia,hostel main road,22.723421,75.881786,SUCCESS
ORD-2211,Indore,Palasia,hostel main road,22.722812,75.881681,SUCCESS
ORD-2212,Indore,Palasia,boys hostel ke pass,22.723213,75.881952,SUCCESS
ORD-2213,Indore,Palasia,hostel ke samne wali road,22.723294,75.881505,SUCCESS
ORD-2214,Indore,Palasia,hostel ke samne wali road,22.723455,75.881572,SUCCESS
ORD-2215,Indore,Palasia,boys hostel ke pass,22.723035,75.881551,SUCCESS
ORD-2216,Indore,Palasia,boys hostel ke pass,22.722891,75.881943,SUCCESS
ORD-2217,Indore,Palasia,hostel ke samne wali road,22.722792,75.881955,SUCCESS
ORD-2218,Indore,Palasia,hostel ke samne wali road,22.722926,75.882198,SUCCESS
ORD-2219,Indore,Palasia,boys hostel ke pass,22.723213,75.88169,SUCCESS
ORD-2220,Indore,Palasia,hostel ke samne wali road,22.722776,75.881703,SUCCESS
ORD-2221,Indore,Palasia,hostel ke samne wali road,22.722963,75.88178,SUCCESS
ORD-2222,Indore,Palasia,boys hostel ke pass,22.723403,75.881685,SUCCESS
ORD-2223,Indore,Palasia,boys hostel ke pass,22.723243,75.881799,SUCCESS
ORD-2224,Indore,Palasia,hostel ke samne wali road,22.72308,75.881888,SUCCESS
ORD-2225,Indore,Palasia,hostel main road,22.722705,75.881628,SUCCESS
ORD-2226,Indore,Palasia,hostel main road,22.723349,75.881558,SUCCESS
ORD-2227,Indore,Palasia,boys hostel ke pass,22.722915,75.881733,SUCCESS
ORD-2228,Indore,Palasia,boys hostel ke pass,22.723187,75.882166,SUCCESS
ORD-2229,Indore,Palasia,hostel ke samne wali road,22.723023,75.882129,SUCCESS
ORD-2230,Indore,Palasia,boys hostel ke pass,22.723321,75.881402,SUCCESS
ORD-2231,Indore,Palasia,hostel main road,22.722867,75.881905,SUCCESS
ORD-2232,Indore,Palasia,boys hostel ke pass,22.723003,75.881737,SUCCESS
ORD-2233,Indore,Palasia,hostel ke samne wali road,22.723094,75.881638,SUCCESS
ORD-2234,Indore,Palasia,boys hostel ke pass,22.722963,75.88184,SUCCESS
ORD-2235,Indore,Palasia,boys hostel ke pass,22.723023,75.882004,SUCCESS
ORD-2236,Indore,Palasia,hostel ke samne wali road,22.722981,75.881941,SUCCESS
ORD-2237,Indore,Palasia,hostel main road,22.723358,75.882028,SUCCESS
ORD-2238,Indore,Palasia,hostel main road,22.72344,75.881757,SUCCESS
ORD-2239,Indore,Palasia,hostel ke samne wali road,22.723008,75.881824,SUCCESS
ORD-2240,Indore,Palasia,hostel main road,22.723233,75.881885,SUCCESS
ORD-2241,Indore,Palasia,hostel main road,22.722782,75.881485,SUCCESS
ORD-2242,Indore,Palasia,hostel main road,22.723126,75.881619,SUCCESS
ORD-2243,Indore,Palasia,boys hostel ke pass,22.722716,75.881477,SUCCESS
ORD-2244,Indore,Palasia,boys hostel ke pass,22.723314,75.881938,SUCCESS
ORD-2245,Indore,Palasia,hostel main road,22.723437,75.882047,SUCCESS
ORD-2246,Indore,Palasia,boys hostel ke pass,22.722781,75.881967,SUCCESS
ORD-2247,Indore,Palasia,hostel ke samne wali road,22.723135,75.882121,SUCCESS
ORD-2248,Indore,Palasia,hostel ke samne wali road,22.723281,75.882078,SUCCESS
ORD-2249,Indore,Palasia,hostel main road,22.722841,75.881727,SUCCESS
ORD-2250,Indore,Palasia,boys hostel ke pass,22.723269,75.881535,SUCCESS
ORD-2251,Indore,Palasia,hostel ke samne wali road,22.722956,75.882093,SUCCESS
ORD-2252,Indore,Palasia,hostel ke samne wali road,22.723101,75.881628,SUCCESS
ORD-2253,Indore,Palasia,hostel ke samne wali road,22.723463,75.881622,SUCCESS
ORD-2254,Indore,Palasia,hostel main road,22.722834,75.882064,SUCCESS
ORD-2255,Indore,Palasia,hostel ke samne wali road,22.723367,75.88148,SUCCESS
ORD-2256,Indore,Palasia,boys hostel ke pass,22.723487,75.882122,SUCCESS
ORD-2257,Indore,Palasia,chai cafe near road,22.725046,75.882934,SUCCESS
ORD-2258,Indore,Palasia,chai cafe near road,22.725413,75.88275,SUCCESS
ORD-2259,Indore,Palasia,coffee shop ke bagal,22.7247,75.882426,SUCCESS
ORD-2260,Indore,Palasia,coffee shop ke bagal,22.724843,75.88281,SUCCESS
ORD-2261,Indore,Palasia,chai cafe near road,22.725123,75.882474,SUCCESS
ORD-2262,Indore,Palasia,coffee shop ke bagal,22.725047,75.882699,SUCCESS
ORD-2263,Indore,Palasia,chai cafe near road,22.724938,75.88278,SUCCESS
ORD-2264,Indore,Palasia,cafe ke pass,22.724853,75.882575,SUCCESS
ORD-2265,Indore,Palasia,cafe ke pass,22.725154,75.882666,SUCCESS
ORD-2266,Indore,Palasia,chai cafe near road,22.724869,75.882843,SUCCESS
ORD-2267,Indore,Palasia,cafe ke pass,22.724774,75.882499,SUCCESS
ORD-2268,Indore,Palasia,cafe ke pass,22.725346,75.882274,SUCCESS
ORD-2269,Indore,Palasia,chai cafe near road,22.725157,75.882781,SUCCESS
ORD-2270,Indore,Palasia,coffee shop ke bagal,22.725247,75.882835,SUCCESS
ORD-2271,Indore,Palasia,chai cafe near road,22.724791,75.882525,SUCCESS
ORD-2272,Indore,Palasia,coffee shop ke bagal,22.724826,75.882306,SUCCESS
ORD-2273,Indore,Palasia,chai cafe near road,22.725312,75.882692,SUCCESS
ORD-2274,Indore,Palasia,coffee shop ke bagal,22.724976,75.882962,SUCCESS
ORD-2275,Indore,Palasia,cafe ke pass,22.725083,75.882339,SUCCESS
ORD-2276,Indore,Palasia,cafe ke pass,22.725091,75.882953,SUCCESS
ORD-2277,Indore,Palasia,cafe ke pass,22.725417,75.882466,SUCCESS
ORD-2278,Indore,Palasia,chai cafe near road,22.724797,75.882801,SUCCESS
ORD-2279,Indore,Palasia,coffee shop ke bagal,22.725334,75.882717,SUCCESS
ORD-2280,Indore,Palasia,coffee shop ke bagal,22.725464,75.882841,SUCCESS
ORD-2281,Indore,Palasia,coffee shop ke bagal,22.72486,75.882764,SUCCESS
ORD-2282,Indore,Palasia,chai cafe near road,22.725031,75.882925,SUCCESS
ORD-2283,Indore,Palasia,chai cafe near road,22.725496,75.882446,SUCCESS
ORD-2284,Indore,Palasia,cafe ke pass,22.725349,75.882994,SUCCESS
ORD-2285,Indore,Palasia,coffee shop ke bagal,22.72501,75.882428,SUCCESS
ORD-2286,Indore,Palasia,coffee shop ke bagal,22.725417,75.882989,SUCCESS
ORD-2287,Indore,Palasia,coffee shop ke bagal,22.725404,75.882975,SUCCESS
ORD-2288,Indore,Palasia,coffee shop ke bagal,22.725122,75.882965,SUCCESS
ORD-2289,Indore,Palasia,coffee shop ke bagal,22.725414,75.882976,SUCCESS
ORD-2290,Indore,Palasia,chai cafe near road,22.725282,75.882749,SUCCESS
ORD-2291,Indore,Palasia,coffee shop ke bagal,22.725024,75.882388,SUCCESS
ORD-2292,Indore,Palasia,chai cafe near road,22.724954,75.882534,SUCCESS
ORD-2293,Indore,Palasia,coffee shop ke bagal,22.724913,75.882714,SUCCESS
ORD-2294,Indore,Palasia,coffee shop ke bagal,22.72512,75.882763,SUCCESS
ORD-2295,Indore,Palasia,coffee shop ke bagal,22.724909,75.88284,SUCCESS
ORD-2296,Indore,Palasia,coffee shop ke bagal,22.724973,75.882678,SUCCESS
ORD-2297,Indore,Palasia,cafe ke pass,22.72547,75.882357,SUCCESS
ORD-2298,Indore,Palasia,chai cafe near road,22.725129,75.882465,SUCCESS
ORD-2299,Indore,Palasia,coffee shop ke bagal,22.724819,75.882842,SUCCESS
ORD-2300,Indore,Palasia,chai cafe near road,22.724959,75.882838,SUCCESS
ORD-2301,Indore,Palasia,coffee shop ke bagal,22.72531,75.882765,SUCCESS
ORD-2302,Indore,Palasia,chai cafe near road,22.72515,75.882524,SUCCESS
ORD-2303,Indore,Palasia,cafe ke pass,22.725235,75.882922,SUCCESS
ORD-2304,Indore,Palasia,cafe ke pass,22.724965,75.882458,SUCCESS
ORD-2305,Indore,Palasia,chai cafe near road,22.725043,75.882701,SUCCESS
ORD-2306,Indore,Palasia,chai cafe near road,22.725008,75.882933,SUCCESS
ORD-2307,Indore,Palasia,chai cafe near road,22.724924,75.88232,SUCCESS
ORD-2308,Indore,Palasia,cafe ke pass,22.724926,75.882553,SUCCESS
ORD-2309,Indore,Palasia,cafe ke pass,22.725028,75.882946,SUCCESS
ORD-2310,Indore,Palasia,chai cafe near road,22.725244,75.882612,SUCCESS
ORD-2311,Indore,Palasia,chai cafe near road,22.725011,75.882982,SUCCESS
ORD-2312,Indore,Palasia,cafe ke pass,22.724996,75.882561,SUCCESS
ORD-2313,Indore,Palasia,chai cafe near road,22.724711,75.882449,SUCCESS
ORD-2314,Indore,Palasia,chai cafe near road,22.72499,75.882645,SUCCESS
ORD-2315,Indore,Palasia,coffee shop ke bagal,22.725465,75.882207,SUCCESS
ORD-2316,Indore,Palasia,coffee shop ke bagal,22.724844,75.882574,SUCCESS
ORD-2317,Indore,Palasia,cafe ke pass,22.724881,75.882851,SUCCESS
ORD-2318,Indore,Palasia,coffee shop ke bagal,22.725046,75.882679,SUCCESS
ORD-2319,Indore,Palasia,chai cafe near road,22.725069,75.882203,SUCCESS
ORD-2320,Indore,Palasia,chai cafe near road,22.725122,75.882331,SUCCESS
ORD-2321,Indore,Palasia,chai cafe near road,22.725456,75.88289,SUCCESS
ORD-2322,Indore,Palasia,chai cafe near road,22.725293,75.882635,SUCCESS
ORD-2323,Indore,Palasia,chai cafe near road,22.725197,75.882945,SUCCESS
ORD-2324,Indore,Palasia,coffee shop ke bagal,22.72477,75.882374,SUCCESS
ORD-2325,Indore,Palasia,cafe ke pass,22.724976,75.882599,SUCCESS
ORD-2326,Indore,Palasia,coffee shop ke bagal,22.725151,75.882371,SUCCESS
ORD-2327,Indore,Palasia,chai cafe near road,22.725296,75.882902,SUCCESS
ORD-2328,Indore,Palasia,chai cafe near road,22.725432,75.882851,SUCCESS
ORD-2329,Indore,Palasia,coffee shop ke bagal,22.725279,75.882642,SUCCESS
ORD-2330,Indore,Palasia,cafe ke pass,22.725366,75.882333,SUCCESS
ORD-2331,Indore,Palasia,chai cafe near road,22.725245,75.882888,SUCCESS
ORD-2332,Indore,Palasia,chai cafe near road,22.724859,75.882453,SUCCESS
ORD-2333,Indore,Palasia,coffee shop ke bagal,22.724703,75.882408,SUCCESS
ORD-2334,Indore,Palasia,cafe ke pass,22.724987,75.88258,SUCCESS
ORD-2335,Indore,Palasia,cafe ke pass,22.7249,75.882891,SUCCESS
ORD-2336,Indore,Palasia,cafe ke pass,22.725123,75.88273,SUCCESS
ORD-2337,Indore,Palasia,cafe ke pass,22.725437,75.882789,SUCCESS
ORD-2338,Indore,Palasia,cafe ke pass,22.72529,75.882656,SUCCESS
ORD-2339,Indore,Palasia,chai cafe near road,22.725474,75.882607,SUCCESS
ORD-2340,Indore,Palasia,coffee shop ke bagal,22.725414,75.882332,SUCCESS
ORD-2341,Indore,Palasia,chai cafe near road,22.724736,75.882497,SUCCESS
ORD-2342,Indore,Palasia,coffee shop ke bagal,22.725037,75.882832,SUCCESS
ORD-2343,Indore,Palasia,cafe ke pass,22.725206,75.882693,SUCCESS
ORD-2344,Indore,Palasia,coffee shop ke bagal,22.724963,75.88287,SUCCESS
ORD-2345,Indore,Palasia,chai cafe near road,22.72476,75.882219,SUCCESS
ORD-2346,Indore,Palasia,coffee shop ke bagal,22.725488,75.882918,SUCCESS
ORD-2347,Indore,Palasia,coffee shop ke bagal,22.724962,75.882503,SUCCESS
ORD-2348,Indore,Palasia,chai cafe near road,22.72516,75.882258,SUCCESS
ORD-2349,Indore,Palasia,chai cafe near road,22.725354,75.882854,SUCCESS
ORD-2350,Indore,Palasia,coffee shop ke bagal,22.72518,75.88289,SUCCESS
ORD-2351,Indore,Palasia,cafe ke pass,22.725416,75.882203,SUCCESS
ORD-2352,Indore,Palasia,coffee shop ke bagal,22.724788,75.882745,SUCCESS
ORD-2353,Indore,Palasia,chai cafe near road,22.725312,75.88256,SUCCESS
ORD-2354,Indore,Palasia,cafe ke pass,22.725097,75.882853,SUCCESS
ORD-2355,Indore,Palasia,chai cafe near road,22.725377,75.882775,SUCCESS
ORD-2356,Indore,Palasia,coffee shop ke bagal,22.725395,75.882667,SUCCESS
ORD-2357,Indore,Palasia,chai cafe near road,22.725318,75.882771,SUCCESS
ORD-2358,Indore,Palasia,coffee shop ke bagal,22.724704,75.882855,SUCCESS
ORD-2359,Indore,Palasia,cafe ke pass,22.725039,75.8827,SUCCESS
ORD-2360,Indore,Palasia,chai cafe near road,22.724803,75.882391,SUCCESS
ORD-2361,Indore,Palasia,coffee shop ke bagal,22.724758,75.882443,SUCCESS
ORD-2362,Indore,Palasia,chai cafe near road,22.725212,75.882823,SUCCESS
ORD-2363,Indore,Palasia,chai cafe near road,22.725461,75.882488,SUCCESS
ORD-2364,Indore,Palasia,coffee shop ke bagal,22.72488,75.882432,SUCCESS
ORD-2365,Indore,Palasia,chai cafe near road,22.725431,75.882941,SUCCESS
ORD-2366,Indore,Palasia,coffee shop ke bagal,22.725062,75.882555,SUCCESS
ORD-2367,Indore,Palasia,chai cafe near road,22.725387,75.882551,SUCCESS
ORD-2368,Indore,Palasia,coffee shop ke bagal,22.725331,75.882445,SUCCESS
ORD-2369,Indore,Palasia,chai cafe near road,22.725086,75.882812,SUCCESS
ORD-2370,Indore,Palasia,coffee shop ke bagal,22.725096,75.882804,SUCCESS
ORD-2371,Indore,Palasia,coffee shop ke bagal,22.725434,75.882667,SUCCESS
ORD-2372,Indore,Palasia,coffee shop ke bagal,22.724814,75.882828,SUCCESS
ORD-2373,Indore,Palasia,chai cafe near road,22.724907,75.882532,SUCCESS
ORD-2374,Indore,Palasia,coffee shop ke bagal,22.725277,75.882199,SUCCESS
ORD-2375,Indore,Palasia,coffee shop ke bagal,22.724704,75.882558,SUCCESS
ORD-2376,Indore,Palasia,cafe ke pass,22.724981,75.882672,SUCCESS
ORD-2377,Indore,Palasia,cafe ke pass,22.725063,75.882677,SUCCESS
ORD-2378,Indore,Palasia,main bazar shop,22.722427,75.884397,SUCCESS
ORD-2379,Indore,Palasia,market ke andar,22.722621,75.884183,SUCCESS
ORD-2380,Indore,Palasia,market lane ke pass,22.722917,75.884381,SUCCESS
ORD-2381,Indore,Palasia,main bazar shop,22.722331,75.883834,SUCCESS
ORD-2382,Indore,Palasia,market lane ke pass,22.723093,75.884377,SUCCESS
ORD-2383,Indore,Palasia,main bazar shop,22.723015,75.884191,SUCCESS
ORD-2384,Indore,Palasia,market lane ke pass,22.722325,75.884347,SUCCESS
ORD-2385,Indore,Palasia,main bazar shop,22.722332,75.884119,SUCCESS
ORD-2386,Indore,Palasia,main bazar shop,22.722431,75.884257,SUCCESS
ORD-2387,Indore,Palasia,main bazar shop,22.72231,75.88437,SUCCESS
ORD-2388,Indore,Palasia,market ke andar,22.722334,75.883758,SUCCESS
ORD-2389,Indore,Palasia,main bazar shop,22.722877,75.884487,SUCCESS
ORD-2390,Indore,Palasia,market lane ke pass,22.722307,75.884361,SUCCESS
ORD-2391,Indore,Palasia,market ke andar,22.722474,75.88448,SUCCESS
ORD-2392,Indore,Palasia,market lane ke pass,22.72292,75.883921,SUCCESS
ORD-2393,Indore,Palasia,main bazar shop,22.722944,75.884282,SUCCESS
ORD-2394,Indore,Palasia,market lane ke pass,22.722389,75.8837,SUCCESS
ORD-2395,Indore,Palasia,market ke andar,22.722776,75.884023,SUCCESS
ORD-2396,Indore,Palasia,main bazar shop,22.722368,75.884459,SUCCESS
ORD-2397,Indore,Palasia,main bazar shop,22.723092,75.88435,SUCCESS
ORD-2398,Indore,Palasia,main bazar shop,22.72246,75.884427,SUCCESS
ORD-2399,Indore,Palasia,market lane ke pass,22.722779,75.883947,SUCCESS
ORD-2400,Indore,Palasia,market lane ke pass,22.722695,75.883923,SUCCESS
ORD-2401,Indore,Palasia,market ke andar,22.722469,75.883966,SUCCESS
ORD-2402,Indore,Palasia,market ke andar,22.722348,75.883966,SUCCESS
ORD-2403,Indore,Palasia,market lane ke pass,22.722374,75.883818,SUCCESS
ORD-2404,Indore,Palasia,main bazar shop,22.722478,75.884108,SUCCESS
ORD-2405,Indore,Palasia,market ke andar,22.722784,75.884018,SUCCESS
ORD-2406,Indore,Palasia,market ke andar,22.722487,75.883767,SUCCESS
ORD-2407,Indore,Palasia,market lane ke pass,22.72286,75.884299,SUCCESS
ORD-2408,Indore,Palasia,market ke andar,22.722674,75.884049,SUCCESS
ORD-2409,Indore,Palasia,market lane ke pass,22.722627,75.884162,SUCCESS
ORD-2410,Indore,Palasia,market ke andar,22.722535,75.88428,SUCCESS
ORD-2411,Indore,Palasia,market ke andar,22.722854,75.884093,SUCCESS
ORD-2412,Indore,Palasia,market ke andar,22.722642,75.883866,SUCCESS
ORD-2413,Indore,Palasia,market lane ke pass,22.722487,75.884051,SUCCESS
ORD-2414,Indore,Palasia,market ke andar,22.722629,75.883974,SUCCESS
ORD-2415,Indore,Palasia,main bazar shop,22.722759,75.883764,SUCCESS
ORD-2416,Indore,Palasia,market ke andar,22.722798,75.883783,SUCCESS
ORD-2417,Indore,Palasia,main bazar shop,22.722657,75.883892,SUCCESS
ORD-2418,Indore,Palasia,market lane ke pass,22.722757,75.883996,SUCCESS
ORD-2419,Indore,Palasia,main bazar shop,22.722679,75.884467,SUCCESS
ORD-2420,Indore,Palasia,market lane ke pass,22.72281,75.883992,SUCCESS
ORD-2421,Indore,Palasia,market ke andar,22.722935,75.883734,SUCCESS
ORD-2422,Indore,Palasia,main bazar shop,22.722566,75.883863,SUCCESS
ORD-2423,Indore,Palasia,main bazar shop,22.722497,75.883978,SUCCESS
ORD-2424,Indore,Palasia,market lane ke pass,22.722966,75.884342,SUCCESS
ORD-2425,Indore,Palasia,market lane ke pass,22.7226,75.884147,SUCCESS
ORD-2426,Indore,Palasia,main bazar shop,22.722327,75.884169,SUCCESS
ORD-2427,Indore,Palasia,market ke andar,22.722858,75.884267,SUCCESS
ORD-2428,Indore,Palasia,main bazar shop,22.722633,75.883861,SUCCESS
ORD-2429,Indore,Palasia,market lane ke pass,22.722898,75.883929,SUCCESS
ORD-2430,Indore,Palasia,market lane ke pass,22.722805,75.884404,SUCCESS
ORD-2431,Indore,Palasia,market ke andar,22.722876,75.884185,SUCCESS
ORD-2432,Indore,Palasia,market lane ke pass,22.722926,75.884064,SUCCESS
ORD-2433,Indore,Palasia,market lane ke pass,22.722489,75.883849,SUCCESS
ORD-2434,Indore,Palasia,market ke andar,22.722344,75.884122,SUCCESS
ORD-2435,Indore,Palasia,main bazar shop,22.722615,75.884333,SUCCESS
ORD-2436,Indore,Palasia,market ke andar,22.722814,75.884201,SUCCESS
ORD-2437,Indore,Palasia,market lane ke pass,22.722448,75.883726,SUCCESS
ORD-2438,Indore,Palasia,main bazar shop,22.722616,75.884105,SUCCESS
ORD-2439,Indore,Palasia,market ke andar,22.722345,75.884332,SUCCESS
ORD-2440,Indore,Palasia,market lane ke pass,22.723008,75.883887,SUCCESS
ORD-2441,Indore,Palasia,main bazar shop,22.722326,75.884267,SUCCESS
ORD-2442,Indore,Palasia,market lane ke pass,22.72294,75.884243,SUCCESS
ORD-2443,Indore,Palasia,market ke andar,22.722788,75.884323,SUCCESS
ORD-2444,Indore,Palasia,main bazar shop,22.722353,75.883921,SUCCESS
ORD-2445,Indore,Palasia,market lane ke pass,22.722598,75.883994,SUCCESS
ORD-2446,Indore,Palasia,market lane ke pass,22.722903,75.88415,SUCCESS
ORD-2447,Indore,Palasia,market lane ke pass,22.723058,75.884048,SUCCESS
ORD-2448,Indore,Palasia,market lane ke pass,22.722369,75.883799,SUCCESS
ORD-2449,Indore,Palasia,market lane ke pass,22.722615,75.884025,SUCCESS
ORD-2450,Indore,Palasia,market ke andar,22.722462,75.883869,SUCCESS
ORD-2451,Indore,Palasia,market ke andar,22.722665,75.884409,SUCCESS
ORD-2452,Indore,Palasia,main bazar shop,22.722879,75.884111,SUCCESS
ORD-2453,Indore,Palasia,main bazar shop,22.722398,75.884262,SUCCESS
ORD-2454,Indore,Palasia,market ke andar,22.722657,75.884035,SUCCESS
ORD-2455,Indore,Palasia,market ke andar,22.722964,75.883802,SUCCESS
ORD-2456,Indore,Palasia,market lane ke pass,22.723083,75.884093,SUCCESS
ORD-2457,Indore,Palasia,market lane ke pass,22.722685,75.884469,SUCCESS
ORD-2458,Indore,Palasia,market lane ke pass,22.722505,75.883808,SUCCESS
ORD-2459,Indore,Palasia,main bazar shop,22.722629,75.88397,SUCCESS
ORD-2460,Indore,Palasia,market ke andar,22.7229,75.88405,SUCCESS
ORD-2461,Indore,Palasia,market lane ke pass,22.722502,75.884356,SUCCESS
ORD-2462,Indore,Palasia,market ke andar,22.722463,75.884006,SUCCESS
ORD-2463,Indore,Palasia,market lane ke pass,22.722749,75.883928,SUCCESS
ORD-2464,Indore,Palasia,market ke andar,22.722786,75.884309,SUCCESS
ORD-2465,Indore,Palasia,market ke andar,22.722451,75.884237,SUCCESS
ORD-2466,Indore,Palasia,main bazar shop,22.722459,75.883849,SUCCESS
ORD-2467,Indore,Palasia,main bazar shop,22.722957,75.883897,SUCCESS
ORD-2468,Indore,Palasia,market ke andar,22.722309,75.88427,SUCCESS
ORD-2469,Indore,Palasia,main bazar shop,22.722769,75.883993,SUCCESS
ORD-2470,Indore,Palasia,main bazar shop,22.722467,75.883886,SUCCESS
ORD-2471,Indore,Palasia,market ke andar,22.722933,75.883835,SUCCESS
ORD-2472,Indore,Palasia,market ke andar,22.722465,75.883733,SUCCESS
ORD-2473,Indore,Palasia,main bazar shop,22.722803,75.88398,SUCCESS
ORD-2474,Indore,Palasia,market lane ke pass,22.722971,75.8844,SUCCESS
ORD-2475,Indore,Palasia,market lane ke pass,22.723052,75.883727,SUCCESS
ORD-2476,Indore,Palasia,market lane ke pass,22.722915,75.884366,SUCCESS
ORD-2477,Indore,Palasia,main bazar shop,22.722869,75.884293,SUCCESS
ORD-2478,Indore,Palasia,main bazar shop,22.722845,75.883778,SUCCESS
ORD-2479,Indore,Palasia,market lane ke pass,22.72284,75.88428,SUCCESS
ORD-2480,Indore,Palasia,main bazar shop,22.72275,75.883722,SUCCESS
ORD-2481,Indore,Palasia,market ke andar,22.722312,75.883714,SUCCESS
ORD-2482,Indore,Palasia,market ke andar,22.72256,75.883847,SUCCESS
ORD-2483,Indore,Palasia,main bazar shop,22.722625,75.883919,SUCCESS
ORD-2484,Indore,Palasia,market lane ke pass,22.722554,75.884261,SUCCESS
ORD-2485,Indore,Palasia,market lane ke pass,22.722419,75.8844,SUCCESS
ORD-2486,Indore,Palasia,market lane ke pass,22.722419,75.884413,SUCCESS
ORD-2487,Indore,Palasia,market ke andar,22.723073,75.884086,SUCCESS
ORD-2488,Indore,Palasia,main bazar shop,22.722919,75.884158,SUCCESS
ORD-2489,Indore,Palasia,market lane ke pass,22.722401,75.884201,SUCCESS
ORD-2490,Indore,Palasia,market ke andar,22.722307,75.884213,SUCCESS
ORD-2491,Indore,Palasia,market ke andar,22.722849,75.884478,SUCCESS
ORD-2492,Indore,Palasia,main bazar shop,22.722965,75.883955,SUCCESS
ORD-2493,Indore,Palasia,market ke andar,22.72296,75.884124,SUCCESS
ORD-2494,Indore,Palasia,market ke andar,22.722901,75.884466,SUCCESS
ORD-2495,Indore,Palasia,main bazar shop,22.72293,75.884273,SUCCESS
ORD-2496,Indore,Palasia,market ke andar,22.723104,75.883886,SUCCESS
ORD-2497,Indore,Palasia,main bazar shop,22.722914,75.883745,SUCCESS
ORD-2498,Indore,Palasia,market lane ke pass,22.722986,75.884187,SUCCESS
ORD-2499,Indore,Palasia,market ke andar,22.722302,75.884022,SUCCESS
ORD-2500,Indore,Palasia,market ke andar,22.722814,75.883932,SUCCESS
ORD-2501,Indore,Palasia,market ke andar,22.722321,75.884099,SUCCESS
ORD-2502,Indore,Palasia,market lane ke pass,22.722534,75.884321,SUCCESS
ORD-2503,Indore,Palasia,market lane ke pass,22.722345,75.883827,SUCCESS
ORD-2504,Indore,Palasia,market ke andar,22.722519,75.884056,SUCCESS
ORD-2505,Indore,Palasia,main bazar shop,22.722355,75.884158,SUCCESS
ORD-2506,Indore,Palasia,market ke andar,22.722958,75.883753,SUCCESS
ORD-2507,Indore,Palasia,main bazar shop,22.722784,75.884393,SUCCESS
ORD-2508,Indore,Palasia,market ke andar,22.722693,75.88376,SUCCESS
ORD-2509,Indore,Palasia,market lane ke pass,22.722412,75.88433,SUCCESS
ORD-2510,Indore,Palasia,market lane ke pass,22.72244,75.884053,SUCCESS
ORD-2511,Indore,Palasia,market ke andar,22.72239,75.884218,SUCCESS
ORD-2512,Indore,Palasia,main bazar shop,22.722976,75.883943,SUCCESS
ORD-2513,Indore,Palasia,market ke andar,22.722957,75.884098,SUCCESS
ORD-2514,Indore,Palasia,market ke andar,22.722504,75.884374,SUCCESS
ORD-2515,Indore,Palasia,main bazar shop,22.722879,75.884233,SUCCESS
ORD-2516,Indore,Palasia,main bazar shop,22.722991,75.883741,SUCCESS
ORD-2517,Indore,Palasia,market ke andar,22.722508,75.884028,SUCCESS
ORD-2518,Indore,Palasia,market ke andar,22.722967,75.883973,SUCCESS
ORD-2519,Indore,Palasia,market lane ke pass,22.722858,75.884403,SUCCESS
ORD-2520,Indore,Palasia,market ke andar,22.722398,75.884072,SUCCESS
ORD-2521,Indore,Palasia,main bazar shop,22.722507,75.883984,SUCCESS
ORD-2522,Indore,Palasia,market ke andar,22.72249,75.883873,SUCCESS
ORD-2523,Indore,Palasia,main bazar shop,22.722685,75.884277,SUCCESS
ORD-2524,Indore,Palasia,study centre near building,22.723619,75.885597,SUCCESS
ORD-2525,Indore,Palasia,tuition classes ke pass,22.723735,75.885275,SUCCESS
ORD-2526,Indore,Palasia,coaching centre ke paas,22.723555,75.885215,SUCCESS
ORD-2527,Indore,Palasia,study centre near building,22.723625,75.885554,SUCCESS
ORD-2528,Indore,Palasia,tuition classes ke pass,22.723763,75.884922,SUCCESS
ORD-2529,Indore,Palasia,study centre near building,22.723614,75.885166,SUCCESS
ORD-2530,Indore,Palasia,coaching centre ke paas,22.723562,75.884938,SUCCESS
ORD-2531,Indore,Palasia,coaching centre ke paas,22.724128,75.885594,SUCCESS
ORD-2532,Indore,Palasia,study centre near building,22.723518,75.885521,SUCCESS
ORD-2533,Indore,Palasia,tuition classes ke pass,22.723996,75.88565,SUCCESS
ORD-2534,Indore,Palasia,study centre near building,22.723701,75.885432,SUCCESS
ORD-2535,Indore,Palasia,coaching centre ke paas,22.723757,75.884937,SUCCESS
ORD-2536,Indore,Palasia,study centre near building,22.723951,75.885545,SUCCESS
ORD-2537,Indore,Palasia,study centre near building,22.723538,75.885659,SUCCESS
ORD-2538,Indore,Palasia,study centre near building,22.724209,75.885604,SUCCESS
ORD-2539,Indore,Palasia,study centre near building,22.724225,75.885124,SUCCESS
ORD-2540,Indore,Palasia,coaching centre ke paas,22.723637,75.885488,SUCCESS
ORD-2541,Indore,Palasia,coaching centre ke paas,22.723575,75.885392,SUCCESS
ORD-2542,Indore,Palasia,tuition classes ke pass,22.723868,75.885378,SUCCESS
ORD-2543,Indore,Palasia,coaching centre ke paas,22.723878,75.884953,SUCCESS
ORD-2544,Indore,Palasia,study centre near building,22.724205,75.885386,SUCCESS
ORD-2545,Indore,Palasia,tuition classes ke pass,22.724167,75.885151,SUCCESS
ORD-2546,Indore,Palasia,study centre near building,22.723974,75.885008,SUCCESS
ORD-2547,Indore,Palasia,study centre near building,22.724129,75.885326,SUCCESS
ORD-2548,Indore,Palasia,tuition classes ke pass,22.723524,75.885374,SUCCESS
ORD-2549,Indore,Palasia,coaching centre ke paas,22.724302,75.885213,SUCCESS
ORD-2550,Indore,Palasia,coaching centre ke paas,22.723556,75.885073,SUCCESS
ORD-2551,Indore,Palasia,coaching centre ke paas,22.724166,75.885626,SUCCESS
ORD-2552,Indore,Palasia,coaching centre ke paas,22.72381,75.884908,SUCCESS
ORD-2553,Indore,Palasia,coaching centre ke paas,22.723998,75.885598,SUCCESS
ORD-2554,Indore,Palasia,study centre near building,22.723811,75.88507,SUCCESS
ORD-2555,Indore,Palasia,tuition classes ke pass,22.723851,75.885081,SUCCESS
ORD-2556,Indore,Palasia,study centre near building,22.724029,75.885439,SUCCESS
ORD-2557,Indore,Palasia,coaching centre ke paas,22.723612,75.885067,SUCCESS
ORD-2558,Indore,Palasia,study centre near building,22.724217,75.885318,SUCCESS
ORD-2559,Indore,Palasia,coaching centre ke paas,22.72366,75.885616,SUCCESS
ORD-2560,Indore,Palasia,coaching centre ke paas,22.723989,75.885426,SUCCESS
ORD-2561,Indore,Palasia,coaching centre ke paas,22.723744,75.885045,SUCCESS
ORD-2562,Indore,Palasia,study centre near building,22.723657,75.885075,SUCCESS
ORD-2563,Indore,Palasia,study centre near building,22.723683,75.885584,SUCCESS
ORD-2564,Indore,Palasia,tuition classes ke pass,22.723664,75.885392,SUCCESS
ORD-2565,Indore,Palasia,coaching centre ke paas,22.724066,75.885555,SUCCESS
ORD-2566,Indore,Palasia,tuition classes ke pass,22.723944,75.885384,SUCCESS
ORD-2567,Indore,Palasia,coaching centre ke paas,22.723617,75.88565,SUCCESS
ORD-2568,Indore,Palasia,study centre near building,22.723588,75.884994,SUCCESS
ORD-2569,Indore,Palasia,study centre near building,22.724081,75.885417,SUCCESS
ORD-2570,Indore,Palasia,coaching centre ke paas,22.723678,75.885427,SUCCESS
ORD-2571,Indore,Palasia,study centre near building,22.724179,75.885667,SUCCESS
ORD-2572,Indore,Palasia,coaching centre ke paas,22.72423,75.885066,SUCCESS
ORD-2573,Indore,Palasia,coaching centre ke paas,22.724251,75.885702,SUCCESS
ORD-2574,Indore,Palasia,study centre near building,22.723776,75.885632,SUCCESS
ORD-2575,Indore,Palasia,tuition classes ke pass,22.724221,75.884911,SUCCESS
ORD-2576,Indore,Palasia,study centre near building,22.723624,75.885392,SUCCESS
ORD-2577,Indore,Palasia,study centre near building,22.724077,75.884938,SUCCESS
ORD-2578,Indore,Palasia,study centre near building,22.724112,75.885444,SUCCESS
ORD-2579,Indore,Palasia,study centre near building,22.723646,75.885282,SUCCESS
ORD-2580,Indore,Palasia,study centre near building,22.724287,75.885693,SUCCESS
ORD-2581,Indore,Palasia,study centre near building,22.723509,75.885328,SUCCESS
ORD-2582,Indore,Palasia,coaching centre ke paas,22.723607,75.885114,SUCCESS
ORD-2583,Indore,Palasia,study centre near building,22.724193,75.885574,SUCCESS
ORD-2584,Indore,Palasia,study centre near building,22.724275,75.885256,SUCCESS
ORD-2585,Indore,Palasia,study centre near building,22.723733,75.885155,SUCCESS
ORD-2586,Indore,Palasia,tuition classes ke pass,22.723742,75.885273,SUCCESS
ORD-2587,Indore,Palasia,coaching centre ke paas,22.724302,75.885671,SUCCESS
ORD-2588,Indore,Palasia,tuition classes ke pass,22.724225,75.885057,SUCCESS
ORD-2589,Indore,Palasia,tuition classes ke pass,22.724298,75.885195,SUCCESS
ORD-2590,Indore,Palasia,study centre near building,22.724064,75.885285,SUCCESS
ORD-2591,Indore,Palasia,study centre near building,22.723778,75.88565,SUCCESS
ORD-2592,Indore,Palasia,tuition classes ke pass,22.724253,75.885534,SUCCESS
ORD-2593,Indore,Palasia,study centre near building,22.724259,75.885174,SUCCESS
ORD-2594,Indore,Palasia,tuition classes ke pass,22.723982,75.885464,SUCCESS
ORD-2595,Indore,Palasia,coaching centre ke paas,22.724002,75.885312,SUCCESS
ORD-2596,Indore,Palasia,coaching centre ke paas,22.723795,75.885459,SUCCESS
ORD-2597,Indore,Palasia,study centre near building,22.723704,75.88493,SUCCESS
ORD-2598,Indore,Palasia,study centre near building,22.724273,75.884945,SUCCESS
ORD-2599,Indore,Palasia,tuition classes ke pass,22.723623,75.885556,SUCCESS
ORD-2600,Indore,Palasia,tuition classes ke pass,22.723648,75.885292,SUCCESS
ORD-2601,Indore,Palasia,tuition classes ke pass,22.723769,75.884949,SUCCESS
ORD-2602,Indore,Palasia,study centre near building,22.724013,75.884915,SUCCESS
ORD-2603,Indore,Palasia,coaching centre ke paas,22.724251,75.885273,SUCCESS
ORD-2604,Indore,Palasia,study centre near building,22.723791,75.885069,SUCCESS
ORD-2605,Indore,Palasia,coaching centre ke paas,22.723627,75.885648,SUCCESS
ORD-2606,Indore,Palasia,tuition classes ke pass,22.723911,75.885611,SUCCESS
ORD-2607,Indore,Palasia,tuition classes ke pass,22.723636,75.885679,SUCCESS
ORD-2608,Indore,Palasia,study centre near building,22.723739,75.885623,SUCCESS
ORD-2609,Indore,Palasia,tuition classes ke pass,22.724234,75.885389,SUCCESS
ORD-2610,Indore,Palasia,coaching centre ke paas,22.723782,75.885188,SUCCESS
ORD-2611,Indore,Palasia,study centre near building,22.724215,75.885207,SUCCESS
ORD-2612,Indore,Palasia,study centre near building,22.724196,75.885471,SUCCESS
ORD-2613,Indore,Palasia,tuition classes ke pass,22.724078,75.885156,SUCCESS
ORD-2614,Indore,Palasia,coaching centre ke paas,22.723809,75.885546,SUCCESS
ORD-2615,Indore,Palasia,study centre near building,22.723969,75.885539,SUCCESS
ORD-2616,Indore,Palasia,tuition classes ke pass,22.724226,75.885242,SUCCESS
ORD-2617,Indore,Palasia,study centre near building,22.724185,75.885563,SUCCESS
ORD-2618,Indore,Palasia,coaching centre ke paas,22.723843,75.885219,SUCCESS
ORD-2619,Indore,Palasia,tuition classes ke pass,22.724286,75.885076,SUCCESS
ORD-2620,Indore,Palasia,study centre near building,22.723586,75.885265,SUCCESS
ORD-2621,Indore,Palasia,study centre near building,22.724027,75.885472,SUCCESS
ORD-2622,Indore,Palasia,study centre near building,22.723591,75.885143,SUCCESS
ORD-2623,Indore,Palasia,coaching centre ke paas,22.723671,75.885562,SUCCESS
ORD-2624,Indore,Palasia,tuition classes ke pass,22.72424,75.885391,SUCCESS
ORD-2625,Indore,Palasia,coaching centre ke paas,22.723985,75.885134,SUCCESS
ORD-2626,Indore,Palasia,coaching centre ke paas,22.724053,75.885222,SUCCESS
ORD-2627,Indore,Palasia,study centre near building,22.724003,75.885003,SUCCESS
ORD-2628,Indore,Palasia,study centre near building,22.723854,75.88505,SUCCESS
ORD-2629,Indore,Palasia,tuition classes ke pass,22.724157,75.885012,SUCCESS
ORD-2630,Indore,Palasia,coaching centre ke paas,22.724001,75.885121,SUCCESS
ORD-2631,Indore,Palasia,tuition classes ke pass,22.723854,75.885576,SUCCESS
ORD-2632,Indore,Palasia,tuition classes ke pass,22.724244,75.884913,SUCCESS
ORD-2633,Indore,Palasia,tuition classes ke pass,22.723855,75.885176,SUCCESS
ORD-2634,Indore,Palasia,coaching centre ke paas,22.723724,75.885284,SUCCESS
ORD-2635,Indore,Palasia,tuition classes ke pass,22.724212,75.885364,SUCCESS
ORD-2636,Indore,Palasia,study centre near building,22.723925,75.884977,SUCCESS
ORD-2637,Indore,Palasia,study centre near building,22.724164,75.885451,SUCCESS
ORD-2638,Indore,Palasia,study centre near building,22.723928,75.885314,SUCCESS
ORD-2639,Indore,Palasia,tuition classes ke pass,22.72369,75.884969,SUCCESS
ORD-2640,Indore,Palasia,tuition classes ke pass,22.724028,75.885579,SUCCESS
ORD-2641,Indore,Palasia,study centre near building,22.723772,75.88567,SUCCESS
ORD-2642,Indore,Palasia,coaching centre ke paas,22.724232,75.885676,SUCCESS
ORD-2643,Indore,Palasia,tuition classes ke pass,22.723885,75.885265,SUCCESS
ORD-2644,Indore,Palasia,study centre near building,22.724202,75.885169,SUCCESS
ORD-2645,Indore,Palasia,coaching centre ke paas,22.724232,75.885169,SUCCESS
ORD-2646,Indore,Palasia,study centre near building,22.724075,75.885029,SUCCESS
ORD-2647,Indore,Palasia,tuition classes ke pass,22.723669,75.885006,SUCCESS
ORD-2648,Indore,Palasia,study centre near building,22.724135,75.885196,SUCCESS
ORD-2649,Indore,Palasia,tuition classes ke pass,22.723663,75.884915,SUCCESS
ORD-2650,Indore,Palasia,study centre near building,22.72421,75.885312,SUCCESS
ORD-2651,Indore,Palasia,coaching centre ke paas,22.724299,75.885306,SUCCESS
ORD-2652,Indore,Palasia,coaching centre ke paas,22.723703,75.885333,SUCCESS
ORD-2653,Indore,Palasia,tuition classes ke pass,22.723672,75.885613,SUCCESS
