order_id,city,locality,raw_address,lat,lng,status
ORD000001,Indore,AB Road,"Building 69, AB Road, behind big tree, AB Road, Indore",22.720290931930695,75.87512126762303,completed
ORD000002,Indore,AB Road,"156/1, Golden Society, dukaan ke piche, AB Road, Indore",22.72163838747813,75.87972120563674,completed
ORD000003,Indore,AB Road,"Flat 101, Mountain Apartments, AB Road, Indore",22.71521995861997,75.87208712828688,delivered
ORD000004,Indore,Bengali Square,"House 44, Bengali Square Area, samne school, Bengali Square, Indore",22.72825141096473,75.87976661121722,completed
ORD000005,Indore,Rajendra Nagar,"Flat 5, Moonlight Apartments, peeche dukaan, Rajendra Nagar, Indore",22.731205480065384,75.88460232670108,successful
ORD000006,Indore,Rajendra Nagar,"121/15, Red Society, gali mein, Rajendra Nagar, Indore",22.736567943634952,75.88122308936961,completed
ORD000007,Indore,Rajendra Nagar,"Building 6, Rajendra Nagar, samne school, Rajendra Nagar, Indore",22.737640286716147,75.88181675322144,delivered
ORD000008,Indore,AB Road,"135/10, Red Society, ke peeche bada ped, AB Road, Indore",22.719699126745134,75.8704691319843,successful
ORD000009,Indore,Palasia,"74 Fourth Road, Palasia, Indore",22.719829427266543,75.86876342994233,successful
ORD000010,Indore,MG Road,"6/4, Golden Society, near market, MG Road, Indore",22.72899156227347,75.87283709226685,completed
ORD000011,Indore,Sudama Nagar,"193/1, White Society, opposite mall, Sudama Nagar, Indore",22.71065501515743,75.86281486429625,completed
ORD000012,Indore,Annapurna,"Shop 24, Local Market, tapri ke paas, Annapurna, Indore",22.72908046386449,75.86545586502143,delivered
ORD000013,Indore,AB Road,"Building 40, AB Road, opposite police station, AB Road, Indore",22.72281149528486,75.87403700389703,successful
ORD000014,Indore,AB Road,"Building 90, AB Road, peeche dukaan, AB Road, Indore",22.718118616279707,75.8738908423036,completed
ORD000015,Indore,Rajendra Nagar,"Room 163, Garden Complex, samne school, Rajendra Nagar, Indore",22.73745083094637,75.88601340658167,delivered
ORD000016,Indore,Palasia,"80/4, Green Society, near chai tapri, Palasia, Indore",22.728326124428712,75.87125500189289,delivered
ORD000017,Indore,MG Road,"Flat 88, River Apartments, paas mandir, MG Road, Indore",22.727128522384053,75.86807765879877,delivered
ORD000018,Indore,Chhatripura,"Room 199, Star Complex, opposite bank, Chhatripura, Indore",22.712408222363102,75.86626442175195,delivered
ORD000019,Indore,MG Road,"Flat 129, Ocean Apartments, ke paas chai tapri, MG Road, Indore",22.72321330249389,75.87110077032509,successful
ORD000020,Indore,Sudama Nagar,"Flat 197, Garden Apartments, Sudama Nagar, Indore",22.719067560393714,75.86570560609827,delivered
ORD000021,Indore,Vijay Nagar,"Shop 118, Big Market, Vijay Nagar, Indore",22.721756911401418,75.8768897106101,successful
ORD000022,Indore,Palasia,"Flat 99, Mountain Apartments, dukaan ke piche, Palasia, Indore",22.72713600530938,75.8757512588426,successful
ORD000023,Indore,MG Road,"144 Second Road, gali mein, MG Road, Indore",22.726084352855853,75.86955210379325,delivered
ORD000024,Indore,Chhatripura,"Shop 117, New Market, Chhatripura, Indore",22.710191667953133,75.87082954888992,delivered
ORD000025,Indore,Chhatripura,"Shop 120, Main Market, near chai tapri, Chhatripura, Indore",22.71391102222117,75.8704891461058,successful
ORD000026,Indore,AB Road,"178 Second Road, ke samne police station, AB Road, Indore",22.71667895747763,75.87578076555353,delivered
ORD000027,Indore,New Palasia,"185 Fifth Road, behind hospital, New Palasia, Indore",22.723390074628174,75.87009334467966,completed
ORD000028,Indore,Palasia,"House 99, Palasia Area, behind dukaan, Palasia, Indore",22.726945856348372,75.87439900677985,delivered
ORD000029,Indore,Palasia,"Room 31, Moonlight Complex, peeche dukaan, Palasia, Indore",22.728292429369734,75.86826510025385,successful
ORD000030,Indore,AB Road,"Room 90, Ocean Complex, opposite police station, AB Road, Indore",22.715317072347005,75.8784461617218,delivered
ORD000031,Indore,Chhatripura,"Room 76, River Complex, opposite mall, Chhatripura, Indore",22.716283025342364,75.86741725195172,completed
ORD000032,Indore,Rajendra Nagar,"112/19, Red Society, Rajendra Nagar, Indore",22.73818817425253,75.88344795715014,successful
ORD000033,Indore,Vijay Nagar,"53/17, Green Society, Vijay Nagar, Indore",22.723510975350223,75.88380469070394,successful
ORD000034,Indore,AB Road,"House 38, AB Road Area, AB Road, Indore",22.718703053668804,75.87181322420219,successful
ORD000035,Indore,Palasia,"House 58, Palasia Area, Palasia, Indore",22.721028852474678,75.87300801144994,delivered
ORD000036,Indore,Chhatripura,"Building 89, Chhatripura, tapri ke paas, Chhatripura, Indore",22.716751924351314,75.8692143096743,delivered
ORD000037,Indore,Rajendra Nagar,"House 123, Rajendra Nagar Area, Rajendra Nagar, Indore",22.73895334635308,75.88099221669636,successful
ORD000038,Indore,Palasia,"House 86, Palasia Area, Palasia, Indore",22.729489715186485,75.86882382330157,delivered
ORD000039,Indore,Palasia,"Shop 121, Big Market, Palasia, Indore",22.721696317418818,75.87083537423383,completed
ORD000040,Indore,MG Road,"Building 69, MG Road, MG Road, Indore",22.725719320906524,75.86945664381442,successful
ORD000041,Indore,Chhatripura,"Building 78, Chhatripura, ke samne police station, Chhatripura, Indore",22.711184059882218,75.87023764405593,successful
ORD000042,Indore,AB Road,"21/12, Green Society, ke samne police station, AB Road, Indore",22.713994776227796,75.87614806519726,delivered
ORD000043,Indore,New Palasia,"Room 168, Moonlight Complex, dukaan ke piche, New Palasia, Indore",22.727033862663777,75.87231096546161,successful
ORD000044,Indore,Palasia,"Shop 119, Main Market, ke peeche bada ped, Palasia, Indore",22.723930022733015,75.87497708250223,delivered
ORD000045,Indore,New Palasia,"22/1, Silver Society, ke samne police station, New Palasia, Indore",22.721471894315776,75.869737623848,completed
ORD000046,Indore,MG Road,"Flat 14, Ocean Apartments, MG Road, Indore",22.72764062394627,75.8683560145624,successful
ORD000047,Indore,Sudama Nagar,"145/6, White Society, Sudama Nagar, Indore",22.716056948979137,75.85985036860754,completed
ORD000048,Indore,Rajendra Nagar,"69 Fourth Road, gali mein, Rajendra Nagar, Indore",22.736036144445045,75.8814278035512,successful
ORD000049,Indore,AB Road,"Flat 112, Ocean Apartments, AB Road, Indore",22.71767096029389,75.87702566014012,delivered
ORD000050,Indore,Rajendra Nagar,"House 57, Rajendra Nagar Area, near bus stop, Rajendra Nagar, Indore",22.731763996727462,75.88216998667397,completed
ORD000051,Indore,Annapurna,"Flat 75, Ocean Apartments, near bus stop, Annapurna, Indore",22.727900667096225,75.8604898040129,successful
ORD000052,Indore,MG Road,"House 182, MG Road Area, MG Road, Indore",22.725848265291376,75.87273239928166,delivered
ORD000053,Indore,Vijay Nagar,"Shop 169, Big Market, gali mein, Vijay Nagar, Indore",22.717501535989367,75.8777055079568,delivered
ORD000054,Indore,MG Road,"50/6, Green Society, ke peeche bada ped, MG Road, Indore",22.72897039175686,75.87283256320323,successful
ORD000055,Indore,Chhatripura,"Flat 146, Park Apartments, ke samne police station, Chhatripura, Indore",22.71283326979124,75.87329475720355,delivered
ORD000056,Indore,Palasia,"House 75, Palasia Area, Palasia, Indore",22.727018179763313,75.87203600401116,completed
ORD000057,Indore,MG Road,"24/4, Blue Society, MG Road, Indore",22.721912829280427,75.86880693134242,successful
ORD000058,Indore,AB Road,"Shop 25, Central Market, AB Road, Indore",22.720949903805746,75.87230234476004,delivered
ORD000059,Indore,Rajendra Nagar,"Room 86, Park Complex, ke paas chai tapri, Rajendra Nagar, Indore",22.729947356950987,75.88702272740724,delivered
ORD000060,Indore,Palasia,"38 Second Road, Palasia, Indore",22.720352529733063,75.8710444139518,delivered
ORD000061,Indore,Annapurna,"House 165, Annapurna Area, ke peeche bada ped, Annapurna, Indore",22.730383022950146,75.86188914418578,completed
ORD000062,Indore,Vijay Nagar,"Room 51, Garden Complex, gali mein, Vijay Nagar, Indore",22.721389723718374,75.874306024919,delivered
ORD000063,Indore,Rajendra Nagar,"Shop 43, New Market, behind dukaan, Rajendra Nagar, Indore",22.729740564883798,75.88560487972401,completed
ORD000064,Indore,Palasia,"127/5, Red Society, tapri ke paas, Palasia, Indore",22.72157554888886,75.8680291235511,successful
ORD000065,Indore,AB Road,"Building 182, AB Road, ke peeche bada ped, AB Road, Indore",22.717176341696113,75.8747557404357,completed
ORD000066,Indore,Palasia,"Building 3, Palasia, behind hospital, Palasia, Indore",22.729258324860236,75.87545448156382,completed
ORD000067,Indore,Bengali Square,"Flat 71, Park Apartments, tapri ke paas, Bengali Square, Indore",22.728536119709904,75.88068886638108,completed
ORD000068,Indore,MG Road,"Flat 64, Ocean Apartments, ke samne police station, MG Road, Indore",22.729228631213047,75.86824849268437,completed
ORD000069,Indore,Vijay Nagar,"Room 158, Park Complex, Vijay Nagar, Indore",22.717803144376283,75.88208151917236,completed
ORD000070,Indore,AB Road,"33/5, Green Society, paas mandir, AB Road, Indore",22.71508517612977,75.87526453054876,delivered
ORD000071,Indore,Rajendra Nagar,"Flat 103, Sunshine Apartments, gali mein, Rajendra Nagar, Indore",22.738383541727963,75.88240988176348,successful
ORD000072,Indore,Vijay Nagar,"Flat 195, River Apartments, Vijay Nagar, Indore",22.717013176257417,75.87943855709769,delivered
ORD000073,Indore,Annapurna,"Flat 158, Ocean Apartments, ke peeche bada ped, Annapurna, Indore",22.729406469044296,75.86958587339903,successful
ORD000074,Indore,AB Road,"House 82, AB Road Area, AB Road, Indore",22.716485654211084,75.87633013282333,successful
ORD000075,Indore,MG Road,"175 Main Road, MG Road, Indore",22.73080910884052,75.86886988266582,successful
ORD000076,Indore,Rajendra Nagar,"Shop 52, Big Market, dukaan ke piche, Rajendra Nagar, Indore",22.73761462340815,75.88203687637633,successful
ORD000077,Indore,AB Road,"Building 43, AB Road, dukaan ke piche, AB Road, Indore",22.718547188538203,75.87029155859214,delivered
ORD000078,Indore,Palasia,"Flat 162, Sunshine Apartments, opposite police station, Palasia, Indore",22.726571254194376,75.87303155947957,completed
ORD000079,Indore,Palasia,"Room 188, Moonlight Complex, behind dukaan, Palasia, Indore",22.72367595925509,75.86843487270762,successful
ORD000080,Indore,Annapurna,"Building 140, Annapurna, opposite police station, Annapurna, Indore",22.72949019593701,75.86651193596906,successful
ORD000081,Indore,Bengali Square,"House 188, Bengali Square Area, behind petrol pump, Bengali Square, Indore",22.727384644576876,75.87940298588963,delivered
ORD000082,Indore,Annapurna,"Building 100, Annapurna, Annapurna, Indore",22.729123203674686,75.8698111119831,completed
ORD000083,Indore,Chhatripura,"Building 29, Chhatripura, gali mein, Chhatripura, Indore",22.711129002980478,75.86506800957046,completed
ORD000084,Indore,Annapurna,"83 Main Road, behind big tree, Annapurna, Indore",22.726170117278187,75.86810052706731,completed
ORD000085,Indore,Chhatripura,"Room 39, Garden Complex, gali mein, Chhatripura, Indore",22.712331861103632,75.8688449442401,successful
ORD000086,Indore,MG Road,"Flat 143, Sunshine Apartments, opposite mall, MG Road, Indore",22.730851110838934,75.86747444354998,successful
ORD000087,Indore,Sudama Nagar,"57 First Road, ke samne police station, Sudama Nagar, Indore",22.71002981950852,75.86765103639645,successful
ORD000088,Indore,Chhatripura,"Flat 83, Mountain Apartments, peeche dukaan, Chhatripura, Indore",22.71515906861064,75.87146611977462,completed
ORD000089,Indore,Rajendra Nagar,"Building 58, Rajendra Nagar, near temple, Rajendra Nagar, Indore",22.731580705989582,75.88451669043855,completed
ORD000090,Indore,Palasia,"31 Main Road, Palasia, Indore",22.72728628183484,75.86990432542649,successful
ORD000091,Indore,Rajendra Nagar,"Shop 18, Big Market, samne school, Rajendra Nagar, Indore",22.739122667582492,75.88101451807123,delivered
ORD000092,Indore,Rajendra Nagar,"House 185, Rajendra Nagar Area, near bus stop, Rajendra Nagar, Indore",22.7354288224911,75.88270946324239,delivered
ORD000093,Indore,Bengali Square,"Room 157, Ocean Complex, dukaan ke piche, Bengali Square, Indore",22.73053921074794,75.87931838021704,successful
ORD000094,Indore,Rajendra Nagar,"House 180, Rajendra Nagar Area, Rajendra Nagar, Indore",22.729678215142222,75.88088186631137,successful
ORD000095,Indore,AB Road,"House 38, AB Road Area, ke samne police station, AB Road, Indore",22.721348107350934,75.87019300427315,successful
ORD000096,Indore,New Palasia,"Building 58, New Palasia, opposite mall, New Palasia, Indore",22.722158773005283,75.8678040724677,completed
ORD000097,Indore,New Palasia,"Shop 143, Big Market, dukaan ke piche, New Palasia, Indore",22.72613380807386,75.8715201330617,completed
ORD000098,Indore,Sudama Nagar,"187 Second Road, behind petrol pump, Sudama Nagar, Indore",22.709623896225946,75.85936125083974,delivered
ORD000099,Indore,Sudama Nagar,"House 51, Sudama Nagar Area, peeche dukaan, Sudama Nagar, Indore",22.714871525467515,75.86773675072202,successful
ORD000100,Indore,Annapurna,"164/5, Golden Society, ke peeche bada ped, Annapurna, Indore",22.725946858197197,75.86370353074142,successful
ORD000101,Indore,Bengali Square,"Building 198, Bengali Square, Bengali Square, Indore",22.729707965991825,75.88183257206883,delivered
ORD000102,Indore,Rajendra Nagar,"183 Second Road, dukaan ke piche, Rajendra Nagar, Indore",22.73902927693292,75.88593822717675,delivered
ORD000103,Indore,MG Road,"House 37, MG Road Area, samne school, MG Road, Indore",22.73102619150657,75.87362493704576,completed
ORD000104,Indore,Sudama Nagar,"31 Fifth Road, Sudama Nagar, Indore",22.713751030760438,75.86469747638644,successful
ORD000105,Indore,Annapurna,"House 171, Annapurna Area, gali mein, Annapurna, Indore",22.724662214473877,75.86312410769442,completed
ORD000106,Indore,Chhatripura,"25 Fourth Road, opposite police station, Chhatripura, Indore",22.716407021497336,75.8655725485387,successful
ORD000107,Indore,New Palasia,"10 Third Road, gali mein, New Palasia, Indore",22.72057509377996,75.8706419474843,delivered
ORD000108,Indore,Sudama Nagar,"House 83, Sudama Nagar Area, tapri ke paas, Sudama Nagar, Indore",22.715707008059972,75.86521381323216,completed
ORD000109,Indore,New Palasia,"Building 187, New Palasia, New Palasia, Indore",22.72448071800969,75.87038420139615,completed
ORD000110,Indore,Annapurna,"Room 75, Sunshine Complex, Annapurna, Indore",22.729680384293214,75.86290148580412,completed
ORD000111,Indore,Palasia,"House 125, Palasia Area, ke samne police station, Palasia, Indore",22.727889991042968,75.8766444199275,successful
ORD000112,Indore,New Palasia,"Building 20, New Palasia, gali mein, New Palasia, Indore",22.719620579466284,75.86867996717721,delivered
ORD000113,Indore,Annapurna,"Room 121, Sunshine Complex, gali mein, Annapurna, Indore",22.72577379351664,75.86325211549129,successful
ORD000114,Indore,New Palasia,"House 5, New Palasia Area, near bus stop, New Palasia, Indore",22.725478798874146,75.87348178305905,delivered
ORD000115,Indore,AB Road,"Flat 41, Ocean Apartments, AB Road, Indore",22.720804456511207,75.87846143030553,completed
ORD000116,Indore,Palasia,"Room 147, Park Complex, tapri ke paas, Palasia, Indore",22.725511939446875,75.87650660633533,delivered
ORD000117,Indore,Chhatripura,"Flat 53, Garden Apartments, dukaan ke piche, Chhatripura, Indore",22.709724460042636,75.86618643338005,completed
ORD000118,Indore,Palasia,"House 143, Palasia Area, Palasia, Indore",22.722229664335448,75.87229589198469,delivered
ORD000119,Indore,Vijay Nagar,"Building 103, Vijay Nagar, behind hospital, Vijay Nagar, Indore",22.71965217498713,75.88175706425501,delivered
ORD000120,Indore,MG Road,"Shop 147, Local Market, tapri ke paas, MG Road, Indore",22.730765987038257,75.87258457449765,completed
ORD000121,Indore,Palasia,"160/2, White Society, Palasia, Indore",22.72144357515516,75.87113008577185,successful
ORD000122,Indore,MG Road,"Room 98, Mountain Complex, MG Road, Indore",22.728379406938544,75.86721624382339,successful
ORD000123,Indore,Annapurna,"107 First Road, Annapurna, Indore",22.7238680508994,75.86439010247989,delivered
ORD000124,Indore,Annapurna,"Flat 59, Mountain Apartments, Annapurna, Indore",22.725307877223173,75.86960210836352,delivered
ORD000125,Indore,Palasia,"House 136, Palasia Area, peeche dukaan, Palasia, Indore",22.721047284711116,75.8685364348277,delivered
ORD000126,Indore,Sudama Nagar,"136 Fourth Road, tapri ke paas, Sudama Nagar, Indore",22.717117044757384,75.85903465584292,completed
ORD000127,Indore,Annapurna,"House 58, Annapurna Area, Annapurna, Indore",22.72733310779905,75.86551781020937,delivered
ORD000128,Indore,Annapurna,"Room 184, Moonlight Complex, near market, Annapurna, Indore",22.726272732285842,75.86654237160107,delivered
ORD000129,Indore,Annapurna,"40/11, Red Society, opposite bank, Annapurna, Indore",22.72801434608031,75.86842309143096,completed
ORD000130,Indore,Palasia,"81 First Road, opposite school, Palasia, Indore",22.72141229386617,75.87644150998972,delivered
ORD000131,Indore,Sudama Nagar,"Building 99, Sudama Nagar, opposite school, Sudama Nagar, Indore",22.709985306455764,75.86570473710063,completed
ORD000132,Indore,MG Road,"Building 181, MG Road, paas mandir, MG Road, Indore",22.729408604735106,75.8754520354846,completed
ORD000133,Indore,AB Road,"Shop 124, Old Market, paas mandir, AB Road, Indore",22.720034995457553,75.87694489598964,completed
ORD000134,Indore,Sudama Nagar,"Flat 5, Park Apartments, tapri ke paas, Sudama Nagar, Indore",22.714312873577484,75.8632185250688,completed
ORD000135,Indore,Annapurna,"Building 96, Annapurna, ke paas chai tapri, Annapurna, Indore",22.72969259349138,75.86292036723972,completed
ORD000136,Indore,New Palasia,"Building 52, New Palasia, tapri ke paas, New Palasia, Indore",22.723645712460844,75.87258143402413,delivered
ORD000137,Indore,Rajendra Nagar,"Flat 37, Garden Apartments, near bus stop, Rajendra Nagar, Indore",22.734534730405038,75.88663131488828,completed
ORD000138,Indore,MG Road,"Shop 149, Old Market, MG Road, Indore",22.731261136776933,75.87237249645828,successful
ORD000139,Indore,MG Road,"House 162, MG Road Area, tapri ke paas, MG Road, Indore",22.72923699880741,75.8744607552661,successful
ORD000140,Indore,AB Road,"Room 146, Park Complex, behind petrol pump, AB Road, Indore",22.71669142151944,75.87462085901369,successful
ORD000141,Indore,MG Road,"Building 124, MG Road, MG Road, Indore",22.724046367927727,75.86731091647525,delivered
ORD000142,Indore,Vijay Nagar,"House 118, Vijay Nagar Area, near bus stop, Vijay Nagar, Indore",22.71760950427967,75.87870351365429,delivered
ORD000143,Indore,Palasia,"Room 29, Park Complex, Palasia, Indore",22.72842102600654,75.87155626644993,delivered
ORD000144,Indore,Vijay Nagar,"41 First Road, ke samne police station, Vijay Nagar, Indore",22.72364518952806,75.87665416248606,delivered
ORD000145,Indore,MG Road,"Room 30, Sunshine Complex, near temple, MG Road, Indore",22.729149406901094,75.86698239183379,completed
ORD000146,Indore,Palasia,"Building 29, Palasia, Palasia, Indore",22.720146664659076,75.87154641787853,delivered
ORD000147,Indore,Chhatripura,"Flat 6, Sunshine Apartments, opposite mall, Chhatripura, Indore",22.71725914209817,75.87141798049817,successful
ORD000148,Indore,Palasia,"Flat 63, Moonlight Apartments, opposite police station, Palasia, Indore",22.72836740210307,75.87002412959129,completed
ORD000149,Indore,Sudama Nagar,"House 49, Sudama Nagar Area, ke paas chai tapri, Sudama Nagar, Indore",22.715107984392493,75.8678787384463,completed
ORD000150,Indore,Sudama Nagar,"Shop 179, Big Market, ke peeche bada ped, Sudama Nagar, Indore",22.719276622548698,75.85809354195996,successful
ORD000151,Indore,Palasia,"Room 147, Garden Complex, Palasia, Indore",22.722606894358,75.8764066773954,successful
ORD000152,Indore,Rajendra Nagar,"House 22, Rajendra Nagar Area, Rajendra Nagar, Indore",22.729879099383393,75.87844192858816,completed
ORD000153,Indore,Vijay Nagar,"Flat 62, River Apartments, ke peeche bada ped, Vijay Nagar, Indore",22.720078731211682,75.88047491704573,completed
ORD000154,Indore,Annapurna,"Flat 30, Sunshine Apartments, gali mein, Annapurna, Indore",22.727876099408743,75.86501279469863,successful
ORD000155,Indore,Bengali Square,"Room 161, River Complex, ke paas chai tapri, Bengali Square, Indore",22.732153447930216,75.88099182939855,completed
ORD000156,Indore,Palasia,"Room 187, Sunshine Complex, near chai tapri, Palasia, Indore",22.724887074620145,75.86829240778948,delivered
ORD000157,Indore,New Palasia,"Flat 8, Garden Apartments, behind big tree, New Palasia, Indore",22.724764225383513,75.87172568353887,completed
ORD000158,Indore,MG Road,"House 55, MG Road Area, paas mandir, MG Road, Indore",22.73055085595582,75.87235910987542,delivered
ORD000159,Indore,Bengali Square,"36/16, Silver Society, opposite police station, Bengali Square, Indore",22.727463825237542,75.87631990016813,successful
ORD000160,Indore,Chhatripura,"Building 94, Chhatripura, near temple, Chhatripura, Indore",22.71542910064779,75.86994733582428,successful
ORD000161,Indore,Bengali Square,"Shop 64, Central Market, peeche dukaan, Bengali Square, Indore",22.735239742519003,75.87779671586706,completed
ORD000162,Indore,AB Road,"28 First Road, AB Road, Indore",22.716307875860043,75.87172973998634,successful
ORD000163,Indore,Rajendra Nagar,"18/7, Silver Society, gali mein, Rajendra Nagar, Indore",22.738094426193534,75.88759048013651,successful
ORD000164,Indore,Annapurna,"Shop 161, Old Market, behind big tree, Annapurna, Indore",22.72957121179571,75.86011039187798,completed
ORD000165,Indore,Vijay Nagar,"Shop 30, Main Market, opposite mall, Vijay Nagar, Indore",22.71734005661656,75.88047164913259,successful
ORD000166,Indore,MG Road,"83 Fourth Road, MG Road, Indore",22.72198885866367,75.86838650717034,delivered
ORD000167,Indore,New Palasia,"81 Fourth Road, peeche dukaan, New Palasia, Indore",22.72640336020602,75.87199812925297,completed
ORD000168,Indore,Chhatripura,"105 Fifth Road, tapri ke paas, Chhatripura, Indore",22.708675658548724,75.86503194829366,delivered
ORD000169,Indore,Annapurna,"Flat 95, Ocean Apartments, Annapurna, Indore",22.73075593215755,75.86895090679347,successful
ORD000170,Indore,Vijay Nagar,"21 Fourth Road, Vijay Nagar, Indore",22.72356016629877,75.88215557924683,delivered
ORD000171,Indore,Sudama Nagar,"Shop 70, Local Market, behind petrol pump, Sudama Nagar, Indore",22.71728730566668,75.86465819753414,successful
ORD000172,Indore,Bengali Square,"45/19, White Society, Bengali Square, Indore",22.73531288403846,75.88000687463925,completed
ORD000173,Indore,AB Road,"House 164, AB Road Area, ke peeche bada ped, AB Road, Indore",22.723039525185857,75.87841478923956,successful
ORD000174,Indore,Rajendra Nagar,"Shop 112, Big Market, tapri ke paas, Rajendra Nagar, Indore",22.732528437759797,75.88164072468307,completed
ORD000175,Indore,Bengali Square,"Building 184, Bengali Square, samne school, Bengali Square, Indore",22.735516597068205,75.87903655483905,completed
ORD000176,Indore,Chhatripura,"Shop 98, Central Market, Chhatripura, Indore",22.71690133430716,75.867604419881,delivered
ORD000177,Indore,Sudama Nagar,"Shop 42, Old Market, near chai tapri, Sudama Nagar, Indore",22.712567638718436,75.86101585251477,successful
ORD000178,Indore,New Palasia,"Building 78, New Palasia, New Palasia, Indore",22.725025084958794,75.87013316971124,successful
ORD000179,Indore,Annapurna,"House 39, Annapurna Area, Annapurna, Indore",22.726272831475374,75.86804577121349,successful
ORD000180,Indore,New Palasia,"131/3, Golden Society, opposite police station, New Palasia, Indore",22.72304785166385,75.864845773399,delivered
ORD000181,Indore,MG Road,"178/20, Red Society, MG Road, Indore",22.723012167719034,75.86811594306134,delivered
ORD000182,Indore,AB Road,"House 53, AB Road Area, near market, AB Road, Indore",22.716312985006343,75.87608568596202,delivered
ORD000183,Indore,Annapurna,"67 Main Road, Annapurna, Indore",22.730914488985825,75.86649808063179,delivered
ORD000184,Indore,MG Road,"Flat 129, River Apartments, behind petrol pump, MG Road, Indore",22.72644469876606,75.87100597590594,completed
ORD000185,Indore,MG Road,"House 151, MG Road Area, ke peeche bada ped, MG Road, Indore",22.723140119164963,75.86840586155787,successful
ORD000186,Indore,New Palasia,"Building 122, New Palasia, gali mein, New Palasia, Indore",22.71922059007581,75.87215769660065,completed
ORD000187,Indore,Annapurna,"127 Fifth Road, behind big tree, Annapurna, Indore",22.73145943208343,75.86367388396245,delivered
ORD000188,Indore,Chhatripura,"129 Fourth Road, behind hospital, Chhatripura, Indore",22.717459042960613,75.86960932500926,successful
ORD000189,Indore,Annapurna,"Flat 169, Star Apartments, near market, Annapurna, Indore",22.729943426814184,75.86471608545928,successful
ORD000190,Indore,Annapurna,"132 Third Road, Annapurna, Indore",22.726988884514245,75.86327983200246,delivered
ORD000191,Indore,Sudama Nagar,"Building 108, Sudama Nagar, ke paas chai tapri, Sudama Nagar, Indore",22.718118268607775,75.86126108104156,completed
ORD000192,Indore,Palasia,"63 Main Road, ke peeche bada ped, Palasia, Indore",22.728044812022443,75.87018233393157,completed
ORD000193,Indore,Chhatripura,"Room 161, Mountain Complex, near market, Chhatripura, Indore",22.710722329451986,75.87069301056485,completed
ORD000194,Indore,Vijay Nagar,"Flat 52, Ocean Apartments, opposite police station, Vijay Nagar, Indore",22.716132396989256,75.87716956585963,completed
ORD000195,Indore,New Palasia,"House 103, New Palasia Area, samne school, New Palasia, Indore",22.72038792058469,75.86622069997445,completed
ORD000196,Indore,MG Road,"House 68, MG Road Area, MG Road, Indore",22.723664762201373,75.87586356576816,successful
ORD000197,Indore,Chhatripura,"Room 25, Ocean Complex, near market, Chhatripura, Indore",22.71377253181841,75.87165004624384,successful
ORD000198,Indore,Chhatripura,"Building 31, Chhatripura, behind dukaan, Chhatripura, Indore",22.71259563296957,75.864244152387,successful
ORD000199,Indore,Chhatripura,"Room 141, Ocean Complex, near market, Chhatripura, Indore",22.71259130647206,75.86809958303256,delivered
ORD000200,Indore,Vijay Nagar,"Building 121, Vijay Nagar, samne school, Vijay Nagar, Indore",22.717976739144387,75.8787253654005,delivered
ORD000201,Indore,Annapurna,"House 171, Annapurna Area, Annapurna, Indore",22.730559417584676,75.86689851256392,successful
ORD000202,Indore,Annapurna,"Flat 166, Park Apartments, near chai tapri, Annapurna, Indore",22.72492650538363,75.8675924373015,successful
ORD000203,Indore,Palasia,"188/4, Red Society, opposite mall, Palasia, Indore",22.721035937757723,75.87458062682589,completed
ORD000204,Indore,Rajendra Nagar,"Flat 35, Garden Apartments, near bus stop, Rajendra Nagar, Indore",22.731203434096134,75.87935523633776,delivered
ORD000205,Indore,Sudama Nagar,"House 169, Sudama Nagar Area, near bus stop, Sudama Nagar, Indore",22.713348757073124,75.86509737928723,successful
ORD000206,Indore,Vijay Nagar,"Flat 178, River Apartments, ke samne police station, Vijay Nagar, Indore",22.71631520816678,75.87815953872914,delivered
ORD000207,Indore,New Palasia,"Room 117, Park Complex, New Palasia, Indore",22.72676959953524,75.86589547985504,completed
ORD000208,Indore,Sudama Nagar,"Building 86, Sudama Nagar, Sudama Nagar, Indore",22.713489800879465,75.86518700415056,delivered
ORD000209,Indore,Palasia,"Room 53, River Complex, ke peeche bada ped, Palasia, Indore",22.72053653195903,75.87217010672136,completed
ORD000210,Indore,AB Road,"182/17, Silver Society, near market, AB Road, Indore",22.714709631599774,75.87317043174201,delivered
ORD000211,Indore,Bengali Square,"102/7, Golden Society, opposite school, Bengali Square, Indore",22.73242993661692,75.87953294069281,successful
ORD000212,Indore,New Palasia,"Room 121, Sunshine Complex, gali mein, New Palasia, Indore",22.724746473153782,75.87075768907157,completed
ORD000213,Indore,Palasia,"Room 127, Ocean Complex, opposite bank, Palasia, Indore",22.72467196426037,75.87064526710729,successful
ORD000214,Indore,AB Road,"106/6, Blue Society, AB Road, Indore",22.716836065778587,75.87649101281268,successful
ORD000215,Indore,Annapurna,"152 Second Road, opposite police station, Annapurna, Indore",22.724069586295602,75.86099677756548,successful
ORD000216,Indore,Rajendra Nagar,"Flat 138, Star Apartments, ke paas chai tapri, Rajendra Nagar, Indore",22.736913941766105,75.88532979988686,successful
ORD000217,Indore,Annapurna,"159/9, White Society, opposite mall, Annapurna, Indore",22.729721244248648,75.86699449997893,successful
ORD000218,Indore,AB Road,"Flat 86, Garden Apartments, near chai tapri, AB Road, Indore",22.723447592078355,75.87822668355523,successful
ORD000219,Indore,Chhatripura,"Shop 189, New Market, ke samne police station, Chhatripura, Indore",22.715551064242856,75.87320037243147,delivered
ORD000220,Indore,Sudama Nagar,"98/17, White Society, near bus stop, Sudama Nagar, Indore",22.713447167396883,75.86206214881128,completed
ORD000221,Indore,Vijay Nagar,"Flat 179, Sunshine Apartments, ke samne police station, Vijay Nagar, Indore",22.71624995227331,75.88092075821444,delivered
ORD000222,Indore,New Palasia,"165/6, Silver Society, New Palasia, Indore",22.726522699606395,75.87149377039688,delivered
ORD000223,Indore,Palasia,"Building 75, Palasia, Palasia, Indore",22.72594362403672,75.86842579863087,delivered
ORD000224,Indore,Palasia,"Shop 83, Local Market, behind petrol pump, Palasia, Indore",22.723985911027203,75.87612061111666,delivered
ORD000225,Indore,MG Road,"House 38, MG Road Area, tapri ke paas, MG Road, Indore",22.724179365186195,75.87578660177886,successful
ORD000226,Indore,Bengali Square,"Flat 32, Mountain Apartments, near temple, Bengali Square, Indore",22.73351481477786,75.87726769160386,delivered
ORD000227,Indore,Palasia,"102/18, Blue Society, dukaan ke piche, Palasia, Indore",22.727225242966988,75.875494152953,completed
ORD000228,Indore,AB Road,"Building 96, AB Road, behind big tree, AB Road, Indore",22.71719982435109,75.87832387891049,successful
ORD000229,Indore,AB Road,"House 17, AB Road Area, gali mein, AB Road, Indore",22.719231484187294,75.87686918459114,completed
ORD000230,Indore,Vijay Nagar,"Room 74, Garden Complex, paas mandir, Vijay Nagar, Indore",22.716927394780768,75.87842888046275,delivered
ORD000231,Indore,AB Road,"73 Fourth Road, AB Road, Indore",22.71994430720806,75.87714119465926,completed
ORD000232,Indore,Bengali Square,"43/20, Red Society, dukaan ke piche, Bengali Square, Indore",22.728641174621675,75.87635830927306,successful
ORD000233,Indore,Chhatripura,"78/10, Red Society, Chhatripura, Indore",22.70843941040658,75.87205933432628,delivered
ORD000234,Indore,Rajendra Nagar,"Shop 90, Local Market, ke samne police station, Rajendra Nagar, Indore",22.735893712242568,75.88732807124933,completed
ORD000235,Indore,New Palasia,"Room 60, Mountain Complex, New Palasia, Indore",22.721980258684933,75.86684160742347,delivered
ORD000236,Indore,Rajendra Nagar,"119/7, Red Society, paas mandir, Rajendra Nagar, Indore",22.731166849962996,75.88780734001318,delivered
ORD000237,Indore,AB Road,"Building 48, AB Road, AB Road, Indore",22.721283753109592,75.87253057407315,successful
ORD000238,Indore,Annapurna,"Building 15, Annapurna, Annapurna, Indore",22.725719620905654,75.86930262526043,completed
ORD000239,Indore,Rajendra Nagar,"57/1, Blue Society, samne school, Rajendra Nagar, Indore",22.7314711790187,75.87912011036096,successful
ORD000240,Indore,AB Road,"Shop 197, Central Market, ke peeche bada ped, AB Road, Indore",22.72327002385297,75.8704682365478,completed
ORD000241,Indore,Vijay Nagar,"House 183, Vijay Nagar Area, peeche dukaan, Vijay Nagar, Indore",22.722225089547738,75.8762734647884,delivered
ORD000242,Indore,Chhatripura,"House 3, Chhatripura Area, opposite school, Chhatripura, Indore",22.715082196862685,75.86675050979683,delivered
ORD000243,Indore,Bengali Square,"Room 105, Moonlight Complex, Bengali Square, Indore",22.7327596964557,75.88051340155054,delivered
ORD000244,Indore,Annapurna,"Flat 143, Moonlight Apartments, peeche dukaan, Annapurna, Indore",22.728490127811707,75.86924866663385,successful
ORD000245,Indore,Annapurna,"96 Fourth Road, near market, Annapurna, Indore",22.727177607076538,75.86095447861426,delivered
ORD000246,Indore,AB Road,"Flat 138, River Apartments, near bus stop, AB Road, Indore",22.719761031620482,75.87525316639993,delivered
ORD000247,Indore,Rajendra Nagar,"166 Fifth Road, Rajendra Nagar, Indore",22.729959771242974,75.88144333178646,delivered
ORD000248,Indore,Bengali Square,"Building 113, Bengali Square, near market, Bengali Square, Indore",22.727299687776192,75.87290018967178,delivered
ORD000249,Indore,Palasia,"66 Fifth Road, peeche dukaan, Palasia, Indore",22.727689529338864,75.87743613039824,delivered
ORD000250,Indore,Vijay Nagar,"179 Second Road, behind petrol pump, Vijay Nagar, Indore",22.723349793460773,75.8779836186895,successful
ORD000251,Indore,MG Road,"Flat 64, Moonlight Apartments, behind dukaan, MG Road, Indore",22.7245788428076,75.86633669774614,delivered
ORD000252,Indore,Annapurna,"Shop 134, Old Market, Annapurna, Indore",22.733440336178777,75.86659554413406,completed
ORD000253,Indore,Sudama Nagar,"Building 102, Sudama Nagar, opposite bank, Sudama Nagar, Indore",22.713384332486907,75.86598208918247,successful
ORD000254,Indore,MG Road,"Shop 6, Central Market, tapri ke paas, MG Road, Indore",22.728017489653514,75.86997020421836,successful
ORD000255,Indore,Palasia,"Room 31, Moonlight Complex, Palasia, Indore",22.72207831920647,75.87113347223332,delivered
ORD000256,Indore,New Palasia,"House 150, New Palasia Area, samne school, New Palasia, Indore",22.71903114886086,75.86854848022918,delivered
ORD000257,Indore,Annapurna,"House 121, Annapurna Area, ke samne police station, Annapurna, Indore",22.727908494468092,75.86710920394799,completed
ORD000258,Indore,MG Road,"House 23, MG Road Area, behind big tree, MG Road, Indore",22.721791734179487,75.87338723941666,completed
ORD000259,Indore,Palasia,"155 Fifth Road, dukaan ke piche, Palasia, Indore",22.72102738592142,75.87098469093107,successful
ORD000260,Indore,Bengali Square,"House 120, Bengali Square Area, opposite mall, Bengali Square, Indore",22.730277503810616,75.87624556232502,completed
ORD000261,Indore,MG Road,"152 Fourth Road, MG Road, Indore",22.72564760058723,75.87457073797054,successful
ORD000262,Indore,Vijay Nagar,"Shop 111, Local Market, Vijay Nagar, Indore",22.72010449220141,75.87437548601571,completed
ORD000263,Indore,Annapurna,"Room 37, Star Complex, peeche dukaan, Annapurna, Indore",22.72652412138514,75.86828841374816,successful
ORD000264,Indore,Annapurna,"90 Main Road, Annapurna, Indore",22.726526123848167,75.86688353479047,delivered
ORD000265,Indore,MG Road,"Shop 15, Big Market, MG Road, Indore",22.724278585968797,75.87096073435849,successful
ORD000266,Indore,Palasia,"Shop 42, Big Market, opposite bank, Palasia, Indore",22.72426085322311,75.86998775897248,delivered
ORD000267,Indore,Rajendra Nagar,"Flat 50, Park Apartments, paas mandir, Rajendra Nagar, Indore",22.731964187375564,75.88663552443636,delivered
ORD000268,Indore,Annapurna,"Room 36, Park Complex, peeche dukaan, Annapurna, Indore",22.727912768714248,75.86933869490441,completed
ORD000269,Indore,Palasia,"Shop 168, Local Market, ke peeche bada ped, Palasia, Indore",22.72707555487729,75.87745615889052,completed
ORD000270,Indore,MG Road,"House 79, MG Road Area, MG Road, Indore",22.73126994434626,75.86992961223334,completed
ORD000271,Indore,Vijay Nagar,"Building 106, Vijay Nagar, near market, Vijay Nagar, Indore",22.716990098786045,75.87937153392396,successful
ORD000272,Indore,Sudama Nagar,"Building 174, Sudama Nagar, opposite school, Sudama Nagar, Indore",22.714134854119447,75.85892025522477,successful
ORD000273,Indore,Bengali Square,"Building 199, Bengali Square, Bengali Square, Indore",22.730204025751313,75.87988319047975,successful
ORD000274,Indore,New Palasia,"House 76, New Palasia Area, dukaan ke piche, New Palasia, Indore",22.722852694393147,75.87370299746804,delivered
ORD000275,Indore,Chhatripura,"Room 153, Ocean Complex, Chhatripura, Indore",22.708232994698246,75.8694447297211,delivered
ORD000276,Indore,MG Road,"12 Third Road, MG Road, Indore",22.72211062558955,75.87155260616996,completed
ORD000277,Indore,New Palasia,"House 143, New Palasia Area, behind dukaan, New Palasia, Indore",22.721064263743273,75.86729300010133,delivered
ORD000278,Indore,Palasia,"Room 61, Moonlight Complex, Palasia, Indore",22.72348617821017,75.87279592026246,successful
ORD000279,Indore,Annapurna,"199 Third Road, behind big tree, Annapurna, Indore",22.727834572931272,75.86699810199275,completed
ORD000280,Indore,Chhatripura,"Building 79, Chhatripura, Chhatripura, Indore",22.708334506941963,75.87244527928837,completed
ORD000281,Indore,Annapurna,"Room 131, Star Complex, Annapurna, Indore",22.73324559795009,75.86904660634795,successful
ORD000282,Indore,AB Road,"189 First Road, paas mandir, AB Road, Indore",22.713948252721348,75.87967964462028,delivered
ORD000283,Indore,Palasia,"Flat 191, Ocean Apartments, tapri ke paas, Palasia, Indore",22.72434814270516,75.8746317548929,completed
ORD000284,Indore,Annapurna,"123/15, Green Society, Annapurna, Indore",22.73077581419943,75.86044790174675,delivered
ORD000285,Indore,Chhatripura,"199/7, Green Society, Chhatripura, Indore",22.716401034217228,75.87160400753724,completed
ORD000286,Indore,Sudama Nagar,"Building 137, Sudama Nagar, Sudama Nagar, Indore",22.714712926891135,75.86524590884183,completed
ORD000287,Indore,MG Road,"Shop 59, Big Market, gali mein, MG Road, Indore",22.727297002586567,75.87228328145001,completed
ORD000288,Indore,Chhatripura,"Shop 151, Local Market, near market, Chhatripura, Indore",22.716145724210417,75.87362585179726,completed
ORD000289,Indore,Bengali Square,"Shop 119, Old Market, near chai tapri, Bengali Square, Indore",22.726471882056316,75.88113581188323,completed
ORD000290,Indore,Annapurna,"Room 107, Moonlight Complex, Annapurna, Indore",22.732271517687415,75.8666518655173,successful
ORD000291,Indore,Rajendra Nagar,"Flat 12, Ocean Apartments, opposite mall, Rajendra Nagar, Indore",22.737573672852214,75.88286244842747,completed
ORD000292,Indore,Vijay Nagar,"House 71, Vijay Nagar Area, ke samne police station, Vijay Nagar, Indore",22.719282480233993,75.87847547109436,delivered
ORD000293,Indore,Rajendra Nagar,"Shop 15, Old Market, Rajendra Nagar, Indore",22.737329632357874,75.8786050606731,delivered
ORD000294,Indore,AB Road,"111/5, Golden Society, peeche dukaan, AB Road, Indore",22.717788142683524,75.87416053762179,successful
ORD000295,Indore,Rajendra Nagar,"Flat 114, Garden Apartments, Rajendra Nagar, Indore",22.73171592073809,75.87910311775086,delivered
ORD000296,Indore,MG Road,"Building 63, MG Road, dukaan ke piche, MG Road, Indore",22.72824688168824,75.87230019133072,completed
ORD000297,Indore,Rajendra Nagar,"Flat 141, Park Apartments, behind hospital, Rajendra Nagar, Indore",22.73858055213869,75.88443884395916,successful
ORD000298,Indore,Palasia,"Building 156, Palasia, behind dukaan, Palasia, Indore",22.72150925993732,75.86877006443478,completed
ORD000299,Indore,New Palasia,"39/7, Golden Society, opposite police station, New Palasia, Indore",22.72091184817212,75.86708574313074,completed
ORD000300,Indore,Rajendra Nagar,"139 Main Road, Rajendra Nagar, Indore",22.734739413663775,75.87994912769734,delivered
ORD000301,Indore,Vijay Nagar,"71 Main Road, behind hospital, Vijay Nagar, Indore",22.716254512875754,75.88229054947354,delivered
ORD000302,Indore,AB Road,"Room 192, Mountain Complex, ke paas chai tapri, AB Road, Indore",22.7211047540698,75.87723042861384,completed
ORD000303,Indore,Chhatripura,"Room 157, Moonlight Complex, Chhatripura, Indore",22.711778684771396,75.86715536219981,delivered
ORD000304,Indore,Chhatripura,"165/9, White Society, behind dukaan, Chhatripura, Indore",22.712732330381392,75.86904473913974,successful
ORD000305,Indore,Annapurna,"14/18, Green Society, opposite school, Annapurna, Indore",22.725067222253116,75.86504762550075,delivered
ORD000306,Indore,Annapurna,"Room 63, Park Complex, opposite mall, Annapurna, Indore",22.728801706007726,75.86820870344626,successful
ORD000307,Indore,Chhatripura,"Room 103, Park Complex, Chhatripura, Indore",22.715948179768052,75.86718564507605,completed
ORD000308,Indore,Annapurna,"House 75, Annapurna Area, behind hospital, Annapurna, Indore",22.731082690870476,75.8629102155923,completed
ORD000309,Indore,Rajendra Nagar,"Building 28, Rajendra Nagar, ke samne police station, Rajendra Nagar, Indore",22.73666228393048,75.8876475054217,delivered
ORD000310,Indore,MG Road,"Room 12, Star Complex, peeche dukaan, MG Road, Indore",22.73115657064252,75.87333401334996,delivered
ORD000311,Indore,New Palasia,"House 154, New Palasia Area, ke peeche bada ped, New Palasia, Indore",22.726428228161883,75.86495629969193,delivered
ORD000312,Indore,Bengali Square,"Building 134, Bengali Square, opposite school, Bengali Square, Indore",22.735404774329147,75.88032695872582,completed
ORD000313,Indore,Sudama Nagar,"House 78, Sudama Nagar Area, Sudama Nagar, Indore",22.71787274325651,75.86389051477215,delivered
ORD000314,Indore,Sudama Nagar,"Flat 97, Sunshine Apartments, near bus stop, Sudama Nagar, Indore",22.718375941001746,75.8619992694596,delivered
ORD000315,Indore,Chhatripura,"Building 182, Chhatripura, paas mandir, Chhatripura, Indore",22.714904534557537,75.87174226900362,completed
ORD000316,Indore,Palasia,"Building 2, Palasia, ke samne police station, Palasia, Indore",22.720743264736605,75.87274975042301,completed
ORD000317,Indore,Annapurna,"188 Fifth Road, Annapurna, Indore",22.73174229781575,75.86205537671553,delivered
ORD000318,Indore,New Palasia,"Room 131, Sunshine Complex, New Palasia, Indore",22.71974073811602,75.86879859044022,successful
ORD000319,Indore,Bengali Square,"House 4, Bengali Square Area, Bengali Square, Indore",22.730071835782365,75.87992117400604,completed
ORD000320,Indore,MG Road,"Building 114, MG Road, MG Road, Indore",22.72616617406014,75.86856757041508,successful
ORD000321,Indore,MG Road,"Building 177, MG Road, opposite bank, MG Road, Indore",22.72748184826621,75.86861507625471,successful
ORD000322,Indore,New Palasia,"Flat 14, Star Apartments, behind dukaan, New Palasia, Indore",22.717801156192248,75.866195059226,successful
ORD000323,Indore,Bengali Square,"94/14, Red Society, Bengali Square, Indore",22.735141394690544,75.8737375923309,successful
ORD000324,Indore,New Palasia,"Room 184, Park Complex, near temple, New Palasia, Indore",22.72446838027877,75.87102360143611,delivered
ORD000325,Indore,Rajendra Nagar,"Flat 126, Mountain Apartments, Rajendra Nagar, Indore",22.730129216969356,75.88189491409307,completed
ORD000326,Indore,Bengali Square,"25 Fifth Road, Bengali Square, Indore",22.729936876112372,75.87716124367815,completed
ORD000327,Indore,New Palasia,"146 Second Road, ke peeche bada ped, New Palasia, Indore",22.720256255240113,75.86430406923625,completed
ORD000328,Indore,AB Road,"Shop 61, Old Market, opposite mall, AB Road, Indore",22.71401516360059,75.87875851877125,delivered
ORD000329,Indore,Rajendra Nagar,"House 58, Rajendra Nagar Area, tapri ke paas, Rajendra Nagar, Indore",22.735437319283083,75.88682348730389,delivered
ORD000330,Indore,MG Road,"House 115, MG Road Area, MG Road, Indore",22.72224521256119,75.86913441466115,delivered
ORD000331,Indore,Sudama Nagar,"House 160, Sudama Nagar Area, Sudama Nagar, Indore",22.711382274635067,75.86387126533187,delivered
ORD000332,Indore,Sudama Nagar,"Flat 50, River Apartments, Sudama Nagar, Indore",22.709744767705025,75.8638205783991,successful
ORD000333,Indore,Vijay Nagar,"42/12, Green Society, behind petrol pump, Vijay Nagar, Indore",22.7209897345843,75.88384411608094,delivered
ORD000334,Indore,Palasia,"Building 196, Palasia, behind hospital, Palasia, Indore",22.726392118970406,75.87232773563073,successful
ORD000335,Indore,Bengali Square,"Shop 93, Central Market, Bengali Square, Indore",22.734136136755886,75.87364771292219,completed
ORD000336,Indore,New Palasia,"Room 8, River Complex, ke peeche bada ped, New Palasia, Indore",22.724333024482718,75.86552178586818,completed
ORD000337,Indore,Palasia,"House 172, Palasia Area, peeche dukaan, Palasia, Indore",22.727744663632173,75.87310310531377,successful
ORD000338,Indore,Bengali Square,"Room 136, River Complex, Bengali Square, Indore",22.731447656220276,75.87843959481103,delivered
ORD000339,Indore,Rajendra Nagar,"193 Third Road, dukaan ke piche, Rajendra Nagar, Indore",22.73425295483398,75.87875337688426,successful
ORD000340,Indore,Vijay Nagar,"142 Main Road, opposite police station, Vijay Nagar, Indore",22.723991834774598,75.87392572245517,successful
ORD000341,Indore,MG Road,"Building 127, MG Road, dukaan ke piche, MG Road, Indore",22.7236725218368,75.87277427942857,successful
ORD000342,Indore,Vijay Nagar,"Building 121, Vijay Nagar, near chai tapri, Vijay Nagar, Indore",22.720105640956238,75.87935055300375,successful
ORD000343,Indore,New Palasia,"163/11, Golden Society, New Palasia, Indore",22.72092149624586,75.86890749360172,delivered
ORD000344,Indore,Palasia,"Flat 92, Sunshine Apartments, near temple, Palasia, Indore",22.721999770317108,75.87701535895879,delivered
ORD000345,Indore,New Palasia,"73 Fifth Road, gali mein, New Palasia, Indore",22.719020830155632,75.86622342201363,delivered
ORD000346,Indore,MG Road,"25 Main Road, MG Road, Indore",22.72599965957247,75.86594127543219,completed
ORD000347,Indore,Sudama Nagar,"House 78, Sudama Nagar Area, paas mandir, Sudama Nagar, Indore",22.716973450514583,75.86514503089484,successful
ORD000348,Indore,Sudama Nagar,"Building 197, Sudama Nagar, peeche dukaan, Sudama Nagar, Indore",22.710650656004628,75.86574075328063,delivered
ORD000349,Indore,Bengali Square,"Flat 105, Moonlight Apartments, opposite mall, Bengali Square, Indore",22.72704422957349,75.87941312844657,completed
ORD000350,Indore,Annapurna,"Shop 192, Old Market, opposite police station, Annapurna, Indore",22.72567775737749,75.8688355934048,delivered
ORD000351,Indore,Rajendra Nagar,"Flat 19, Garden Apartments, behind big tree, Rajendra Nagar, Indore",22.736216351796283,75.88733703091327,successful
ORD000352,Indore,Bengali Square,"Room 155, Star Complex, behind petrol pump, Bengali Square, Indore",22.731824089672514,75.87830251996554,completed
ORD000353,Indore,Chhatripura,"Room 54, Star Complex, ke samne police station, Chhatripura, Indore",22.717460453186526,75.87065880758345,delivered
ORD000354,Indore,Palasia,"114/13, White Society, Palasia, Indore",22.725951218751238,75.8759898730041,successful
ORD000355,Indore,Palasia,"Building 116, Palasia, behind dukaan, Palasia, Indore",22.729399094100813,75.87287266642042,completed
ORD000356,Indore,Chhatripura,"Flat 54, Sunshine Apartments, Chhatripura, Indore",22.71684885779803,75.87372893114961,successful
ORD000357,Indore,Sudama Nagar,"Shop 87, Main Market, paas mandir, Sudama Nagar, Indore",22.717414687669546,75.86489907880558,successful
ORD000358,Indore,Chhatripura,"118 Fourth Road, Chhatripura, Indore",22.708241545088715,75.87301253379665,successful
ORD000359,Indore,AB Road,"Flat 153, Park Apartments, gali mein, AB Road, Indore",22.722510333028463,75.87815248669662,completed
ORD000360,Indore,Rajendra Nagar,"Room 165, Ocean Complex, Rajendra Nagar, Indore",22.73226049466566,75.8811853811074,delivered
ORD000361,Indore,Rajendra Nagar,"133/9, Blue Society, dukaan ke piche, Rajendra Nagar, Indore",22.730406012194223,75.88039763096872,successful
ORD000362,Indore,Palasia,"41 Fifth Road, opposite mall, Palasia, Indore",22.72241424999647,75.87144303292341,successful
ORD000363,Indore,MG Road,"Shop 124, Old Market, ke samne police station, MG Road, Indore",22.727182657242334,75.86691645807664,delivered
ORD000364,Indore,Annapurna,"House 46, Annapurna Area, Annapurna, Indore",22.725717642251066,75.86131133423586,successful
ORD000365,Indore,New Palasia,"Room 81, Ocean Complex, opposite school, New Palasia, Indore",22.724035565124137,75.87376039280731,completed
ORD000366,Indore,Rajendra Nagar,"House 147, Rajendra Nagar Area, behind hospital, Rajendra Nagar, Indore",22.731392083897507,75.88682322043712,delivered
ORD000367,Indore,Vijay Nagar,"Shop 135, Big Market, opposite mall, Vijay Nagar, Indore",22.724695300156277,75.87411632272865,delivered
ORD000368,Indore,Sudama Nagar,"Flat 27, Moonlight Apartments, Sudama Nagar, Indore",22.719356905695086,75.8610664704797,successful
ORD000369,Indore,Vijay Nagar,"142 Third Road, ke paas chai tapri, Vijay Nagar, Indore",22.71819423913282,75.88335480341705,delivered
ORD000370,Indore,New Palasia,"Room 86, Moonlight Complex, behind big tree, New Palasia, Indore",22.72042479300995,75.86637391078699,completed
ORD000371,Indore,Sudama Nagar,"Building 20, Sudama Nagar, gali mein, Sudama Nagar, Indore",22.71678747123439,75.86173484746868,successful
ORD000372,Indore,Vijay Nagar,"Room 25, Moonlight Complex, opposite bank, Vijay Nagar, Indore",22.716233021917578,75.8807412726592,successful
ORD000373,Indore,AB Road,"70/9, Green Society, AB Road, Indore",22.717111267143753,75.87466387356191,delivered
ORD000374,Indore,AB Road,"Flat 65, Moonlight Apartments, AB Road, Indore",22.716042013009883,75.87499637921654,completed
ORD000375,Indore,Annapurna,"House 60, Annapurna Area, Annapurna, Indore",22.72568862452068,75.86175954302881,delivered
ORD000376,Indore,AB Road,"House 2, AB Road Area, AB Road, Indore",22.721043050994236,75.87100709871194,successful
ORD000377,Indore,Chhatripura,"Building 140, Chhatripura, Chhatripura, Indore",22.714336850529726,75.86988197534163,delivered
ORD000378,Indore,New Palasia,"179 Fourth Road, New Palasia, Indore",22.717727640893237,75.86487108314016,successful
ORD000379,Indore,Bengali Square,"152/10, Red Society, tapri ke paas, Bengali Square, Indore",22.725702696481157,75.8768925709187,delivered
ORD000380,Indore,Sudama Nagar,"Shop 140, Big Market, dukaan ke piche, Sudama Nagar, Indore",22.714760408638597,75.86100934770413,successful
ORD000381,Indore,New Palasia,"Flat 92, Star Apartments, New Palasia, Indore",22.725631046519137,75.86583881658142,delivered
ORD000382,Indore,Rajendra Nagar,"Building 75, Rajendra Nagar, ke samne police station, Rajendra Nagar, Indore",22.73095730737937,75.87899528886531,delivered
ORD000383,Indore,Annapurna,"Building 75, Annapurna, Annapurna, Indore",22.73172189500147,75.86152838364842,successful
ORD000384,Indore,Bengali Square,"Shop 141, New Market, behind petrol pump, Bengali Square, Indore",22.731066360076696,75.87481406109328,successful
ORD000385,Indore,Sudama Nagar,"Flat 25, Park Apartments, paas mandir, Sudama Nagar, Indore",22.712342306150333,75.86065542257336,completed
ORD000386,Indore,Vijay Nagar,"Flat 53, Ocean Apartments, opposite mall, Vijay Nagar, Indore",22.717030248676306,75.87466410724222,successful
ORD000387,Indore,AB Road,"House 37, AB Road Area, tapri ke paas, AB Road, Indore",22.719029253338334,75.8729093839106,completed
ORD000388,Indore,MG Road,"Building 15, MG Road, ke paas chai tapri, MG Road, Indore",22.727300035083065,75.87297157583286,completed
ORD000389,Indore,MG Road,"Flat 123, Ocean Apartments, gali mein, MG Road, Indore",22.72648906418524,75.8684825830776,completed
ORD000390,Indore,Vijay Nagar,"House 34, Vijay Nagar Area, Vijay Nagar, Indore",22.719612828166582,75.8835808668251,delivered
ORD000391,Indore,Sudama Nagar,"Building 117, Sudama Nagar, near bus stop, Sudama Nagar, Indore",22.71880868101875,75.86782982990829,delivered
ORD000392,Indore,Vijay Nagar,"Room 132, Sunshine Complex, behind petrol pump, Vijay Nagar, Indore",22.724033872310414,75.8764826503004,delivered
ORD000393,Indore,Chhatripura,"Room 102, Sunshine Complex, ke samne police station, Chhatripura, Indore",22.71400228491773,75.86811093779001,delivered
ORD000394,Indore,Palasia,"House 186, Palasia Area, opposite school, Palasia, Indore",22.721385344329764,75.87310209232776,successful
ORD000395,Indore,New Palasia,"166/13, Red Society, dukaan ke piche, New Palasia, Indore",22.725546326622723,75.87161425488662,completed
ORD000396,Indore,Palasia,"Building 198, Palasia, Palasia, Indore",22.722546384058205,75.87657822886342,completed
ORD000397,Indore,Annapurna,"House 5, Annapurna Area, gali mein, Annapurna, Indore",22.730936569039095,75.86606552572577,completed
ORD000398,Indore,New Palasia,"122 Fifth Road, paas mandir, New Palasia, Indore",22.724788649984234,75.8654546372052,completed
ORD000399,Indore,Bengali Square,"125 Third Road, Bengali Square, Indore",22.728255839719868,75.87203361086956,successful
ORD000400,Indore,Sudama Nagar,"3 First Road, near market, Sudama Nagar, Indore",22.717225233113414,75.86492911821396,successful
ORD000401,Indore,AB Road,"Flat 173, Ocean Apartments, ke peeche bada ped, AB Road, Indore",22.723338984399124,75.87078463904267,completed
ORD000402,Indore,New Palasia,"Shop 119, Big Market, dukaan ke piche, New Palasia, Indore",22.723182458827438,75.86708067703326,delivered
ORD000403,Indore,MG Road,"House 94, MG Road Area, opposite school, MG Road, Indore",22.72658297630051,75.8661252220125,delivered
ORD000404,Indore,Rajendra Nagar,"65/1, Green Society, ke samne police station, Rajendra Nagar, Indore",22.73893388938094,75.87937741282683,completed
ORD000405,Indore,Rajendra Nagar,"62/4, White Society, Rajendra Nagar, Indore",22.7319839561366,75.88271221885778,delivered
ORD000406,Indore,Chhatripura,"Shop 104, Old Market, near bus stop, Chhatripura, Indore",22.713372028903066,75.86926166534505,delivered
ORD000407,Indore,AB Road,"Building 147, AB Road, samne school, AB Road, Indore",22.71400044564948,75.87475696675995,delivered
ORD000408,Indore,Sudama Nagar,"11/9, Golden Society, Sudama Nagar, Indore",22.717669221276516,75.86483753309136,successful
ORD000409,Indore,Bengali Square,"Building 118, Bengali Square, Bengali Square, Indore",22.735146000229726,75.88071102946286,successful
ORD000410,Indore,MG Road,"Flat 7, Sunshine Apartments, MG Road, Indore",22.72331883726231,75.8685924197994,delivered
ORD000411,Indore,Annapurna,"House 190, Annapurna Area, ke peeche bada ped, Annapurna, Indore",22.725463323572864,75.86902019474024,successful
ORD000412,Indore,Vijay Nagar,"35 Main Road, Vijay Nagar, Indore",22.716252496493144,75.87425793229814,delivered
ORD000413,Indore,Bengali Square,"Flat 148, Park Apartments, dukaan ke piche, Bengali Square, Indore",22.733798599461515,75.8791132781456,completed
ORD000414,Indore,MG Road,"173 First Road, MG Road, Indore",22.723898629167106,75.86874556590284,successful
ORD000415,Indore,MG Road,"House 64, MG Road Area, opposite bank, MG Road, Indore",22.729012659908776,75.87212978623947,delivered
ORD000416,Indore,Sudama Nagar,"146 Fifth Road, ke peeche bada ped, Sudama Nagar, Indore",22.7139090070296,75.85921470918498,successful
ORD000417,Indore,Rajendra Nagar,"Room 112, Star Complex, tapri ke paas, Rajendra Nagar, Indore",22.736647292615046,75.87900275311203,delivered
ORD000418,Indore,Sudama Nagar,"Building 121, Sudama Nagar, Sudama Nagar, Indore",22.719107981292982,75.86009711858833,delivered
ORD000419,Indore,Chhatripura,"Flat 96, Mountain Apartments, Chhatripura, Indore",22.713408237005506,75.8663563020361,completed
ORD000420,Indore,New Palasia,"Shop 148, Old Market, New Palasia, Indore",22.72595919059227,75.86534054961554,successful
ORD000421,Indore,Sudama Nagar,"30/6, Silver Society, opposite bank, Sudama Nagar, Indore",22.719599693017127,75.8592394817163,delivered
ORD000422,Indore,Vijay Nagar,"Shop 191, Old Market, Vijay Nagar, Indore",22.724966351430556,75.88124436384679,successful
ORD000423,Indore,Bengali Square,"Building 116, Bengali Square, dukaan ke piche, Bengali Square, Indore",22.725967489803864,75.87244684049463,successful
ORD000424,Indore,Annapurna,"Room 49, Garden Complex, opposite mall, Annapurna, Indore",22.731156529486864,75.86097843608898,successful
ORD000425,Indore,AB Road,"Flat 195, Star Apartments, near chai tapri, AB Road, Indore",22.715499579523076,75.87276677548967,successful
ORD000426,Indore,New Palasia,"57 Main Road, New Palasia, Indore",22.723645088556356,75.87263682775635,completed
ORD000427,Indore,Bengali Square,"Shop 161, New Market, near chai tapri, Bengali Square, Indore",22.733558923481517,75.88037255137222,delivered
ORD000428,Indore,Chhatripura,"Shop 93, Main Market, Chhatripura, Indore",22.709917565401575,75.8711345193742,completed
ORD000429,Indore,Palasia,"Shop 107, Old Market, near chai tapri, Palasia, Indore",22.72126795262975,75.87603535287884,delivered
ORD000430,Indore,New Palasia,"84/19, Red Society, New Palasia, Indore",22.727580727697525,75.87007697029526,successful
ORD000431,Indore,Sudama Nagar,"Room 112, Ocean Complex, Sudama Nagar, Indore",22.715901408739725,75.85917253978876,completed
ORD000432,Indore,Annapurna,"Shop 154, Old Market, Annapurna, Indore",22.728165141984622,75.86246858942611,completed
ORD000433,Indore,AB Road,"House 42, AB Road Area, near temple, AB Road, Indore",22.720536786260464,75.87374410223055,delivered
ORD000434,Indore,MG Road,"Shop 25, Local Market, ke paas chai tapri, MG Road, Indore",22.72709407375374,75.87418463639223,successful
ORD000435,Indore,AB Road,"Room 89, Moonlight Complex, ke peeche bada ped, AB Road, Indore",22.71866687477458,75.87257531887822,completed
ORD000436,Indore,Annapurna,"170 Fourth Road, ke paas chai tapri, Annapurna, Indore",22.73056926068235,75.86241393764514,delivered
ORD000437,Indore,Vijay Nagar,"140 Fourth Road, samne school, Vijay Nagar, Indore",22.724694353812957,75.87640659476031,successful
ORD000438,Indore,Annapurna,"Building 184, Annapurna, ke paas chai tapri, Annapurna, Indore",22.726497725700252,75.8661115299309,completed
ORD000439,Indore,Bengali Square,"Room 26, Sunshine Complex, opposite school, Bengali Square, Indore",22.72819084147734,75.88021101413003,completed
ORD000440,Indore,Annapurna,"House 95, Annapurna Area, samne school, Annapurna, Indore",22.724199138849585,75.86935638505155,delivered
ORD000441,Indore,New Palasia,"Room 173, Star Complex, near temple, New Palasia, Indore",22.723694629457363,75.86415551495453,delivered
ORD000442,Indore,Bengali Square,"Shop 51, Local Market, ke peeche bada ped, Bengali Square, Indore",22.731972598071955,75.88149543027056,completed
ORD000443,Indore,Palasia,"Room 77, Star Complex, opposite bank, Palasia, Indore",22.723398134273683,75.87668804507584,successful
ORD000444,Indore,Bengali Square,"House 169, Bengali Square Area, Bengali Square, Indore",22.733722070787337,75.87465633362372,delivered
ORD000445,Indore,New Palasia,"Building 186, New Palasia, near temple, New Palasia, Indore",22.71837636879376,75.8660354057181,delivered
ORD000446,Indore,Annapurna,"Building 156, Annapurna, ke samne police station, Annapurna, Indore",22.728047353614464,75.86313183630678,completed
ORD000447,Indore,Rajendra Nagar,"Room 86, Star Complex, near temple, Rajendra Nagar, Indore",22.73589949953998,75.88785804719072,completed
ORD000448,Indore,MG Road,"Flat 105, Garden Apartments, behind hospital, MG Road, Indore",22.72526356880654,75.87326167705316,delivered
ORD000449,Indore,Sudama Nagar,"Flat 166, Star Apartments, behind petrol pump, Sudama Nagar, Indore",22.71543581799521,75.86753804111092,delivered
ORD000450,Indore,Palasia,"194 First Road, peeche dukaan, Palasia, Indore",22.728906921422038,75.87784668897471,completed
ORD000451,Indore,New Palasia,"Room 155, Park Complex, near temple, New Palasia, Indore",22.720424034775203,75.86653131201271,completed
ORD000452,Indore,AB Road,"Flat 182, Park Apartments, opposite school, AB Road, Indore",22.723037362945576,75.87671736533653,completed
ORD000453,Indore,Rajendra Nagar,"123/12, Blue Society, opposite mall, Rajendra Nagar, Indore",22.735847802906545,75.88151234819004,successful
ORD000454,Indore,Sudama Nagar,"Flat 1, Garden Apartments, gali mein, Sudama Nagar, Indore",22.71330363742344,75.866702704742,delivered
ORD000455,Indore,Annapurna,"Flat 5, Moonlight Apartments, dukaan ke piche, Annapurna, Indore",22.728668933474015,75.86823407872865,successful
ORD000456,Indore,Sudama Nagar,"10 Fifth Road, behind hospital, Sudama Nagar, Indore",22.71416115588175,75.8658534734291,successful
ORD000457,Indore,Chhatripura,"Shop 3, Central Market, ke peeche bada ped, Chhatripura, Indore",22.710804076148673,75.86610670921836,delivered
ORD000458,Indore,AB Road,"34 Fourth Road, behind dukaan, AB Road, Indore",22.720867601053953,75.87534513092828,completed
ORD000459,Indore,Vijay Nagar,"House 146, Vijay Nagar Area, Vijay Nagar, Indore",22.718581377532285,75.87838996641868,delivered
ORD000460,Indore,New Palasia,"House 99, New Palasia Area, dukaan ke piche, New Palasia, Indore",22.721373269785193,75.86403121241628,completed
ORD000461,Indore,Bengali Square,"Building 53, Bengali Square, behind petrol pump, Bengali Square, Indore",22.728287642044123,75.87677812813772,completed
ORD000462,Indore,Chhatripura,"Flat 141, Mountain Apartments, ke samne police station, Chhatripura, Indore",22.71129883544251,75.86525998460776,successful
ORD000463,Indore,AB Road,"Building 86, AB Road, behind dukaan, AB Road, Indore",22.718795159981802,75.87602019334473,delivered
ORD000464,Indore,New Palasia,"Shop 150, Local Market, behind dukaan, New Palasia, Indore",22.72690261545906,75.86643278401614,completed
ORD000465,Indore,Rajendra Nagar,"House 163, Rajendra Nagar Area, behind hospital, Rajendra Nagar, Indore",22.73033192001198,75.87980615721142,successful
ORD000466,Indore,Annapurna,"107 First Road, behind dukaan, Annapurna, Indore",22.72381037314981,75.86489087302189,delivered
ORD000467,Indore,Bengali Square,"Building 175, Bengali Square, behind hospital, Bengali Square, Indore",22.73504681587256,75.87543568919541,delivered
ORD000468,Indore,Rajendra Nagar,"56 Second Road, behind dukaan, Rajendra Nagar, Indore",22.7376992693831,75.88063837690358,delivered
ORD000469,Indore,Sudama Nagar,"Flat 178, River Apartments, tapri ke paas, Sudama Nagar, Indore",22.715477585169328,75.85976667163928,successful
ORD000470,Indore,Sudama Nagar,"88/5, Silver Society, behind big tree, Sudama Nagar, Indore",22.714328025574414,75.863316863242,delivered
ORD000471,Indore,Annapurna,"Room 160, Park Complex, Annapurna, Indore",22.73019508255705,75.86207619892713,successful
ORD000472,Indore,Palasia,"119 Fifth Road, Palasia, Indore",22.723043380976033,75.87147969582043,completed
ORD000473,Indore,Annapurna,"House 122, Annapurna Area, ke peeche bada ped, Annapurna, Indore",22.73332057200344,75.86441269575283,successful
ORD000474,Indore,Bengali Square,"153 Third Road, opposite mall, Bengali Square, Indore",22.72971530066998,75.87907126687824,completed
ORD000475,Indore,New Palasia,"House 200, New Palasia Area, New Palasia, Indore",22.727134596462765,75.87022725563888,successful
ORD000476,Indore,Vijay Nagar,"65 First Road, behind big tree, Vijay Nagar, Indore",22.719412327949318,75.88085511030626,completed
ORD000477,Indore,New Palasia,"House 195, New Palasia Area, New Palasia, Indore",22.72626539877613,75.86447830027733,delivered
ORD000478,Indore,AB Road,"Flat 40, Moonlight Apartments, paas mandir, AB Road, Indore",22.72090291947751,75.87676630113884,delivered
ORD000479,Indore,Chhatripura,"Flat 136, Garden Apartments, gali mein, Chhatripura, Indore",22.714202941982442,75.87156794601086,delivered
ORD000480,Indore,Chhatripura,"Room 141, Garden Complex, Chhatripura, Indore",22.714598629779896,75.87169701717436,successful
ORD000481,Indore,New Palasia,"House 171, New Palasia Area, New Palasia, Indore",22.717794839764803,75.87024987516907,completed
ORD000482,Indore,Annapurna,"Flat 37, Sunshine Apartments, near chai tapri, Annapurna, Indore",22.73056481270096,75.86877630969228,successful
ORD000483,Indore,New Palasia,"Building 20, New Palasia, New Palasia, Indore",22.723062543829627,75.86891485695558,completed
ORD000484,Indore,MG Road,"Room 30, Sunshine Complex, ke samne police station, MG Road, Indore",22.723317891726495,75.87580970445914,completed
ORD000485,Indore,Vijay Nagar,"House 130, Vijay Nagar Area, opposite school, Vijay Nagar, Indore",22.715746233696734,75.88161094177632,delivered
ORD000486,Indore,Chhatripura,"54/3, Green Society, dukaan ke piche, Chhatripura, Indore",22.71160413148709,75.87235057306971,successful
ORD000487,Indore,Bengali Square,"Flat 145, Mountain Apartments, Bengali Square, Indore",22.731504561986885,75.8811354794747,successful
ORD000488,Indore,MG Road,"Shop 196, Big Market, gali mein, MG Road, Indore",22.723561640162167,75.8701226037499,completed
ORD000489,Indore,New Palasia,"43/8, Green Society, tapri ke paas, New Palasia, Indore",22.721999043086345,75.86529346135588,completed
ORD000490,Indore,MG Road,"Flat 188, River Apartments, near market, MG Road, Indore",22.726759518324457,75.87541749400454,successful
ORD000491,Indore,New Palasia,"8 Fourth Road, peeche dukaan, New Palasia, Indore",22.726504262331634,75.86396175319122,completed
ORD000492,Indore,Annapurna,"Shop 76, Main Market, Annapurna, Indore",22.726883687317304,75.86103492522751,completed
ORD000493,Indore,Vijay Nagar,"Room 77, Park Complex, opposite mall, Vijay Nagar, Indore",22.71779264260093,75.87910951739543,delivered
ORD000494,Indore,AB Road,"Room 109, Sunshine Complex, AB Road, Indore",22.714945236478563,75.87359506673356,completed
ORD000495,Indore,Rajendra Nagar,"Room 75, Star Complex, Rajendra Nagar, Indore",22.730784719128824,75.88100607865076,completed
ORD000496,Indore,MG Road,"175/2, White Society, ke paas chai tapri, MG Road, Indore",22.72816925430363,75.86660594060811,completed
ORD000497,Indore,MG Road,"Flat 176, Park Apartments, behind hospital, MG Road, Indore",22.725913490154728,75.87100157160754,delivered
ORD000498,Indore,AB Road,"108 Fourth Road, peeche dukaan, AB Road, Indore",22.722610664807423,75.8730735924963,completed
ORD000499,Indore,Vijay Nagar,"92 Fourth Road, tapri ke paas, Vijay Nagar, Indore",22.72054684386378,75.87852705379947,delivered
ORD000500,Indore,New Palasia,"House 108, New Palasia Area, ke paas chai tapri, New Palasia, Indore",22.72493982799787,75.8719861609206,completed
ORD000501,Indore,Bengali Square,"House 57, Bengali Square Area, Bengali Square, Indore",22.726454694571704,75.87206798092338,completed
ORD000502,Indore,Rajendra Nagar,"67/9, Green Society, behind petrol pump, Rajendra Nagar, Indore",22.73562801387305,75.88300087855744,successful
ORD000503,Indore,Sudama Nagar,"Shop 10, Main Market, peeche dukaan, Sudama Nagar, Indore",22.716975310438933,75.86205063547379,delivered
ORD000504,Indore,Chhatripura,"135/13, Blue Society, Chhatripura, Indore",22.710890110357507,75.86631484771996,completed
ORD000505,Indore,Chhatripura,"154 Fifth Road, behind big tree, Chhatripura, Indore",22.716999743773183,75.87039604606791,successful
ORD000506,Indore,AB Road,"Shop 88, Main Market, behind hospital, AB Road, Indore",22.720525766144775,75.87274837017762,successful
ORD000507,Indore,Palasia,"26 Second Road, near market, Palasia, Indore",22.721460722033928,75.87531525737747,successful
ORD000508,Indore,New Palasia,"29/15, Silver Society, near bus stop, New Palasia, Indore",22.71919599710839,75.868488189357,delivered
ORD000509,Indore,Palasia,"130/3, Blue Society, opposite bank, Palasia, Indore",22.72731275251461,75.86952085995145,successful
ORD000510,Indore,Bengali Square,"134/4, Green Society, opposite bank, Bengali Square, Indore",22.73060168145216,75.87323367613828,completed
ORD000511,Indore,New Palasia,"104/4, Blue Society, ke paas chai tapri, New Palasia, Indore",22.72096350004592,75.86819783741784,successful
ORD000512,Indore,Palasia,"138 Fourth Road, behind hospital, Palasia, Indore",22.729187641249734,75.87383928599951,completed
ORD000513,Indore,Vijay Nagar,"Building 139, Vijay Nagar, Vijay Nagar, Indore",22.71900572504475,75.88375457026847,completed
ORD000514,Indore,Annapurna,"188 Main Road, paas mandir, Annapurna, Indore",22.7303459782002,75.86686483392846,completed
ORD000515,Indore,Annapurna,"149 Third Road, opposite mall, Annapurna, Indore",22.723781633564226,75.864691045603,delivered
ORD000516,Indore,Vijay Nagar,"91/9, Silver Society, peeche dukaan, Vijay Nagar, Indore",22.722760620048746,75.87854737121583,delivered
ORD000517,Indore,Vijay Nagar,"House 150, Vijay Nagar Area, Vijay Nagar, Indore",22.723658881534273,75.88131651883896,successful
ORD000518,Indore,Rajendra Nagar,"Building 97, Rajendra Nagar, Rajendra Nagar, Indore",22.735611852307144,75.88134089762877,delivered
ORD000519,Indore,New Palasia,"Room 172, Sunshine Complex, opposite mall, New Palasia, Indore",22.720270792238605,75.86492573655508,completed
ORD000520,Indore,Rajendra Nagar,"90 First Road, tapri ke paas, Rajendra Nagar, Indore",22.730465174500043,75.88450981581907,completed
ORD000521,Indore,Rajendra Nagar,"Building 200, Rajendra Nagar, near bus stop, Rajendra Nagar, Indore",22.730632451015207,75.88775368999029,successful
ORD000522,Indore,MG Road,"Room 157, Park Complex, opposite bank, MG Road, Indore",22.723098544894643,75.86684297892623,completed
ORD000523,Indore,New Palasia,"62 Fifth Road, ke peeche bada ped, New Palasia, Indore",22.717933280293558,75.87267365361242,delivered
ORD000524,Indore,Palasia,"195 Second Road, ke paas chai tapri, Palasia, Indore",22.729123848809177,75.87342933452908,successful
ORD000525,Indore,Sudama Nagar,"Flat 100, Ocean Apartments, near temple, Sudama Nagar, Indore",22.719105979430307,75.85953744490772,completed
ORD000526,Indore,Rajendra Nagar,"Building 52, Rajendra Nagar, Rajendra Nagar, Indore",22.73266876493523,75.88164376321379,completed
ORD000527,Indore,Palasia,"195 Fourth Road, Palasia, Indore",22.72213837420479,75.86987643273417,delivered
ORD000528,Indore,Annapurna,"Shop 34, Local Market, tapri ke paas, Annapurna, Indore",22.73271738383336,75.86416348671754,successful
ORD000529,Indore,MG Road,"House 157, MG Road Area, gali mein, MG Road, Indore",22.727144923735725,75.869355118256,successful
ORD000530,Indore,AB Road,"House 109, AB Road Area, AB Road, Indore",22.718050331030977,75.87960367304991,completed
ORD000531,Indore,Annapurna,"Building 80, Annapurna, Annapurna, Indore",22.729617525779346,75.86887117586002,successful
ORD000532,Indore,AB Road,"Room 98, Mountain Complex, paas mandir, AB Road, Indore",22.7201788520066,75.87458096838017,completed
ORD000533,Indore,Bengali Square,"57/14, Golden Society, opposite mall, Bengali Square, Indore",22.730709318579738,75.87526959871845,successful
ORD000534,Indore,Sudama Nagar,"Shop 181, Central Market, ke peeche bada ped, Sudama Nagar, Indore",22.711082882764003,75.86130722971443,successful
ORD000535,Indore,Annapurna,"156/4, Blue Society, Annapurna, Indore",22.724482836728022,75.86715521582907,completed
ORD000536,Indore,Sudama Nagar,"House 189, Sudama Nagar Area, dukaan ke piche, Sudama Nagar, Indore",22.715881312888428,75.86257521167964,delivered
ORD000537,Indore,New Palasia,"Room 117, Star Complex, opposite bank, New Palasia, Indore",22.72213493149731,75.87028861174115,delivered
ORD000538,Indore,MG Road,"Shop 91, New Market, behind dukaan, MG Road, Indore",22.727837048780906,75.87416273487909,completed
ORD000539,Indore,Sudama Nagar,"Shop 66, Old Market, opposite police station, Sudama Nagar, Indore",22.711499426128892,75.86704225383627,completed
ORD000540,Indore,Sudama Nagar,"Building 148, Sudama Nagar, Sudama Nagar, Indore",22.71565526060857,75.86317371351775,delivered
ORD000541,Indore,Rajendra Nagar,"Room 117, Ocean Complex, Rajendra Nagar, Indore",22.739550394402734,75.88530187503163,completed
ORD000542,Indore,Rajendra Nagar,"29/1, Golden Society, near temple, Rajendra Nagar, Indore",22.73393622600052,75.88301533561601,delivered
ORD000543,Indore,Rajendra Nagar,"Shop 26, Old Market, opposite bank, Rajendra Nagar, Indore",22.73171420561927,75.88689485391703,delivered
ORD000544,Indore,Chhatripura,"Flat 197, Star Apartments, Chhatripura, Indore",22.714752121633836,75.86938060880915,successful
ORD000545,Indore,Rajendra Nagar,"Building 182, Rajendra Nagar, near bus stop, Rajendra Nagar, Indore",22.73362159252945,75.88609826766047,completed
ORD000546,Indore,MG Road,"158/16, Green Society, opposite mall, MG Road, Indore",22.728772834395492,75.86723344813889,successful
ORD000547,Indore,Vijay Nagar,"Building 178, Vijay Nagar, gali mein, Vijay Nagar, Indore",22.7224029427902,75.87835282781401,completed
ORD000548,Indore,Rajendra Nagar,"191 Second Road, Rajendra Nagar, Indore",22.733464215361057,75.8842029048131,delivered
ORD000549,Indore,Bengali Square,"15 Third Road, dukaan ke piche, Bengali Square, Indore",22.727870497301485,75.87830120098538,delivered
ORD000550,Indore,Sudama Nagar,"Building 117, Sudama Nagar, behind big tree, Sudama Nagar, Indore",22.71755996078679,75.86725822423857,completed
ORD000551,Indore,AB Road,"House 152, AB Road Area, tapri ke paas, AB Road, Indore",22.716823183002973,75.8736749520156,completed
ORD000552,Indore,Sudama Nagar,"171 Second Road, behind hospital, Sudama Nagar, Indore",22.709804170659375,75.86620013812725,delivered
ORD000553,Indore,MG Road,"Shop 137, Old Market, peeche dukaan, MG Road, Indore",22.724288725604545,75.8715055856603,completed
ORD000554,Indore,Annapurna,"Shop 27, Big Market, Annapurna, Indore",22.724933289350805,75.86238575646291,completed
ORD000555,Indore,AB Road,"Building 85, AB Road, ke paas chai tapri, AB Road, Indore",22.718115095802897,75.87928248628037,completed
ORD000556,Indore,Vijay Nagar,"Flat 16, Mountain Apartments, near bus stop, Vijay Nagar, Indore",22.725135885093223,75.87715255352602,delivered
ORD000557,Indore,Chhatripura,"Room 194, Ocean Complex, near chai tapri, Chhatripura, Indore",22.71595079864762,75.86764489181256,completed
ORD000558,Indore,AB Road,"73 First Road, ke paas chai tapri, AB Road, Indore",22.721724011459475,75.87881503299144,successful
ORD000559,Indore,Vijay Nagar,"Flat 52, River Apartments, gali mein, Vijay Nagar, Indore",22.720199884967613,75.88167090851327,successful
ORD000560,Indore,AB Road,"Building 25, AB Road, tapri ke paas, AB Road, Indore",22.715202917131293,75.87850832263257,completed
ORD000561,Indore,Vijay Nagar,"House 166, Vijay Nagar Area, opposite mall, Vijay Nagar, Indore",22.719830066892765,75.87988682928969,successful
ORD000562,Indore,Sudama Nagar,"Building 171, Sudama Nagar, peeche dukaan, Sudama Nagar, Indore",22.71861856427195,75.8616126461164,delivered
ORD000563,Indore,Palasia,"House 102, Palasia Area, samne school, Palasia, Indore",22.7263066845293,75.87745736709795,completed
ORD000564,Indore,Rajendra Nagar,"Room 6, Moonlight Complex, Rajendra Nagar, Indore",22.73740438788794,75.87888366713355,completed
ORD000565,Indore,Sudama Nagar,"Building 38, Sudama Nagar, ke paas chai tapri, Sudama Nagar, Indore",22.711246008185544,75.86011233994793,completed
ORD000566,Indore,New Palasia,"Building 193, New Palasia, tapri ke paas, New Palasia, Indore",22.71912047917877,75.86781335018108,successful
ORD000567,Indore,MG Road,"Shop 9, Main Market, MG Road, Indore",22.72757799266562,75.87076988101346,successful
ORD000568,Indore,Annapurna,"Room 138, Park Complex, behind dukaan, Annapurna, Indore",22.728979110671325,75.86908989534646,delivered
ORD000569,Indore,AB Road,"House 175, AB Road Area, behind petrol pump, AB Road, Indore",22.71892347371186,75.87276001871295,successful
ORD000570,Indore,MG Road,"House 99, MG Road Area, MG Road, Indore",22.731084567705867,75.86943370313476,delivered
ORD000571,Indore,Palasia,"108 First Road, samne school, Palasia, Indore",22.722334460479296,75.87775788146274,delivered
ORD000572,Indore,AB Road,"Shop 97, Local Market, samne school, AB Road, Indore",22.718366911169984,75.877187709814,delivered
ORD000573,Indore,Palasia,"136 First Road, Palasia, Indore",22.727688150158627,75.87667976799818,successful
ORD000574,Indore,Palasia,"143/2, Silver Society, gali mein, Palasia, Indore",22.728490830013317,75.87691238121218,successful
ORD000575,Indore,New Palasia,"House 53, New Palasia Area, ke peeche bada ped, New Palasia, Indore",22.725160057223746,75.8710489127852,delivered
ORD000576,Indore,MG Road,"Flat 133, Star Apartments, behind big tree, MG Road, Indore",22.731016858926594,75.8749358467985,delivered
ORD000577,Indore,New Palasia,"Flat 20, Sunshine Apartments, behind petrol pump, New Palasia, Indore",22.717780423916846,75.86483926534558,delivered
ORD000578,Indore,AB Road,"186 Third Road, behind big tree, AB Road, Indore",22.722491373270884,75.87838252179017,successful
ORD000579,Indore,Annapurna,"25/16, Red Society, Annapurna, Indore",22.73256132210738,75.86363115263114,successful
ORD000580,Indore,Annapurna,"House 142, Annapurna Area, gali mein, Annapurna, Indore",22.729694346667458,75.85993841661644,delivered
ORD000581,Indore,Chhatripura,"82/20, Silver Society, ke paas chai tapri, Chhatripura, Indore",22.71629675006215,75.8654175982634,successful
ORD000582,Indore,Chhatripura,"Building 189, Chhatripura, opposite bank, Chhatripura, Indore",22.71490245345546,75.86898047821862,delivered
ORD000583,Indore,Sudama Nagar,"36 Fifth Road, behind petrol pump, Sudama Nagar, Indore",22.711421058240646,75.86521556292469,successful
ORD000584,Indore,Chhatripura,"Building 136, Chhatripura, tapri ke paas, Chhatripura, Indore",22.71426965034447,75.87114342398549,delivered
ORD000585,Indore,Bengali Square,"Flat 28, Mountain Apartments, tapri ke paas, Bengali Square, Indore",22.72590449987922,75.87434968073896,successful
ORD000586,Indore,Palasia,"Flat 178, Ocean Apartments, Palasia, Indore",22.725456867455787,75.86894247054953,delivered
ORD000587,Indore,Bengali Square,"114/8, Red Society, near temple, Bengali Square, Indore",22.73263932666162,75.87469924991534,successful
ORD000588,Indore,New Palasia,"Flat 102, Park Apartments, New Palasia, Indore",22.721293327426828,75.86441858700276,completed
ORD000589,Indore,Bengali Square,"Building 68, Bengali Square, Bengali Square, Indore",22.726552470220252,75.88082213985525,successful
ORD000590,Indore,Bengali Square,"Flat 151, Moonlight Apartments, behind big tree, Bengali Square, Indore",22.734639244797005,75.87326806144176,delivered
ORD000591,Indore,MG Road,"House 98, MG Road Area, behind hospital, MG Road, Indore",22.729473353697,75.87035246020514,completed
ORD000592,Indore,AB Road,"Building 63, AB Road, AB Road, Indore",22.71948433212899,75.87858135364468,delivered
ORD000593,Indore,Annapurna,"Building 80, Annapurna, Annapurna, Indore",22.73196617407459,75.8621736012595,successful
ORD000594,Indore,Vijay Nagar,"71 Third Road, gali mein, Vijay Nagar, Indore",22.721781898771656,75.87626946960246,successful
ORD000595,Indore,Sudama Nagar,"147/4, Golden Society, ke samne police station, Sudama Nagar, Indore",22.71769397618074,75.86342046489017,delivered
ORD000596,Indore,Palasia,"Building 94, Palasia, Palasia, Indore",22.726349219563197,75.87462346726589,delivered
ORD000597,Indore,Bengali Square,"163/3, Green Society, opposite police station, Bengali Square, Indore",22.73513690021113,75.8747578328802,successful
ORD000598,Indore,Sudama Nagar,"House 58, Sudama Nagar Area, ke samne police station, Sudama Nagar, Indore",22.712038753553855,75.8605597268883,delivered
ORD000599,Indore,Annapurna,"Room 47, Garden Complex, near temple, Annapurna, Indore",22.73158774103201,75.86429884725571,delivered
ORD000600,Indore,New Palasia,"Room 182, Garden Complex, samne school, New Palasia, Indore",22.718653983312066,75.87163989616408,completed
ORD000601,Indore,Sudama Nagar,"89 Fifth Road, Sudama Nagar, Indore",22.717807560743136,75.85914587156816,completed
ORD000602,Indore,Chhatripura,"Flat 144, Ocean Apartments, Chhatripura, Indore",22.709199445217184,75.86854675633826,successful
ORD000603,Indore,New Palasia,"Building 129, New Palasia, behind big tree, New Palasia, Indore",22.71863331605557,75.8705219246345,successful
ORD000604,Indore,Rajendra Nagar,"Building 125, Rajendra Nagar, Rajendra Nagar, Indore",22.730859528279424,75.87828725374354,successful
ORD000605,Indore,Vijay Nagar,"Shop 164, Big Market, behind big tree, Vijay Nagar, Indore",22.722967159210206,75.87715517293641,successful
ORD000606,Indore,MG Road,"121/11, Golden Society, ke samne police station, MG Road, Indore",22.72213324926781,75.86797231060419,successful
ORD000607,Indore,Palasia,"179/17, Red Society, Palasia, Indore",22.72873545778074,75.87519031637822,completed
ORD000608,Indore,Annapurna,"House 180, Annapurna Area, behind big tree, Annapurna, Indore",22.725056796851142,75.86797959317494,successful
ORD000609,Indore,Annapurna,"Building 68, Annapurna, Annapurna, Indore",22.73306714496593,75.86912188225328,delivered
ORD000610,Indore,Rajendra Nagar,"102 Fourth Road, Rajendra Nagar, Indore",22.736018868227468,75.8842827343103,delivered
ORD000611,Indore,AB Road,"Shop 61, Central Market, opposite police station, AB Road, Indore",22.713923889694538,75.87610224483032,completed
ORD000612,Indore,Chhatripura,"26/15, Silver Society, Chhatripura, Indore",22.70812802666641,75.86439920613198,delivered
ORD000613,Indore,Palasia,"161/13, Silver Society, Palasia, Indore",22.72354326864564,75.87391762672358,delivered
ORD000614,Indore,Bengali Square,"Room 19, River Complex, ke samne police station, Bengali Square, Indore",22.734399777378563,75.87766232919405,completed
ORD000615,Indore,Sudama Nagar,"Flat 47, Ocean Apartments, Sudama Nagar, Indore",22.718937285122045,75.86082764710639,successful
ORD000616,Indore,AB Road,"Building 133, AB Road, near temple, AB Road, Indore",22.717897855941466,75.87200537591508,completed
ORD000617,Indore,New Palasia,"Room 182, Star Complex, opposite school, New Palasia, Indore",22.7234706289209,75.86728940247413,delivered
ORD000618,Indore,Annapurna,"Room 101, Park Complex, Annapurna, Indore",22.73103019866699,75.86556489210128,delivered
ORD000619,Indore,Vijay Nagar,"Room 190, Garden Complex, tapri ke paas, Vijay Nagar, Indore",22.720699299425064,75.87846748070433,delivered
ORD000620,Indore,MG Road,"Flat 154, Moonlight Apartments, MG Road, Indore",22.723866003989617,75.86960112473969,completed
ORD000621,Indore,Chhatripura,"47/15, Golden Society, ke peeche bada ped, Chhatripura, Indore",22.710406816900296,75.86947160547773,delivered
ORD000622,Indore,Sudama Nagar,"43 Second Road, Sudama Nagar, Indore",22.71106867293607,75.86570047188198,completed
ORD000623,Indore,MG Road,"House 119, MG Road Area, MG Road, Indore",22.730596367432796,75.86711267149172,completed
ORD000624,Indore,Bengali Square,"37/18, Blue Society, Bengali Square, Indore",22.735482417640593,75.87819527203237,completed
ORD000625,Indore,Palasia,"Building 123, Palasia, opposite bank, Palasia, Indore",22.72529061484243,75.87358180006376,delivered
ORD000626,Indore,Chhatripura,"68 Third Road, Chhatripura, Indore",22.709727791292913,75.87062546171212,successful
ORD000627,Indore,AB Road,"Shop 49, Local Market, AB Road, Indore",22.721379984289076,75.87820683013815,successful
ORD000628,Indore,AB Road,"House 87, AB Road Area, peeche dukaan, AB Road, Indore",22.715722006520696,75.87826265178,completed
ORD000629,Indore,Bengali Square,"23 Fourth Road, behind dukaan, Bengali Square, Indore",22.730586980377183,75.87893098585886,completed
ORD000630,Indore,Rajendra Nagar,"Room 127, Mountain Complex, Rajendra Nagar, Indore",22.731177827380677,75.88594310841312,successful
ORD000631,Indore,New Palasia,"148/19, Blue Society, New Palasia, Indore",22.717600690522993,75.86778583123215,successful
ORD000632,Indore,New Palasia,"44/6, Golden Society, dukaan ke piche, New Palasia, Indore",22.725291826596663,75.86738138493402,successful
ORD000633,Indore,Rajendra Nagar,"Flat 195, Moonlight Apartments, behind hospital, Rajendra Nagar, Indore",22.73394062239811,75.88778948570351,completed
ORD000634,Indore,Vijay Nagar,"Shop 45, Big Market, samne school, Vijay Nagar, Indore",22.722749805615557,75.87606966505608,delivered
ORD000635,Indore,Vijay Nagar,"Shop 89, Old Market, behind dukaan, Vijay Nagar, Indore",22.72446083025323,75.87746320414591,completed
ORD000636,Indore,Rajendra Nagar,"199 Third Road, behind petrol pump, Rajendra Nagar, Indore",22.729963150717946,75.88359444605598,successful
ORD000637,Indore,Annapurna,"Room 162, Moonlight Complex, ke peeche bada ped, Annapurna, Indore",22.72663580460056,75.86037169157464,successful
ORD000638,Indore,Sudama Nagar,"Building 15, Sudama Nagar, behind dukaan, Sudama Nagar, Indore",22.71333531451984,75.86336535768159,successful
ORD000639,Indore,Annapurna,"68/20, Green Society, Annapurna, Indore",22.728858638197362,75.86971624433755,successful
ORD000640,Indore,New Palasia,"Flat 57, Sunshine Apartments, opposite mall, New Palasia, Indore",22.727376655964083,75.87199413829487,completed
ORD000641,Indore,Rajendra Nagar,"Flat 75, Park Apartments, opposite school, Rajendra Nagar, Indore",22.737110670131557,75.88547909769615,delivered
ORD000642,Indore,Sudama Nagar,"Building 93, Sudama Nagar, behind dukaan, Sudama Nagar, Indore",22.714110706918,75.86543658185688,delivered
ORD000643,Indore,Annapurna,"House 200, Annapurna Area, behind big tree, Annapurna, Indore",22.727481363378285,75.86899647382391,successful
ORD000644,Indore,AB Road,"Shop 106, Big Market, dukaan ke piche, AB Road, Indore",22.715048539998755,75.87744195819164,successful
ORD000645,Indore,Vijay Nagar,"116/14, White Society, near chai tapri, Vijay Nagar, Indore",22.721082397748262,75.8761508303342,successful
ORD000646,Indore,MG Road,"Room 200, Moonlight Complex, near market, MG Road, Indore",22.72179505926878,75.86908157249061,completed
ORD000647,Indore,New Palasia,"Flat 117, Star Apartments, near chai tapri, New Palasia, Indore",22.719442997420984,75.86801687850979,successful
ORD000648,Indore,Chhatripura,"Shop 82, Main Market, Chhatripura, Indore",22.709400965066934,75.87197697531334,successful
ORD000649,Indore,New Palasia,"House 122, New Palasia Area, dukaan ke piche, New Palasia, Indore",22.720148061771635,75.87351943556747,completed
ORD000650,Indore,Palasia,"47/16, Red Society, ke paas chai tapri, Palasia, Indore",22.721009161081113,75.87646018144477,successful
ORD000651,Indore,Rajendra Nagar,"Flat 116, Sunshine Apartments, Rajendra Nagar, Indore",22.737065188264992,75.87899309737494,completed
ORD000652,Indore,Vijay Nagar,"157 First Road, behind dukaan, Vijay Nagar, Indore",22.718800640387773,75.8741289869478,completed
ORD000653,Indore,Palasia,"126/6, Golden Society, behind big tree, Palasia, Indore",22.72571265598706,75.87542086018765,delivered
ORD000654,Indore,Rajendra Nagar,"Building 74, Rajendra Nagar, behind big tree, Rajendra Nagar, Indore",22.73654375160429,75.88058460743262,successful
ORD000655,Indore,New Palasia,"167/13, Green Society, New Palasia, Indore",22.726911497060527,75.87302651836386,delivered
ORD000656,Indore,Palasia,"Building 106, Palasia, Palasia, Indore",22.727292568479374,75.87311233436154,successful
ORD000657,Indore,Vijay Nagar,"Shop 38, Big Market, Vijay Nagar, Indore",22.715875448714627,75.88136861630485,completed
ORD000658,Indore,Sudama Nagar,"Building 139, Sudama Nagar, Sudama Nagar, Indore",22.716439963725424,75.85922162886594,completed
ORD000659,Indore,Vijay Nagar,"137/14, Golden Society, opposite mall, Vijay Nagar, Indore",22.719729023501973,75.87898082005718,successful
ORD000660,Indore,AB Road,"Room 103, Park Complex, tapri ke paas, AB Road, Indore",22.715735848531057,75.86998373691995,delivered
ORD000661,Indore,Palasia,"Room 27, Ocean Complex, behind dukaan, Palasia, Indore",22.722411722266372,75.87381985336197,successful
ORD000662,Indore,Sudama Nagar,"75 Fifth Road, behind dukaan, Sudama Nagar, Indore",22.718049950335647,75.85822794687564,delivered
ORD000663,Indore,Chhatripura,"Building 69, Chhatripura, ke paas chai tapri, Chhatripura, Indore",22.708292134183083,75.86677361786948,completed
ORD000664,Indore,New Palasia,"House 55, New Palasia Area, peeche dukaan, New Palasia, Indore",22.721015137516357,75.86722620866628,delivered
ORD000665,Indore,Rajendra Nagar,"176/20, Golden Society, behind dukaan, Rajendra Nagar, Indore",22.732702673200446,75.88289057076122,successful
ORD000666,Indore,Palasia,"54/18, Silver Society, ke peeche bada ped, Palasia, Indore",22.724382437479246,75.86978102769051,successful
ORD000667,Indore,Bengali Square,"Room 3, Moonlight Complex, opposite bank, Bengali Square, Indore",22.725942966830917,75.88088878598651,completed
ORD000668,Indore,AB Road,"182 Second Road, AB Road, Indore",22.72274390950367,75.87571666305695,delivered
ORD000669,Indore,MG Road,"Shop 105, Main Market, dukaan ke piche, MG Road, Indore",22.722263215671784,75.87077696140025,successful
ORD000670,Indore,MG Road,"Flat 139, River Apartments, near bus stop, MG Road, Indore",22.73135881232162,75.87196513473393,completed
ORD000671,Indore,Annapurna,"Room 149, Garden Complex, behind hospital, Annapurna, Indore",22.72993310519227,75.86150780839327,completed
ORD000672,Indore,Vijay Nagar,"63 Main Road, paas mandir, Vijay Nagar, Indore",22.72515182087267,75.87540216837108,delivered
ORD000673,Indore,Chhatripura,"69 Second Road, tapri ke paas, Chhatripura, Indore",22.71477176153714,75.86993683418383,delivered
ORD000674,Indore,Annapurna,"House 35, Annapurna Area, near market, Annapurna, Indore",22.727576068099737,75.86848636147543,delivered
ORD000675,Indore,Rajendra Nagar,"Shop 195, New Market, behind dukaan, Rajendra Nagar, Indore",22.733966680558034,75.8872744249806,successful
ORD000676,Indore,Sudama Nagar,"155/16, Red Society, samne school, Sudama Nagar, Indore",22.717423979424527,75.86165305667556,successful
ORD000677,Indore,Chhatripura,"Flat 68, Park Apartments, paas mandir, Chhatripura, Indore",22.714604921377884,75.87329419861452,delivered
ORD000678,Indore,Bengali Square,"151 Main Road, ke paas chai tapri, Bengali Square, Indore",22.725719700899003,75.87359523910266,completed
ORD000679,Indore,Sudama Nagar,"Shop 85, Main Market, Sudama Nagar, Indore",22.716980656365507,75.86747715540227,successful
ORD000680,Indore,Palasia,"Flat 133, Mountain Apartments, samne school, Palasia, Indore",22.728217309434314,75.87053635667277,delivered
ORD000681,Indore,MG Road,"Flat 171, Sunshine Apartments, opposite mall, MG Road, Indore",22.724883221931723,75.87220311384968,delivered
ORD000682,Indore,MG Road,"Shop 36, New Market, tapri ke paas, MG Road, Indore",22.729999222749417,75.87224643780092,completed
ORD000683,Indore,Sudama Nagar,"Shop 117, New Market, Sudama Nagar, Indore",22.71516478090798,75.86348578199973,delivered
ORD000684,Indore,Rajendra Nagar,"House 175, Rajendra Nagar Area, Rajendra Nagar, Indore",22.73455886829021,75.88576836249501,successful
ORD000685,Indore,New Palasia,"House 68, New Palasia Area, ke paas chai tapri, New Palasia, Indore",22.72269497727195,75.87182378777587,delivered
ORD000686,Indore,Vijay Nagar,"House 132, Vijay Nagar Area, near market, Vijay Nagar, Indore",22.720495749974834,75.87706844150792,delivered
ORD000687,Indore,Sudama Nagar,"122/7, Green Society, tapri ke paas, Sudama Nagar, Indore",22.7137404632084,75.861709547545,successful
ORD000688,Indore,Annapurna,"Shop 9, Central Market, opposite school, Annapurna, Indore",22.72622030999546,75.8637678681315,delivered
ORD000689,Indore,Rajendra Nagar,"192 Second Road, Rajendra Nagar, Indore",22.73063347966678,75.87977038518783,delivered
ORD000690,Indore,Chhatripura,"14/5, Silver Society, gali mein, Chhatripura, Indore",22.715241375159756,75.8736328298558,successful
ORD000691,Indore,Annapurna,"House 105, Annapurna Area, paas mandir, Annapurna, Indore",22.729516568183033,75.86581487636938,delivered
ORD000692,Indore,MG Road,"Flat 156, Moonlight Apartments, MG Road, Indore",22.724518371704388,75.87190439827233,completed
ORD000693,Indore,Vijay Nagar,"Building 117, Vijay Nagar, near chai tapri, Vijay Nagar, Indore",22.723233888904392,75.87948311757987,successful
ORD000694,Indore,Annapurna,"Room 114, River Complex, opposite mall, Annapurna, Indore",22.731358009747296,75.85997370518392,delivered
ORD000695,Indore,MG Road,"House 60, MG Road Area, MG Road, Indore",22.731483914683103,75.8710000502286,successful
ORD000696,Indore,Rajendra Nagar,"Building 169, Rajendra Nagar, gali mein, Rajendra Nagar, Indore",22.73393084099479,75.88207001847965,delivered
ORD000697,Indore,Sudama Nagar,"14 Third Road, samne school, Sudama Nagar, Indore",22.711973578826118,75.86687081097749,completed
ORD000698,Indore,Vijay Nagar,"Room 66, Sunshine Complex, ke paas chai tapri, Vijay Nagar, Indore",22.72296056268178,75.8767317262806,successful
ORD000699,Indore,Chhatripura,"Flat 127, Mountain Apartments, paas mandir, Chhatripura, Indore",22.715173483893587,75.87365215264875,completed
ORD000700,Indore,AB Road,"Shop 147, Central Market, peeche dukaan, AB Road, Indore",22.717103066238458,75.87715518242233,successful
ORD000701,Indore,Chhatripura,"Room 79, Star Complex, opposite police station, Chhatripura, Indore",22.71187647545067,75.86456668300197,successful
ORD000702,Indore,MG Road,"21 First Road, peeche dukaan, MG Road, Indore",22.725640091040184,75.86613387628586,delivered
ORD000703,Indore,Bengali Square,"Building 119, Bengali Square, gali mein, Bengali Square, Indore",22.726354473387033,75.87514654889812,delivered
ORD000704,Indore,Palasia,"184/9, White Society, near bus stop, Palasia, Indore",22.72055491427961,75.87155623643261,completed
ORD000705,Indore,Vijay Nagar,"Building 112, Vijay Nagar, Vijay Nagar, Indore",22.724877590305816,75.87542993756438,delivered
ORD000706,Indore,Sudama Nagar,"Room 184, River Complex, gali mein, Sudama Nagar, Indore",22.711403737206343,75.85856140433567,successful
ORD000707,Indore,Vijay Nagar,"105 Fifth Road, near chai tapri, Vijay Nagar, Indore",22.71769155234884,75.88296876135614,completed
ORD000708,Indore,Annapurna,"House 11, Annapurna Area, behind dukaan, Annapurna, Indore",22.72993277087752,75.86968002743177,delivered
ORD000709,Indore,Vijay Nagar,"26 Main Road, opposite bank, Vijay Nagar, Indore",22.71856329077458,75.88181899846677,delivered
ORD000710,Indore,AB Road,"Shop 152, Main Market, near bus stop, AB Road, Indore",22.72041201584285,75.87835623825532,delivered
ORD000711,Indore,Bengali Square,"Shop 133, Big Market, ke paas chai tapri, Bengali Square, Indore",22.725784297509584,75.88142358648192,completed
ORD000712,Indore,Rajendra Nagar,"House 72, Rajendra Nagar Area, ke samne police station, Rajendra Nagar, Indore",22.7360795129536,75.88717831025933,delivered
ORD000713,Indore,AB Road,"73/6, White Society, gali mein, AB Road, Indore",22.71539236847744,75.87214443934954,completed
ORD000714,Indore,Annapurna,"Room 58, Ocean Complex, behind big tree, Annapurna, Indore",22.724721734886646,75.86343573621984,delivered
ORD000715,Indore,Rajendra Nagar,"Building 187, Rajendra Nagar, Rajendra Nagar, Indore",22.73139394500102,75.88243495422638,completed
ORD000716,Indore,New Palasia,"70/19, Red Society, New Palasia, Indore",22.720757753829915,75.86892074446428,delivered
ORD000717,Indore,Sudama Nagar,"Flat 60, Ocean Apartments, opposite police station, Sudama Nagar, Indore",22.71882436294753,75.86688785066579,delivered
ORD000718,Indore,Annapurna,"Shop 15, Local Market, behind petrol pump, Annapurna, Indore",22.726760308454583,75.86655848153809,completed
ORD000719,Indore,Palasia,"House 199, Palasia Area, tapri ke paas, Palasia, Indore",22.72087089553546,75.87682351232425,delivered
ORD000720,Indore,New Palasia,"Room 81, Ocean Complex, gali mein, New Palasia, Indore",22.72488709909257,75.86537192915824,successful
ORD000721,Indore,Rajendra Nagar,"House 126, Rajendra Nagar Area, ke paas chai tapri, Rajendra Nagar, Indore",22.739571910974288,75.88675749209614,delivered
ORD000722,Indore,Rajendra Nagar,"Flat 199, Moonlight Apartments, near market, Rajendra Nagar, Indore",22.729633008817892,75.88264540755972,successful
ORD000723,Indore,AB Road,"House 130, AB Road Area, AB Road, Indore",22.71861892205919,75.87854295300835,successful
ORD000724,Indore,Annapurna,"78 Fourth Road, Annapurna, Indore",22.72809316455965,75.86512478680174,completed
ORD000725,Indore,MG Road,"Shop 122, New Market, peeche dukaan, MG Road, Indore",22.726019851227377,75.86831359827576,completed
ORD000726,Indore,AB Road,"Shop 5, Old Market, AB Road, Indore",22.71966602217982,75.87590856344711,delivered
ORD000727,Indore,Sudama Nagar,"123/19, Golden Society, ke peeche bada ped, Sudama Nagar, Indore",22.717256979466313,75.86434530548652,successful
ORD000728,Indore,New Palasia,"Building 94, New Palasia, opposite mall, New Palasia, Indore",22.723025174315126,75.87136330902653,successful
ORD000729,Indore,Rajendra Nagar,"Room 106, River Complex, Rajendra Nagar, Indore",22.729953546148757,75.88361825611919,completed
ORD000730,Indore,AB Road,"18 Second Road, ke peeche bada ped, AB Road, Indore",22.717951746355364,75.87042926499022,delivered
ORD000731,Indore,Rajendra Nagar,"Building 158, Rajendra Nagar, behind dukaan, Rajendra Nagar, Indore",22.736833534204106,75.8799954152073,successful
ORD000732,Indore,Sudama Nagar,"28/20, Blue Society, Sudama Nagar, Indore",22.71009982857358,75.86655007407666,delivered
ORD000733,Indore,Vijay Nagar,"Building 124, Vijay Nagar, behind hospital, Vijay Nagar, Indore",22.716763319542693,75.88027872832097,successful
ORD000734,Indore,AB Road,"195 Second Road, AB Road, Indore",22.720042187960576,75.87107980434756,delivered
ORD000735,Indore,Bengali Square,"Room 98, River Complex, opposite school, Bengali Square, Indore",22.73236739609862,75.87452884992285,completed
ORD000736,Indore,AB Road,"168/8, Silver Society, opposite mall, AB Road, Indore",22.717785577445223,75.8743034533542,delivered
ORD000737,Indore,Rajendra Nagar,"Room 114, Sunshine Complex, opposite school, Rajendra Nagar, Indore",22.731593002979523,75.87994293363543,completed
ORD000738,Indore,Chhatripura,"Shop 67, Big Market, Chhatripura, Indore",22.708166190248747,75.86547552153931,completed
ORD000739,Indore,Vijay Nagar,"House 128, Vijay Nagar Area, Vijay Nagar, Indore",22.72362442399196,75.88112207236261,completed
ORD000740,Indore,MG Road,"House 69, MG Road Area, ke samne police station, MG Road, Indore",22.729003785591043,75.8698467252769,successful
ORD000741,Indore,Chhatripura,"Room 187, River Complex, peeche dukaan, Chhatripura, Indore",22.713413569898574,75.86811247627912,successful
ORD000742,Indore,Vijay Nagar,"Building 2, Vijay Nagar, near market, Vijay Nagar, Indore",22.72496339039152,75.87999365088942,successful
ORD000743,Indore,AB Road,"Flat 65, Star Apartments, AB Road, Indore",22.722448850598933,75.87185599190597,successful
ORD000744,Indore,Sudama Nagar,"105 First Road, opposite police station, Sudama Nagar, Indore",22.71609266508522,75.86477664106486,completed
ORD000745,Indore,Palasia,"Flat 125, Garden Apartments, Palasia, Indore",22.722950503883155,75.87234403876059,successful
ORD000746,Indore,AB Road,"House 95, AB Road Area, opposite school, AB Road, Indore",22.716027966052188,75.87801759403828,successful
ORD000747,Indore,Annapurna,"Room 49, Sunshine Complex, samne school, Annapurna, Indore",22.731417446350388,75.86151921671917,completed
ORD000748,Indore,AB Road,"29/16, Golden Society, AB Road, Indore",22.720795107464973,75.87916372302436,completed
ORD000749,Indore,New Palasia,"45/4, Blue Society, peeche dukaan, New Palasia, Indore",22.72504575543027,75.86551198322981,completed
ORD000750,Indore,Annapurna,"Shop 26, Old Market, Annapurna, Indore",22.730525569554036,75.86235516696391,delivered
ORD000751,Indore,Rajendra Nagar,"15 Third Road, opposite school, Rajendra Nagar, Indore",22.73553233272532,75.8783447806407,delivered
ORD000752,Indore,MG Road,"52/2, White Society, samne school, MG Road, Indore",22.72470703199109,75.87017009326465,completed
ORD000753,Indore,Chhatripura,"Building 106, Chhatripura, behind big tree, Chhatripura, Indore",22.71213928477702,75.86701563668393,completed
ORD000754,Indore,New Palasia,"Room 66, Ocean Complex, opposite mall, New Palasia, Indore",22.717688987461234,75.86548234994818,successful
ORD000755,Indore,Chhatripura,"House 42, Chhatripura Area, Chhatripura, Indore",22.713925976032044,75.86407972575007,delivered
ORD000756,Indore,Rajendra Nagar,"Flat 109, Ocean Apartments, Rajendra Nagar, Indore",22.732174811633723,75.87853676928657,completed
ORD000757,Indore,Palasia,"Room 101, Ocean Complex, behind dukaan, Palasia, Indore",22.726249784687116,75.86937860689376,completed
ORD000758,Indore,Sudama Nagar,"House 179, Sudama Nagar Area, near temple, Sudama Nagar, Indore",22.71636860726649,75.86226555984356,completed
ORD000759,Indore,Rajendra Nagar,"Building 106, Rajendra Nagar, near chai tapri, Rajendra Nagar, Indore",22.733045603713336,75.88306108727319,completed
ORD000760,Indore,Vijay Nagar,"76 Third Road, ke paas chai tapri, Vijay Nagar, Indore",22.71891344754725,75.8807694164494,completed
ORD000761,Indore,MG Road,"169/15, Red Society, samne school, MG Road, Indore",22.727571018022164,75.87042057514431,completed
ORD000762,Indore,Rajendra Nagar,"Flat 139, River Apartments, Rajendra Nagar, Indore",22.735872398462362,75.87978670521196,successful
ORD000763,Indore,AB Road,"72/2, Blue Society, tapri ke paas, AB Road, Indore",22.716323764147027,75.8772802114503,successful
ORD000764,Indore,AB Road,"Room 107, Moonlight Complex, dukaan ke piche, AB Road, Indore",22.720641851517254,75.87412997529935,successful
ORD000765,Indore,Sudama Nagar,"Building 70, Sudama Nagar, near temple, Sudama Nagar, Indore",22.713948867515825,75.86596003427017,completed
ORD000766,Indore,MG Road,"Shop 110, Local Market, samne school, MG Road, Indore",22.73120879505096,75.87146510663891,successful
ORD000767,Indore,Vijay Nagar,"Building 171, Vijay Nagar, samne school, Vijay Nagar, Indore",22.716606812975154,75.87877496572861,delivered
ORD000768,Indore,Bengali Square,"Flat 57, Ocean Apartments, near market, Bengali Square, Indore",22.72641130242672,75.87944091737336,successful
ORD000769,Indore,MG Road,"94 Fourth Road, MG Road, Indore",22.73038039703484,75.86920423192986,delivered
ORD000770,Indore,Chhatripura,"Shop 7, Local Market, Chhatripura, Indore",22.70783640261144,75.8679388518043,delivered
ORD000771,Indore,Bengali Square,"Building 87, Bengali Square, opposite bank, Bengali Square, Indore",22.73235303570862,75.87474948973805,completed
ORD000772,Indore,Rajendra Nagar,"House 134, Rajendra Nagar Area, peeche dukaan, Rajendra Nagar, Indore",22.73570288514762,75.88507223029436,completed
ORD000773,Indore,AB Road,"Building 134, AB Road, opposite school, AB Road, Indore",22.720896304507924,75.87500392837204,successful
ORD000774,Indore,Palasia,"Flat 40, River Apartments, Palasia, Indore",22.728405004065646,75.87444838534076,delivered
ORD000775,Indore,Vijay Nagar,"Shop 101, Main Market, near chai tapri, Vijay Nagar, Indore",22.723745662501194,75.87397808123941,successful
ORD000776,Indore,New Palasia,"Room 104, Ocean Complex, near bus stop, New Palasia, Indore",22.721188528382495,75.86805682754141,successful
ORD000777,Indore,MG Road,"Shop 165, Local Market, MG Road, Indore",22.72363826339174,75.86898533656021,successful
ORD000778,Indore,Bengali Square,"Flat 27, Moonlight Apartments, behind hospital, Bengali Square, Indore",22.734322568505526,75.8720507735322,delivered
ORD000779,Indore,MG Road,"85 Fourth Road, behind hospital, MG Road, Indore",22.72323342786732,75.87095202140127,successful
ORD000780,Indore,Palasia,"180 Second Road, paas mandir, Palasia, Indore",22.72293058755763,75.87430194101218,delivered
ORD000781,Indore,AB Road,"Room 45, Mountain Complex, near temple, AB Road, Indore",22.71465138544225,75.87130344819889,successful
ORD000782,Indore,Annapurna,"Room 161, Ocean Complex, Annapurna, Indore",22.729163250762625,75.86144571555845,completed
ORD000783,Indore,New Palasia,"Shop 98, Local Market, New Palasia, Indore",22.72045474308394,75.87120328193163,successful
ORD000784,Indore,Palasia,"97/18, Blue Society, opposite school, Palasia, Indore",22.724613603848585,75.86948660078453,delivered
ORD000785,Indore,Palasia,"Room 175, Moonlight Complex, behind big tree, Palasia, Indore",22.720956996363626,75.87096765057488,delivered
ORD000786,Indore,Vijay Nagar,"Shop 12, Big Market, near temple, Vijay Nagar, Indore",22.72122132426461,75.88337298778173,successful
ORD000787,Indore,Annapurna,"Flat 194, River Apartments, tapri ke paas, Annapurna, Indore",22.72650838318554,75.86446231370915,completed
ORD000788,Indore,Annapurna,"68 Main Road, Annapurna, Indore",22.72529624094441,75.86108295983281,delivered
ORD000789,Indore,Rajendra Nagar,"House 114, Rajendra Nagar Area, ke peeche bada ped, Rajendra Nagar, Indore",22.73186836472826,75.88484321730223,delivered
ORD000790,Indore,Vijay Nagar,"169 Main Road, dukaan ke piche, Vijay Nagar, Indore",22.72521213365377,75.88174057424492,delivered
ORD000791,Indore,Chhatripura,"Building 96, Chhatripura, ke paas chai tapri, Chhatripura, Indore",22.708123713603715,75.86483469202214,successful
ORD000792,Indore,Bengali Square,"Room 94, Park Complex, Bengali Square, Indore",22.725683408384597,75.87266103968012,successful
ORD000793,Indore,Rajendra Nagar,"House 84, Rajendra Nagar Area, opposite school, Rajendra Nagar, Indore",22.739526678626497,75.88619195826311,completed
ORD000794,Indore,Bengali Square,"Building 53, Bengali Square, Bengali Square, Indore",22.728598537477158,75.87263824123356,completed
ORD000795,Indore,Palasia,"Flat 5, Park Apartments, Palasia, Indore",22.729073619873574,75.8687828015182,successful
ORD000796,Indore,New Palasia,"Shop 197, New Market, peeche dukaan, New Palasia, Indore",22.719748291940217,75.87249319370663,delivered
ORD000797,Indore,Bengali Square,"Room 31, Park Complex, dukaan ke piche, Bengali Square, Indore",22.732964796737964,75.87458066873813,delivered
ORD000798,Indore,Sudama Nagar,"Building 86, Sudama Nagar, ke peeche bada ped, Sudama Nagar, Indore",22.71721093203842,75.86471041029203,delivered
ORD000799,Indore,AB Road,"101 First Road, ke paas chai tapri, AB Road, Indore",22.720248570562237,75.87215783897248,successful
ORD000800,Indore,Vijay Nagar,"39/7, Silver Society, Vijay Nagar, Indore",22.718374093543332,75.88076158848689,successful
ORD000801,Indore,Palasia,"169/16, Silver Society, ke peeche bada ped, Palasia, Indore",22.72863887749374,75.87006988980541,successful
ORD000802,Indore,AB Road,"Room 33, Moonlight Complex, opposite mall, AB Road, Indore",22.71499642880376,75.87564018832484,delivered
ORD000803,Indore,New Palasia,"Room 161, Moonlight Complex, near bus stop, New Palasia, Indore",22.72218479531355,75.87094027946539,completed
ORD000804,Indore,Chhatripura,"House 169, Chhatripura Area, peeche dukaan, Chhatripura, Indore",22.71483224564442,75.8731278779262,successful
ORD000805,Indore,AB Road,"Shop 177, Big Market, opposite mall, AB Road, Indore",22.721752110674608,75.87631847491396,delivered
ORD000806,Indore,Chhatripura,"Flat 96, River Apartments, ke peeche bada ped, Chhatripura, Indore",22.711157308808218,75.87255807926493,successful
ORD000807,Indore,Annapurna,"Flat 32, Ocean Apartments, opposite police station, Annapurna, Indore",22.72677931343583,75.86494432897017,successful
ORD000808,Indore,Chhatripura,"Building 115, Chhatripura, Chhatripura, Indore",22.70991914534649,75.86721594962384,completed
ORD000809,Indore,Rajendra Nagar,"Flat 121, Ocean Apartments, Rajendra Nagar, Indore",22.73125104198892,75.87867188332703,completed
ORD000810,Indore,Sudama Nagar,"House 83, Sudama Nagar Area, Sudama Nagar, Indore",22.711911407136903,75.86297514115581,delivered
ORD000811,Indore,Chhatripura,"48/3, Red Society, ke paas chai tapri, Chhatripura, Indore",22.71606912274221,75.86832730772242,completed
ORD000812,Indore,Annapurna,"164/8, Golden Society, Annapurna, Indore",22.73192436318728,75.86619847705097,completed
ORD000813,Indore,AB Road,"75/19, Silver Society, behind big tree, AB Road, Indore",22.72151896871181,75.87463392673708,delivered
ORD000814,Indore,Palasia,"Room 73, Mountain Complex, Palasia, Indore",22.728252401512588,75.87187724764975,successful
ORD000815,Indore,AB Road,"172 Main Road, AB Road, Indore",22.719477558965284,75.87310422900053,successful
ORD000816,Indore,Vijay Nagar,"178 Main Road, gali mein, Vijay Nagar, Indore",22.719571217065617,75.88182960315122,delivered
ORD000817,Indore,Annapurna,"Room 120, Moonlight Complex, Annapurna, Indore",22.72512615054139,75.8637507029488,successful
ORD000818,Indore,MG Road,"Shop 42, New Market, opposite mall, MG Road, Indore",22.724547865817392,75.87539345593044,completed
ORD000819,Indore,AB Road,"Building 160, AB Road, behind dukaan, AB Road, Indore",22.71596176999077,75.87156219855422,completed
ORD000820,Indore,Palasia,"Room 197, Star Complex, opposite mall, Palasia, Indore",22.72056588032073,75.87436248358588,successful
ORD000821,Indore,Vijay Nagar,"173/12, White Society, Vijay Nagar, Indore",22.723535236507217,75.88254238902353,completed
ORD000822,Indore,Palasia,"Building 186, Palasia, near market, Palasia, Indore",22.7272593605109,75.86939911794202,delivered
ORD000823,Indore,Rajendra Nagar,"25 Second Road, behind hospital, Rajendra Nagar, Indore",22.733897802159774,75.88302412369319,delivered
ORD000824,Indore,AB Road,"Shop 177, Local Market, AB Road, Indore",22.71568097852446,75.87426037076693,delivered
ORD000825,Indore,Sudama Nagar,"104 Main Road, behind big tree, Sudama Nagar, Indore",22.718036471231414,75.86230989637471,successful
ORD000826,Indore,Chhatripura,"House 165, Chhatripura Area, near market, Chhatripura, Indore",22.71494965723031,75.86623152924865,completed
ORD000827,Indore,Rajendra Nagar,"44 Main Road, samne school, Rajendra Nagar, Indore",22.73571355856309,75.88236363529967,completed
ORD000828,Indore,Rajendra Nagar,"House 196, Rajendra Nagar Area, ke paas chai tapri, Rajendra Nagar, Indore",22.7315621654225,75.87815506953719,successful
ORD000829,Indore,AB Road,"Shop 147, Local Market, AB Road, Indore",22.717734208779017,75.87876884310876,delivered
ORD000830,Indore,AB Road,"108 First Road, ke paas chai tapri, AB Road, Indore",22.716029540722015,75.87401752385541,completed
ORD000831,Indore,New Palasia,"Room 106, Park Complex, behind big tree, New Palasia, Indore",22.721926967337918,75.87095474787868,completed
ORD000832,Indore,MG Road,"Flat 94, Garden Apartments, MG Road, Indore",22.72801691147907,75.87499521325906,completed
ORD000833,Indore,Rajendra Nagar,"Flat 91, Sunshine Apartments, ke peeche bada ped, Rajendra Nagar, Indore",22.73014902066327,75.88316993547177,delivered
ORD000834,Indore,Chhatripura,"House 198, Chhatripura Area, Chhatripura, Indore",22.715482033158207,75.86397512483254,completed
ORD000835,Indore,Vijay Nagar,"Shop 175, Main Market, Vijay Nagar, Indore",22.725361792290624,75.88031633297446,successful
ORD000836,Indore,Rajendra Nagar,"House 119, Rajendra Nagar Area, gali mein, Rajendra Nagar, Indore",22.73441685240504,75.88114211775189,delivered
ORD000837,Indore,Sudama Nagar,"Room 49, Star Complex, opposite mall, Sudama Nagar, Indore",22.711386401273572,75.86560570273757,successful
ORD000838,Indore,Annapurna,"House 130, Annapurna Area, tapri ke paas, Annapurna, Indore",22.72476984501984,75.86725468794612,completed
ORD000839,Indore,Rajendra Nagar,"152 Second Road, behind dukaan, Rajendra Nagar, Indore",22.73858256437391,75.88324938332491,delivered
ORD000840,Indore,Annapurna,"Room 149, Park Complex, behind big tree, Annapurna, Indore",22.727070110503945,75.86823982125492,successful
ORD000841,Indore,Palasia,"House 15, Palasia Area, Palasia, Indore",22.72915722825297,75.87239990173043,successful
ORD000842,Indore,Chhatripura,"71/19, Blue Society, behind big tree, Chhatripura, Indore",22.716676636229916,75.8653738156468,delivered
ORD000843,Indore,MG Road,"103 Fifth Road, near market, MG Road, Indore",22.722700882338838,75.86744613923221,successful
ORD000844,Indore,Rajendra Nagar,"Shop 178, Main Market, peeche dukaan, Rajendra Nagar, Indore",22.732270177518163,75.88394966830907,completed
ORD000845,Indore,Annapurna,"Shop 164, New Market, near chai tapri, Annapurna, Indore",22.728275710938718,75.86564136269043,completed
ORD000846,Indore,AB Road,"Shop 115, Main Market, AB Road, Indore",22.716455123205073,75.87124227593921,successful
ORD000847,Indore,Annapurna,"House 91, Annapurna Area, behind dukaan, Annapurna, Indore",22.73234538789287,75.86757840020177,delivered
ORD000848,Indore,AB Road,"Room 45, Sunshine Complex, behind hospital, AB Road, Indore",22.716242077760832,75.8785450847462,delivered
ORD000849,Indore,Sudama Nagar,"House 67, Sudama Nagar Area, Sudama Nagar, Indore",22.710009738226184,75.86507202020991,completed
ORD000850,Indore,Vijay Nagar,"Room 67, Garden Complex, opposite police station, Vijay Nagar, Indore",22.721418745108117,75.8825451758474,delivered
ORD000851,Indore,Vijay Nagar,"Room 92, Moonlight Complex, Vijay Nagar, Indore",22.72194236902667,75.88300192751247,successful
ORD000852,Indore,Annapurna,"Building 123, Annapurna, ke samne police station, Annapurna, Indore",22.724344456354864,75.86668739445541,completed
ORD000853,Indore,Vijay Nagar,"159/13, Green Society, tapri ke paas, Vijay Nagar, Indore",22.72444495050887,75.87914640201221,successful
ORD000854,Indore,MG Road,"51 Fourth Road, MG Road, Indore",22.72936236874907,75.86830010107035,delivered
ORD000855,Indore,Vijay Nagar,"Flat 124, Moonlight Apartments, dukaan ke piche, Vijay Nagar, Indore",22.72019982176408,75.87786889225363,successful
ORD000856,Indore,Palasia,"63/20, White Society, Palasia, Indore",22.72491700404553,75.87099095009448,delivered
ORD000857,Indore,Rajendra Nagar,"Shop 95, Local Market, samne school, Rajendra Nagar, Indore",22.730453948461452,75.88566185919885,completed
ORD000858,Indore,AB Road,"Room 154, Ocean Complex, ke paas chai tapri, AB Road, Indore",22.717823723895574,75.87428500256857,successful
ORD000859,Indore,Annapurna,"Room 8, Sunshine Complex, peeche dukaan, Annapurna, Indore",22.730212957285044,75.86626701726753,completed
ORD000860,Indore,Chhatripura,"Room 58, Park Complex, behind petrol pump, Chhatripura, Indore",22.71577548694706,75.86571000847343,completed
ORD000861,Indore,Sudama Nagar,"128/3, Silver Society, peeche dukaan, Sudama Nagar, Indore",22.712479323511445,75.86720369126866,successful
ORD000862,Indore,Palasia,"Building 61, Palasia, opposite mall, Palasia, Indore",22.722431131783978,75.87248783088866,completed
ORD000863,Indore,AB Road,"Building 84, AB Road, AB Road, Indore",22.71619236646154,75.87487409111677,delivered
ORD000864,Indore,Rajendra Nagar,"House 116, Rajendra Nagar Area, opposite mall, Rajendra Nagar, Indore",22.73004183461751,75.88739590449123,completed
ORD000865,Indore,AB Road,"Shop 196, Big Market, opposite mall, AB Road, Indore",22.71524218356059,75.87460489483911,completed
ORD000866,Indore,MG Road,"Room 137, Mountain Complex, gali mein, MG Road, Indore",22.728929777329988,75.86816046546366,successful
ORD000867,Indore,Vijay Nagar,"Room 7, Garden Complex, ke paas chai tapri, Vijay Nagar, Indore",22.725024731135747,75.87516365550196,completed
ORD000868,Indore,Sudama Nagar,"106/8, White Society, samne school, Sudama Nagar, Indore",22.712629944953882,75.86120469654132,successful
ORD000869,Indore,Chhatripura,"95 Main Road, Chhatripura, Indore",22.71546280209126,75.8677508683094,delivered
ORD000870,Indore,Vijay Nagar,"Shop 126, Main Market, opposite bank, Vijay Nagar, Indore",22.722356767247124,75.88108987671495,delivered
ORD000871,Indore,AB Road,"Shop 142, Big Market, ke paas chai tapri, AB Road, Indore",22.71735869757014,75.87881157221528,completed
ORD000872,Indore,Bengali Square,"28/19, Green Society, opposite school, Bengali Square, Indore",22.733427023215185,75.87848428306306,successful
ORD000873,Indore,Sudama Nagar,"House 74, Sudama Nagar Area, dukaan ke piche, Sudama Nagar, Indore",22.71497963953711,75.86028666967185,successful
ORD000874,Indore,Annapurna,"House 51, Annapurna Area, Annapurna, Indore",22.72652444440636,75.86149211428743,completed
ORD000875,Indore,Rajendra Nagar,"168/6, Silver Society, behind petrol pump, Rajendra Nagar, Indore",22.730905040449795,75.88632645602871,completed
ORD000876,Indore,Bengali Square,"143/11, Golden Society, ke peeche bada ped, Bengali Square, Indore",22.727715887961782,75.8730772928932,completed
ORD000877,Indore,Palasia,"Building 35, Palasia, Palasia, Indore",22.72470490108125,75.8692254549058,completed
ORD000878,Indore,AB Road,"Room 32, Star Complex, AB Road, Indore",22.72254394051095,75.87264403673824,delivered
ORD000879,Indore,Sudama Nagar,"Building 46, Sudama Nagar, behind hospital, Sudama Nagar, Indore",22.717227243424272,75.86707642285835,completed
ORD000880,Indore,Annapurna,"Building 61, Annapurna, ke peeche bada ped, Annapurna, Indore",22.729239310847298,75.86457624251166,completed
ORD000881,Indore,Sudama Nagar,"Room 146, River Complex, behind hospital, Sudama Nagar, Indore",22.71320463190111,75.86339785919122,completed
ORD000882,Indore,Chhatripura,"House 31, Chhatripura Area, Chhatripura, Indore",22.71098098142782,75.87173876391209,delivered
ORD000883,Indore,MG Road,"64 Third Road, MG Road, Indore",22.724351648605737,75.86797085222125,successful
ORD000884,Indore,Palasia,"Flat 75, Ocean Apartments, Palasia, Indore",22.72646867743449,75.8699917944768,delivered
ORD000885,Indore,Vijay Nagar,"48/20, Golden Society, Vijay Nagar, Indore",22.71863007990689,75.88337552186792,successful
ORD000886,Indore,Palasia,"House 144, Palasia Area, opposite bank, Palasia, Indore",22.729271514469016,75.87659451433395,successful
ORD000887,Indore,New Palasia,"Building 19, New Palasia, paas mandir, New Palasia, Indore",22.722963733918387,75.86421425241177,completed
ORD000888,Indore,Sudama Nagar,"House 8, Sudama Nagar Area, ke peeche bada ped, Sudama Nagar, Indore",22.711019326513036,75.8658917851878,delivered
ORD000889,Indore,MG Road,"Building 7, MG Road, behind big tree, MG Road, Indore",22.725766805279232,75.87377941979933,successful
ORD000890,Indore,New Palasia,"Building 30, New Palasia, New Palasia, Indore",22.722702693820512,75.86916134593127,delivered
ORD000891,Indore,AB Road,"House 149, AB Road Area, opposite school, AB Road, Indore",22.719892933154526,75.87197342822209,successful
ORD000892,Indore,Palasia,"House 125, Palasia Area, Palasia, Indore",22.72345024323775,75.87775836629697,delivered
ORD000893,Indore,AB Road,"House 17, AB Road Area, near chai tapri, AB Road, Indore",22.715339838768923,75.87659231774539,completed
ORD000894,Indore,Annapurna,"Shop 52, Central Market, Annapurna, Indore",22.733270465583676,75.8628377598148,delivered
ORD000895,Indore,Rajendra Nagar,"113 Third Road, Rajendra Nagar, Indore",22.737629523210035,75.88434166615184,successful
ORD000896,Indore,Chhatripura,"12/2, Golden Society, paas mandir, Chhatripura, Indore",22.70921736451464,75.87076178790555,delivered
ORD000897,Indore,AB Road,"131/19, White Society, opposite bank, AB Road, Indore",22.720608065455565,75.87897245595083,successful
ORD000898,Indore,Annapurna,"Shop 23, Big Market, samne school, Annapurna, Indore",22.726308072467386,75.86118992966801,successful
ORD000899,Indore,Palasia,"Room 26, Park Complex, Palasia, Indore",22.729073324998506,75.87381705286506,delivered
ORD000900,Indore,Bengali Square,"Building 12, Bengali Square, behind dukaan, Bengali Square, Indore",22.73196415499127,75.8761308351619,delivered
ORD000901,Indore,Annapurna,"Building 192, Annapurna, near market, Annapurna, Indore",22.732154608251662,75.86589136198756,delivered
ORD000902,Indore,Palasia,"53/12, Red Society, near temple, Palasia, Indore",22.72755811475944,75.86824047803576,delivered
ORD000903,Indore,AB Road,"176 Third Road, near bus stop, AB Road, Indore",22.71591394319491,75.86994036728106,successful
ORD000904,Indore,MG Road,"189/2, Green Society, paas mandir, MG Road, Indore",22.727827660446785,75.86911145774062,delivered
ORD000905,Indore,Sudama Nagar,"165/3, Red Society, near temple, Sudama Nagar, Indore",22.712046388072537,75.86030120750947,completed
ORD000906,Indore,Rajendra Nagar,"Room 39, River Complex, opposite school, Rajendra Nagar, Indore",22.730652737847233,75.88129652199025,completed
ORD000907,Indore,New Palasia,"193/5, Red Society, near bus stop, New Palasia, Indore",22.71983919152385,75.86570385456079,completed
ORD000908,Indore,Annapurna,"House 150, Annapurna Area, behind dukaan, Annapurna, Indore",22.725509932894425,75.86146343029961,successful
ORD000909,Indore,Chhatripura,"Shop 179, Old Market, paas mandir, Chhatripura, Indore",22.709483749449813,75.8694955398313,completed
ORD000910,Indore,MG Road,"183 Fifth Road, opposite school, MG Road, Indore",22.725799197595094,75.86591510960287,delivered
ORD000911,Indore,New Palasia,"House 167, New Palasia Area, peeche dukaan, New Palasia, Indore",22.720715831754298,75.87258144338564,delivered
ORD000912,Indore,Palasia,"Flat 129, Star Apartments, near chai tapri, Palasia, Indore",22.727346270158687,75.87302920257432,delivered
ORD000913,Indore,Bengali Square,"Flat 147, River Apartments, opposite school, Bengali Square, Indore",22.733602154008928,75.8733890347705,delivered
ORD000914,Indore,New Palasia,"42 Fifth Road, New Palasia, Indore",22.723129797846873,75.87265611235267,delivered
ORD000915,Indore,Palasia,"104/5, Red Society, ke samne police station, Palasia, Indore",22.72649083352107,75.87779342660514,completed
ORD000916,Indore,Vijay Nagar,"Flat 182, Sunshine Apartments, behind big tree, Vijay Nagar, Indore",22.717045075457406,75.8799345994205,successful
ORD000917,Indore,Sudama Nagar,"Shop 54, Old Market, opposite police station, Sudama Nagar, Indore",22.718736748250702,75.86181833293564,successful
ORD000918,Indore,MG Road,"Building 69, MG Road, opposite school, MG Road, Indore",22.72178272886024,75.87005186091972,completed
ORD000919,Indore,Palasia,"164 Third Road, near market, Palasia, Indore",22.728258077525325,75.87609779667098,successful
ORD000920,Indore,AB Road,"79/5, Silver Society, behind dukaan, AB Road, Indore",22.723540840206876,75.87339527859868,delivered
ORD000921,Indore,New Palasia,"House 133, New Palasia Area, New Palasia, Indore",22.727574463046544,75.86866436262493,completed
ORD000922,Indore,Bengali Square,"Building 57, Bengali Square, behind hospital, Bengali Square, Indore",22.73294537819605,75.87898772547473,successful
ORD000923,Indore,AB Road,"Room 47, Moonlight Complex, near temple, AB Road, Indore",22.717737771267515,75.87397080285226,successful
ORD000924,Indore,New Palasia,"13/12, Blue Society, New Palasia, Indore",22.722298097710325,75.87147244742806,delivered
ORD000925,Indore,Sudama Nagar,"Flat 44, River Apartments, Sudama Nagar, Indore",22.713650663716095,75.85967167218958,delivered
ORD000926,Indore,Chhatripura,"19/9, Blue Society, behind hospital, Chhatripura, Indore",22.712375969063064,75.87125727369137,delivered
ORD000927,Indore,Vijay Nagar,"144/14, Red Society, Vijay Nagar, Indore",22.724897925300215,75.88376153808001,successful
ORD000928,Indore,Chhatripura,"154/2, Red Society, near temple, Chhatripura, Indore",22.7102618837611,75.87030320588644,successful
ORD000929,Indore,Palasia,"185 Second Road, dukaan ke piche, Palasia, Indore",22.720088618559615,75.87664169746823,delivered
ORD000930,Indore,Chhatripura,"Building 63, Chhatripura, gali mein, Chhatripura, Indore",22.716517070849893,75.8656356578212,completed
ORD000931,Indore,AB Road,"48 Third Road, AB Road, Indore",22.71473183992877,75.8795348133452,successful
ORD000932,Indore,Annapurna,"16/19, Silver Society, paas mandir, Annapurna, Indore",22.7273777717354,75.86267381835793,completed
ORD000933,Indore,New Palasia,"102/11, Red Society, near market, New Palasia, Indore",22.726763928738443,75.8640267295467,successful
ORD000934,Indore,Vijay Nagar,"Flat 25, Mountain Apartments, behind petrol pump, Vijay Nagar, Indore",22.71936762190998,75.8760672107256,delivered
ORD000935,Indore,Chhatripura,"Building 167, Chhatripura, Chhatripura, Indore",22.71263929007325,75.87023637486331,delivered
ORD000936,Indore,Bengali Square,"Building 29, Bengali Square, ke peeche bada ped, Bengali Square, Indore",22.731913455945495,75.87247158333317,successful
ORD000937,Indore,Bengali Square,"Room 48, Park Complex, behind petrol pump, Bengali Square, Indore",22.731876917907517,75.87984337755248,delivered
ORD000938,Indore,Palasia,"Building 113, Palasia, dukaan ke piche, Palasia, Indore",22.719641061183406,75.87755004514933,completed
ORD000939,Indore,New Palasia,"Room 100, Sunshine Complex, New Palasia, Indore",22.71866264607985,75.87005851328684,successful
ORD000940,Indore,Vijay Nagar,"Room 122, Mountain Complex, near temple, Vijay Nagar, Indore",22.72138620896316,75.88014394336717,successful
ORD000941,Indore,Vijay Nagar,"29/9, Silver Society, Vijay Nagar, Indore",22.723380288600513,75.87580820762544,delivered
ORD000942,Indore,Chhatripura,"House 51, Chhatripura Area, Chhatripura, Indore",22.71676155530309,75.8711264185387,successful
ORD000943,Indore,Vijay Nagar,"House 31, Vijay Nagar Area, Vijay Nagar, Indore",22.719499287681263,75.88320909573551,completed
ORD000944,Indore,Bengali Square,"Shop 1, New Market, tapri ke paas, Bengali Square, Indore",22.733298340765174,75.87982610592583,successful
ORD000945,Indore,AB Road,"House 17, AB Road Area, behind big tree, AB Road, Indore",22.71984633270609,75.8701365831232,successful
ORD000946,Indore,Annapurna,"103/15, Golden Society, gali mein, Annapurna, Indore",22.731400405407868,75.86760696087583,completed
ORD000947,Indore,Annapurna,"House 152, Annapurna Area, peeche dukaan, Annapurna, Indore",22.72704084228184,75.8622783697313,successful
ORD000948,Indore,AB Road,"Room 58, Garden Complex, samne school, AB Road, Indore",22.719799521930458,75.87714179588039,delivered
ORD000949,Indore,New Palasia,"1/4, Golden Society, New Palasia, Indore",22.72225549836643,75.86964092850484,completed
ORD000950,Indore,Palasia,"Room 108, Garden Complex, opposite police station, Palasia, Indore",22.720827228514054,75.87085845887181,delivered
ORD000951,Indore,Sudama Nagar,"56 Main Road, ke paas chai tapri, Sudama Nagar, Indore",22.714512953031196,75.86788883540625,successful
ORD000952,Indore,MG Road,"47 Main Road, paas mandir, MG Road, Indore",22.73018494889424,75.86640774270231,delivered
ORD000953,Indore,AB Road,"64/6, Green Society, near bus stop, AB Road, Indore",22.722826974813792,75.87144490619964,completed
ORD000954,Indore,Vijay Nagar,"House 68, Vijay Nagar Area, tapri ke paas, Vijay Nagar, Indore",22.724454298110576,75.87792686538519,completed
ORD000955,Indore,Bengali Square,"Flat 129, Sunshine Apartments, ke samne police station, Bengali Square, Indore",22.72992935196747,75.88085382557071,delivered
ORD000956,Indore,Palasia,"Room 10, Park Complex, Palasia, Indore",22.723100953467057,75.87611251456414,successful
ORD000957,Indore,Chhatripura,"Flat 96, River Apartments, behind hospital, Chhatripura, Indore",22.714595357938027,75.86656156565978,delivered
ORD000958,Indore,MG Road,"Flat 56, Sunshine Apartments, tapri ke paas, MG Road, Indore",22.722884713561527,75.87136167466785,successful
ORD000959,Indore,MG Road,"Flat 60, Mountain Apartments, tapri ke paas, MG Road, Indore",22.723285383186106,75.86994161430029,successful
ORD000960,Indore,Palasia,"161/11, Red Society, ke peeche bada ped, Palasia, Indore",22.722088262269736,75.87319943109904,completed
ORD000961,Indore,Rajendra Nagar,"Shop 40, Main Market, Rajendra Nagar, Indore",22.734296169912,75.88041694197717,delivered
ORD000962,Indore,Vijay Nagar,"Shop 91, Local Market, opposite bank, Vijay Nagar, Indore",22.7232881370841,75.87548441244442,completed
ORD000963,Indore,New Palasia,"Flat 181, Park Apartments, tapri ke paas, New Palasia, Indore",22.724664742552555,75.864972028154,completed
ORD000964,Indore,MG Road,"12/4, Red Society, behind hospital, MG Road, Indore",22.731223692084917,75.8675506703436,delivered
ORD000965,Indore,Chhatripura,"Building 98, Chhatripura, Chhatripura, Indore",22.70824060623583,75.86541049226484,completed
ORD000966,Indore,MG Road,"7 First Road, MG Road, Indore",22.72629074566805,75.87165123211912,successful
ORD000967,Indore,MG Road,"156/18, White Society, ke samne police station, MG Road, Indore",22.72608109288097,75.8714635359176,successful
ORD000968,Indore,AB Road,"57/8, Green Society, paas mandir, AB Road, Indore",22.71709355780974,75.87126392955366,delivered
ORD000969,Indore,New Palasia,"House 17, New Palasia Area, New Palasia, Indore",22.719253042085615,75.86598813112923,completed
ORD000970,Indore,Vijay Nagar,"Shop 90, Main Market, opposite school, Vijay Nagar, Indore",22.723782833920914,75.87841013827786,successful
ORD000971,Indore,Sudama Nagar,"40/5, Red Society, opposite police station, Sudama Nagar, Indore",22.714992950392364,75.85868687129299,delivered
ORD000972,Indore,MG Road,"162/1, Golden Society, near chai tapri, MG Road, Indore",22.72342917486175,75.87125234702147,completed
ORD000973,Indore,Palasia,"94 Fifth Road, Palasia, Indore",22.72591653191193,75.87574825309717,successful
ORD000974,Indore,Annapurna,"Building 169, Annapurna, Annapurna, Indore",22.729842681727536,75.86338584130729,completed
ORD000975,Indore,Palasia,"Building 165, Palasia, near chai tapri, Palasia, Indore",22.725928034938338,75.87065091634271,completed
ORD000976,Indore,MG Road,"Building 154, MG Road, MG Road, Indore",22.727556058166844,75.86853771630452,successful
ORD000977,Indore,New Palasia,"Flat 41, Star Apartments, samne school, New Palasia, Indore",22.718368187035683,75.86647471554201,delivered
ORD000978,Indore,Palasia,"Shop 128, Local Market, Palasia, Indore",22.727719370941905,75.87451547156893,completed
ORD000979,Indore,Sudama Nagar,"House 49, Sudama Nagar Area, opposite school, Sudama Nagar, Indore",22.716410521202064,75.86601525268513,completed
ORD000980,Indore,Rajendra Nagar,"Room 200, Garden Complex, Rajendra Nagar, Indore",22.733135208386773,75.88372769427875,completed
ORD000981,Indore,Vijay Nagar,"Building 184, Vijay Nagar, gali mein, Vijay Nagar, Indore",22.725583391353172,75.88175711219199,delivered
ORD000982,Indore,Annapurna,"Shop 131, Main Market, tapri ke paas, Annapurna, Indore",22.729846718071173,75.86104836352298,successful
ORD000983,Indore,Vijay Nagar,"Flat 7, Park Apartments, opposite school, Vijay Nagar, Indore",22.716320201966017,75.87571880717816,completed
ORD000984,Indore,Chhatripura,"Shop 158, Big Market, opposite bank, Chhatripura, Indore",22.71216225241379,75.8722779241528,completed
ORD000985,Indore,AB Road,"Flat 22, Park Apartments, AB Road, Indore",22.718658375029754,75.8702808982826,delivered
ORD000986,Indore,MG Road,"House 69, MG Road Area, samne school, MG Road, Indore",22.7218869398112,75.87526046158533,successful
ORD000987,Indore,Bengali Square,"146 Fifth Road, dukaan ke piche, Bengali Square, Indore",22.7275288281237,75.87885558345138,delivered
ORD000988,Indore,Annapurna,"House 112, Annapurna Area, ke peeche bada ped, Annapurna, Indore",22.7245197011691,75.86543956742652,successful
ORD000989,Indore,MG Road,"122 Main Road, MG Road, Indore",22.722329123677493,75.87376255309286,successful
ORD000990,Indore,Bengali Square,"105/13, Silver Society, Bengali Square, Indore",22.73361082480686,75.87202452326918,completed
ORD000991,Indore,Sudama Nagar,"Building 36, Sudama Nagar, ke samne police station, Sudama Nagar, Indore",22.713279378302428,75.86472575235108,delivered
ORD000992,Indore,Vijay Nagar,"Flat 6, Moonlight Apartments, opposite bank, Vijay Nagar, Indore",22.72108288922556,75.87771606230358,completed
ORD000993,Indore,Chhatripura,"Shop 41, Main Market, ke paas chai tapri, Chhatripura, Indore",22.709758919728504,75.87202562192137,successful
ORD000994,Indore,Palasia,"Flat 44, Ocean Apartments, behind hospital, Palasia, Indore",22.72850364954558,75.87159370757108,completed
ORD000995,Indore,Rajendra Nagar,"164/13, Blue Society, Rajendra Nagar, Indore",22.732155598836574,75.88497546792274,delivered
ORD000996,Indore,New Palasia,"13 Main Road, opposite mall, New Palasia, Indore",22.722116513661685,75.86559043864655,delivered
ORD000997,Indore,Annapurna,"House 77, Annapurna Area, behind petrol pump, Annapurna, Indore",22.728614683331962,75.86079624483611,successful
ORD000998,Indore,AB Road,"104/9, Silver Society, behind big tree, AB Road, Indore",22.723101027138153,75.87780995977329,successful
ORD000999,Indore,Vijay Nagar,"House 154, Vijay Nagar Area, dukaan ke piche, Vijay Nagar, Indore",22.720737775041748,75.88130612508591,delivered
ORD001000,Indore,Chhatripura,"Flat 157, Moonlight Apartments, near bus stop, Chhatripura, Indore",22.712369690123555,75.86833588596977,delivered
ORD001001,Indore,Rajendra Nagar,"Room 43, Ocean Complex, peeche dukaan, Rajendra Nagar, Indore",22.738681166334143,75.88362715153359,completed
ORD001002,Indore,Chhatripura,"Building 62, Chhatripura, Chhatripura, Indore",22.711479666491726,75.87087705843854,successful
ORD001003,Indore,Palasia,"120/13, Silver Society, tapri ke paas, Palasia, Indore",22.722482900879587,75.87569230973575,successful
ORD001004,Indore,Bengali Square,"Building 200, Bengali Square, Bengali Square, Indore",22.725613813825156,75.8791062163829,successful
ORD001005,Indore,Palasia,"129/15, Green Society, opposite school, Palasia, Indore",22.72730633748939,75.8710266576105,delivered
ORD001006,Indore,AB Road,"Room 140, River Complex, AB Road, Indore",22.715783312407954,75.87678642553867,completed
ORD001007,Indore,MG Road,"4/20, Red Society, opposite school, MG Road, Indore",22.730500534703488,75.87162067551985,delivered
ORD001008,Indore,AB Road,"173/2, Blue Society, AB Road, Indore",22.721169023493633,75.87788124862838,delivered
ORD001009,Indore,Bengali Square,"Shop 120, Old Market, ke peeche bada ped, Bengali Square, Indore",22.726063384411923,75.87740167267995,successful
ORD001010,Indore,Sudama Nagar,"197 Fifth Road, opposite bank, Sudama Nagar, Indore",22.71213627846385,75.8649660226348,completed
ORD001011,Indore,MG Road,"Room 198, Ocean Complex, near bus stop, MG Road, Indore",22.72542112925311,75.86796373204712,delivered
ORD001012,Indore,New Palasia,"Building 89, New Palasia, gali mein, New Palasia, Indore",22.72422866339346,75.8705013030952,delivered
ORD001013,Indore,Sudama Nagar,"Flat 10, Sunshine Apartments, near temple, Sudama Nagar, Indore",22.715697525132732,75.86551015348815,successful
ORD001014,Indore,MG Road,"House 75, MG Road Area, near temple, MG Road, Indore",22.730271828873903,75.87204175417571,delivered
ORD001015,Indore,Chhatripura,"Flat 177, Ocean Apartments, near market, Chhatripura, Indore",22.71500067525471,75.86534850232157,completed
ORD001016,Indore,Chhatripura,"Flat 23, Garden Apartments, Chhatripura, Indore",22.710396939207573,75.86961848945727,completed
ORD001017,Indore,Vijay Nagar,"Shop 178, Big Market, Vijay Nagar, Indore",22.71854975808637,75.88093989043593,successful
ORD001018,Indore,New Palasia,"16 Fifth Road, opposite bank, New Palasia, Indore",22.724622420812718,75.87090860785554,delivered
ORD001019,Indore,Sudama Nagar,"House 163, Sudama Nagar Area, near temple, Sudama Nagar, Indore",22.71431669750879,75.86410452082995,successful
ORD001020,Indore,MG Road,"139 Fourth Road, MG Road, Indore",22.722624028399952,75.87554290754765,completed
ORD001021,Indore,Chhatripura,"Room 42, Moonlight Complex, Chhatripura, Indore",22.71426143030509,75.87303568161168,successful
ORD001022,Indore,AB Road,"Room 32, Garden Complex, AB Road, Indore",22.72174795370642,75.8706710349514,successful
ORD001023,Indore,MG Road,"48/10, Blue Society, MG Road, Indore",22.7219353960045,75.87464308609974,delivered
ORD001024,Indore,Chhatripura,"Building 14, Chhatripura, behind petrol pump, Chhatripura, Indore",22.70788493674149,75.87327259951812,successful
ORD001025,Indore,Annapurna,"125/12, Golden Society, ke paas chai tapri, Annapurna, Indore",22.723940731326703,75.86782407835874,delivered
ORD001026,Indore,MG Road,"Building 34, MG Road, MG Road, Indore",22.725450805844407,75.87133970441762,delivered
ORD001027,Indore,Chhatripura,"Building 191, Chhatripura, peeche dukaan, Chhatripura, Indore",22.717033383834018,75.87120703503042,delivered
ORD001028,Indore,Annapurna,"Room 145, Ocean Complex, Annapurna, Indore",22.731594545816233,75.86283657320332,delivered
ORD001029,Indore,Bengali Square,"Flat 48, Mountain Apartments, Bengali Square, Indore",22.732815714502195,75.88053666292436,delivered
ORD001030,Indore,Annapurna,"Building 76, Annapurna, behind hospital, Annapurna, Indore",22.724780025340742,75.86030785722943,delivered
ORD001031,Indore,MG Road,"Shop 109, Central Market, dukaan ke piche, MG Road, Indore",22.723320380900006,75.86837826741419,completed
ORD001032,Indore,AB Road,"Room 173, Ocean Complex, near market, AB Road, Indore",22.723007588897335,75.87641310824372,completed
ORD001033,Indore,Sudama Nagar,"Room 34, Ocean Complex, near chai tapri, Sudama Nagar, Indore",22.70970226790875,75.85801981454892,successful
ORD001034,Indore,AB Road,"Flat 183, Moonlight Apartments, opposite police station, AB Road, Indore",22.72125968521905,75.87258664451208,completed
ORD001035,Indore,AB Road,"165/1, Green Society, tapri ke paas, AB Road, Indore",22.719590065254586,75.87557826161132,delivered
ORD001036,Indore,Chhatripura,"House 182, Chhatripura Area, dukaan ke piche, Chhatripura, Indore",22.709805996268962,75.86474020149382,delivered
ORD001037,Indore,Annapurna,"Flat 153, Mountain Apartments, near market, Annapurna, Indore",22.72404723170703,75.86802872498978,successful
ORD001038,Indore,AB Road,"130/15, Red Society, ke peeche bada ped, AB Road, Indore",22.717252361456225,75.87970271901905,successful
ORD001039,Indore,New Palasia,"Building 154, New Palasia, New Palasia, Indore",22.71766521290345,75.87119879073408,delivered
ORD001040,Indore,MG Road,"House 60, MG Road Area, behind big tree, MG Road, Indore",22.730367980742354,75.87568251607003,delivered
ORD001041,Indore,Palasia,"House 97, Palasia Area, opposite school, Palasia, Indore",22.729469479858814,75.87599248532793,completed
ORD001042,Indore,Bengali Square,"Flat 103, Sunshine Apartments, samne school, Bengali Square, Indore",22.72620300078293,75.88137204983089,delivered
ORD001043,Indore,Vijay Nagar,"Flat 81, Ocean Apartments, near bus stop, Vijay Nagar, Indore",22.721558634233922,75.87571215647434,completed
ORD001044,Indore,New Palasia,"Shop 81, Local Market, behind big tree, New Palasia, Indore",22.727443374306176,75.86859630931448,delivered
ORD001045,Indore,AB Road,"150 Fifth Road, opposite mall, AB Road, Indore",22.718960494739704,75.8705593646233,delivered
ORD001046,Indore,Sudama Nagar,"Shop 57, Local Market, ke peeche bada ped, Sudama Nagar, Indore",22.714258981238682,75.8614149554318,completed
ORD001047,Indore,Rajendra Nagar,"Room 122, River Complex, opposite police station, Rajendra Nagar, Indore",22.732690768997507,75.88422184779186,successful
ORD001048,Indore,Annapurna,"148 Fourth Road, near bus stop, Annapurna, Indore",22.7321348237332,75.86179318499133,delivered
ORD001049,Indore,New Palasia,"Building 65, New Palasia, ke peeche bada ped, New Palasia, Indore",22.71975168930493,75.87198766696186,delivered
ORD001050,Indore,New Palasia,"53 First Road, near bus stop, New Palasia, Indore",22.727128242097663,75.867146932469,completed
ORD001051,Indore,AB Road,"Room 82, River Complex, AB Road, Indore",22.720661189106117,75.87049353967315,successful
ORD001052,Indore,AB Road,"Flat 112, Star Apartments, behind hospital, AB Road, Indore",22.723354518622287,75.87449481156077,delivered
ORD001053,Indore,New Palasia,"43/13, White Society, behind hospital, New Palasia, Indore",22.72433725698792,75.87305121662581,successful
ORD001054,Indore,Sudama Nagar,"Shop 61, Main Market, ke paas chai tapri, Sudama Nagar, Indore",22.70979181715439,75.86105958351678,delivered
ORD001055,Indore,Vijay Nagar,"Shop 69, New Market, opposite police station, Vijay Nagar, Indore",22.718338748971597,75.87679546125945,completed
ORD001056,Indore,Bengali Square,"Flat 143, Garden Apartments, opposite school, Bengali Square, Indore",22.731521868886528,75.88045966692981,completed
ORD001057,Indore,Chhatripura,"Flat 190, River Apartments, Chhatripura, Indore",22.708677029531543,75.87121886212545,completed
ORD001058,Indore,Vijay Nagar,"House 154, Vijay Nagar Area, Vijay Nagar, Indore",22.719177680004414,75.87550577780321,successful
ORD001059,Indore,Chhatripura,"Room 160, Sunshine Complex, Chhatripura, Indore",22.711692617108927,75.87339716330148,delivered
ORD001060,Indore,Bengali Square,"Building 23, Bengali Square, Bengali Square, Indore",22.731002126750084,75.8800158139762,completed
ORD001061,Indore,Rajendra Nagar,"Shop 68, New Market, Rajendra Nagar, Indore",22.73041861456513,75.88350272095352,successful
ORD001062,Indore,Palasia,"Room 67, Star Complex, Palasia, Indore",22.725377070620493,75.87642089268186,successful
ORD001063,Indore,Vijay Nagar,"193/9, Red Society, Vijay Nagar, Indore",22.723173434358376,75.88027498252947,delivered
ORD001064,Indore,Annapurna,"Room 97, Park Complex, ke peeche bada ped, Annapurna, Indore",22.733524783942116,75.86772467736728,successful
ORD001065,Indore,Sudama Nagar,"Flat 41, Moonlight Apartments, near chai tapri, Sudama Nagar, Indore",22.71954118877823,75.86130516057823,completed
ORD001066,Indore,New Palasia,"Shop 28, Local Market, New Palasia, Indore",22.719503124604152,75.86543312848234,delivered
ORD001067,Indore,Rajendra Nagar,"House 7, Rajendra Nagar Area, behind petrol pump, Rajendra Nagar, Indore",22.73093827215498,75.8861470537097,delivered
ORD001068,Indore,Annapurna,"Shop 160, Big Market, near market, Annapurna, Indore",22.728584573315445,75.86251870760071,delivered
ORD001069,Indore,Palasia,"95/11, Red Society, near temple, Palasia, Indore",22.72446596237379,75.86949223941426,delivered
ORD001070,Indore,Rajendra Nagar,"Room 27, Ocean Complex, Rajendra Nagar, Indore",22.73470300536837,75.88682392929923,successful
ORD001071,Indore,Chhatripura,"Shop 76, New Market, samne school, Chhatripura, Indore",22.710637522423294,75.8698337594654,successful
ORD001072,Indore,Bengali Square,"Shop 41, Central Market, paas mandir, Bengali Square, Indore",22.73087721232527,75.88043713234222,successful
ORD001073,Indore,Vijay Nagar,"Shop 97, Old Market, ke paas chai tapri, Vijay Nagar, Indore",22.724965447215677,75.8811854351726,delivered
ORD001074,Indore,Annapurna,"House 145, Annapurna Area, near temple, Annapurna, Indore",22.7332873036122,75.8661800614748,completed
ORD001075,Indore,MG Road,"House 91, MG Road Area, samne school, MG Road, Indore",22.728513436831264,75.87343153454188,successful
ORD001076,Indore,Rajendra Nagar,"Building 60, Rajendra Nagar, ke samne police station, Rajendra Nagar, Indore",22.736065489185606,75.88685452333269,completed
ORD001077,Indore,MG Road,"Room 113, Mountain Complex, near market, MG Road, Indore",22.729400750024833,75.86904891762944,completed
ORD001078,Indore,Chhatripura,"Building 106, Chhatripura, opposite mall, Chhatripura, Indore",22.712956072816663,75.8667908838171,delivered
ORD001079,Indore,New Palasia,"Room 22, River Complex, ke paas chai tapri, New Palasia, Indore",22.721453552682775,75.86852638521513,delivered
ORD001080,Indore,Palasia,"House 196, Palasia Area, Palasia, Indore",22.729262729875998,75.87491162022194,delivered
ORD001081,Indore,Chhatripura,"187/9, Golden Society, ke samne police station, Chhatripura, Indore",22.713877725237854,75.86923657822354,completed
ORD001082,Indore,Chhatripura,"Room 24, Moonlight Complex, paas mandir, Chhatripura, Indore",22.710844713668838,75.86797272374817,completed
ORD001083,Indore,Sudama Nagar,"160/1, Red Society, Sudama Nagar, Indore",22.716157910039264,75.86028509399374,delivered
ORD001084,Indore,Sudama Nagar,"House 147, Sudama Nagar Area, dukaan ke piche, Sudama Nagar, Indore",22.713034873508974,75.86232033836946,successful
ORD001085,Indore,Annapurna,"Room 42, Ocean Complex, ke samne police station, Annapurna, Indore",22.732192853256453,75.86539792216539,completed
ORD001086,Indore,Chhatripura,"Shop 100, Big Market, opposite mall, Chhatripura, Indore",22.710843136085725,75.8718881103698,completed
ORD001087,Indore,Palasia,"Room 198, Park Complex, behind hospital, Palasia, Indore",22.726620816739405,75.871940330641,delivered
ORD001088,Indore,AB Road,"Shop 139, Central Market, opposite police station, AB Road, Indore",22.716551591558062,75.87553819922293,completed
ORD001089,Indore,AB Road,"Flat 40, Park Apartments, dukaan ke piche, AB Road, Indore",22.720357602069498,75.87325891603362,successful
ORD001090,Indore,Palasia,"Flat 128, Ocean Apartments, Palasia, Indore",22.71982345224494,75.87083802372285,successful
ORD001091,Indore,MG Road,"117 Main Road, near market, MG Road, Indore",22.72513549392702,75.87384236372588,delivered
ORD001092,Indore,Annapurna,"Flat 90, Garden Apartments, paas mandir, Annapurna, Indore",22.73011091404482,75.86602617964155,successful
ORD001093,Indore,Palasia,"Building 33, Palasia, peeche dukaan, Palasia, Indore",22.726563296949564,75.87084738778802,delivered
ORD001094,Indore,Vijay Nagar,"198/13, Golden Society, near temple, Vijay Nagar, Indore",22.715963759830718,75.88103991657435,delivered
ORD001095,Indore,Chhatripura,"170/10, Golden Society, behind hospital, Chhatripura, Indore",22.7106864932706,75.87175672127708,successful
ORD001096,Indore,MG Road,"Shop 190, Local Market, opposite police station, MG Road, Indore",22.728148200754415,75.87204177496373,delivered
ORD001097,Indore,Bengali Square,"Shop 34, Old Market, near market, Bengali Square, Indore",22.7345902596942,75.87697036203248,delivered
ORD001098,Indore,Palasia,"Room 60, Star Complex, Palasia, Indore",22.72404113856826,75.87662706447406,successful
ORD001099,Indore,Sudama Nagar,"Room 159, Mountain Complex, dukaan ke piche, Sudama Nagar, Indore",22.715081397300914,75.865901441073,successful
ORD001100,Indore,Bengali Square,"Building 159, Bengali Square, dukaan ke piche, Bengali Square, Indore",22.726541834090014,75.88126002999729,successful
ORD001101,Indore,Rajendra Nagar,"40 Third Road, behind dukaan, Rajendra Nagar, Indore",22.733616865231568,75.88692771629276,delivered
ORD001102,Indore,Sudama Nagar,"House 126, Sudama Nagar Area, dukaan ke piche, Sudama Nagar, Indore",22.709810826327026,75.85890562977916,successful
ORD001103,Indore,AB Road,"181 Main Road, behind big tree, AB Road, Indore",22.71714613087716,75.87353133407326,completed
ORD001104,Indore,New Palasia,"Shop 195, Main Market, near market, New Palasia, Indore",22.718869851859886,75.8675333986251,successful
ORD001105,Indore,Palasia,"Building 86, Palasia, Palasia, Indore",22.72159591453644,75.8757864736876,delivered
ORD001106,Indore,New Palasia,"Flat 172, Star Apartments, opposite police station, New Palasia, Indore",22.72378724457616,75.87106484331109,successful
ORD001107,Indore,MG Road,"Shop 31, Big Market, peeche dukaan, MG Road, Indore",22.723276840556718,75.87467796844093,successful
ORD001108,Indore,Rajendra Nagar,"House 16, Rajendra Nagar Area, near bus stop, Rajendra Nagar, Indore",22.733351144375053,75.88137490388186,delivered
ORD001109,Indore,AB Road,"Flat 123, River Apartments, AB Road, Indore",22.715789321522045,75.87646178043437,completed
ORD001110,Indore,Sudama Nagar,"Shop 87, New Market, Sudama Nagar, Indore",22.71771232571036,75.85988169091026,completed
ORD001111,Indore,Sudama Nagar,"House 114, Sudama Nagar Area, Sudama Nagar, Indore",22.71374120771912,75.86347837583108,successful
ORD001112,Indore,AB Road,"Shop 58, Main Market, behind big tree, AB Road, Indore",22.71856925962132,75.87688340653509,delivered
ORD001113,Indore,AB Road,"House 191, AB Road Area, near chai tapri, AB Road, Indore",22.71628646324448,75.87167198921358,successful
ORD001114,Indore,Rajendra Nagar,"160 Second Road, near bus stop, Rajendra Nagar, Indore",22.73954299534707,75.88524633896202,completed
ORD001115,Indore,Annapurna,"House 156, Annapurna Area, behind big tree, Annapurna, Indore",22.72442222181647,75.86440763264007,delivered
ORD001116,Indore,Bengali Square,"Building 132, Bengali Square, Bengali Square, Indore",22.73131174652028,75.87814286961073,completed
ORD001117,Indore,New Palasia,"Flat 28, Garden Apartments, peeche dukaan, New Palasia, Indore",22.726066972550974,75.8731425620978,successful
ORD001118,Indore,MG Road,"105/17, Green Society, samne school, MG Road, Indore",22.7254726209692,75.8711832517845,completed
ORD001119,Indore,New Palasia,"45 Second Road, near market, New Palasia, Indore",22.722744657781803,75.87308058734166,delivered
ORD001120,Indore,Annapurna,"Building 176, Annapurna, opposite police station, Annapurna, Indore",22.730789789611045,75.86933158359612,completed
ORD001121,Indore,New Palasia,"House 133, New Palasia Area, peeche dukaan, New Palasia, Indore",22.722233751985605,75.87231270769918,completed
ORD001122,Indore,Annapurna,"Shop 34, Main Market, peeche dukaan, Annapurna, Indore",22.723622973166993,75.86173483019559,delivered
ORD001123,Indore,Bengali Square,"Shop 119, Big Market, peeche dukaan, Bengali Square, Indore",22.732893993341246,75.87809115372376,delivered
ORD001124,Indore,Chhatripura,"House 5, Chhatripura Area, Chhatripura, Indore",22.70790338271687,75.87198345586509,completed
ORD001125,Indore,AB Road,"Building 123, AB Road, near market, AB Road, Indore",22.719866547834453,75.86994695430937,delivered
ORD001126,Indore,Palasia,"House 110, Palasia Area, opposite school, Palasia, Indore",22.725672568350216,75.87561345775907,completed
ORD001127,Indore,Vijay Nagar,"Building 72, Vijay Nagar, samne school, Vijay Nagar, Indore",22.720432427023823,75.8823866483009,completed
ORD001128,Indore,MG Road,"Shop 91, Old Market, behind big tree, MG Road, Indore",22.723330409807442,75.8693317296388,completed
ORD001129,Indore,Sudama Nagar,"Room 106, Moonlight Complex, Sudama Nagar, Indore",22.71944382535849,75.86311699044914,completed
ORD001130,Indore,AB Road,"Shop 34, Old Market, AB Road, Indore",22.7202970510941,75.87141216518718,successful
ORD001131,Indore,Rajendra Nagar,"195 First Road, tapri ke paas, Rajendra Nagar, Indore",22.73766185383652,75.88258898155856,successful
ORD001132,Indore,Chhatripura,"Room 59, Sunshine Complex, Chhatripura, Indore",22.710049432358726,75.87389141979787,delivered
ORD001133,Indore,Chhatripura,"Shop 169, Central Market, dukaan ke piche, Chhatripura, Indore",22.71511450574842,75.86675648161611,completed
ORD001134,Indore,Bengali Square,"Building 156, Bengali Square, Bengali Square, Indore",22.731502593705173,75.88006346712864,successful
ORD001135,Indore,Rajendra Nagar,"Room 114, Garden Complex, gali mein, Rajendra Nagar, Indore",22.73037729435256,75.87928411662783,completed
ORD001136,Indore,Vijay Nagar,"Shop 85, New Market, ke peeche bada ped, Vijay Nagar, Indore",22.721888113596805,75.87477495366498,delivered
ORD001137,Indore,MG Road,"Room 44, Moonlight Complex, ke paas chai tapri, MG Road, Indore",22.723047177374593,75.86975070480779,successful
ORD001138,Indore,MG Road,"Shop 46, Main Market, samne school, MG Road, Indore",22.728839613880815,75.870687316033,successful
ORD001139,Indore,Annapurna,"Shop 18, Old Market, tapri ke paas, Annapurna, Indore",22.728574128745507,75.86033113595361,successful
ORD001140,Indore,Bengali Square,"House 153, Bengali Square Area, tapri ke paas, Bengali Square, Indore",22.731796972343446,75.87968010027475,delivered
ORD001141,Indore,Vijay Nagar,"46/14, Red Society, behind big tree, Vijay Nagar, Indore",22.718647717948862,75.88172792469085,delivered
ORD001142,Indore,Rajendra Nagar,"Building 35, Rajendra Nagar, near temple, Rajendra Nagar, Indore",22.733818590617403,75.88102654054025,delivered
ORD001143,Indore,Vijay Nagar,"House 177, Vijay Nagar Area, near bus stop, Vijay Nagar, Indore",22.720647946842085,75.87817670449182,successful
ORD001144,Indore,AB Road,"80/2, Blue Society, behind dukaan, AB Road, Indore",22.719715630949572,75.875946120605,completed
ORD001145,Indore,Bengali Square,"Shop 124, Central Market, Bengali Square, Indore",22.731184961183647,75.87804664927278,completed
ORD001146,Indore,Bengali Square,"40/13, Red Society, Bengali Square, Indore",22.73392001360645,75.8771661013157,successful
ORD001147,Indore,Vijay Nagar,"Flat 155, River Apartments, samne school, Vijay Nagar, Indore",22.720088145073092,75.88090964923498,successful
ORD001148,Indore,Sudama Nagar,"House 44, Sudama Nagar Area, Sudama Nagar, Indore",22.717158200313456,75.86733360963093,delivered
ORD001149,Indore,Sudama Nagar,"Room 139, Mountain Complex, paas mandir, Sudama Nagar, Indore",22.714527798309053,75.86498012636599,delivered
ORD001150,Indore,Vijay Nagar,"House 113, Vijay Nagar Area, dukaan ke piche, Vijay Nagar, Indore",22.718735255432495,75.87719161200484,successful
ORD001151,Indore,Palasia,"23 Third Road, samne school, Palasia, Indore",22.728441710455346,75.8698973741897,delivered
ORD001152,Indore,AB Road,"Shop 92, Big Market, AB Road, Indore",22.716970860166906,75.87323333823238,successful
ORD001153,Indore,Palasia,"150/10, Green Society, behind dukaan, Palasia, Indore",22.725443786768423,75.87207448368521,delivered
ORD001154,Indore,Palasia,"19 Fourth Road, opposite school, Palasia, Indore",22.72122783113983,75.86934106787095,completed
ORD001155,Indore,Chhatripura,"Building 168, Chhatripura, Chhatripura, Indore",22.713818417133393,75.8695593081854,successful
ORD001156,Indore,Sudama Nagar,"Flat 173, Garden Apartments, Sudama Nagar, Indore",22.709880102177895,75.85900696035934,successful
ORD001157,Indore,Palasia,"Shop 75, Local Market, paas mandir, Palasia, Indore",22.724292678801092,75.86935719122776,successful
ORD001158,Indore,AB Road,"House 54, AB Road Area, ke samne police station, AB Road, Indore",22.719112628838513,75.87845630743566,completed
ORD001159,Indore,Annapurna,"Room 80, River Complex, ke paas chai tapri, Annapurna, Indore",22.727288824518766,75.86901222172247,delivered
ORD001160,Indore,New Palasia,"145 Second Road, behind dukaan, New Palasia, Indore",22.721953958796238,75.87129718718043,completed
ORD001161,Indore,Rajendra Nagar,"68 Second Road, behind petrol pump, Rajendra Nagar, Indore",22.732444123245028,75.88594778993829,successful
ORD001162,Indore,New Palasia,"Room 82, Star Complex, paas mandir, New Palasia, Indore",22.727105939053548,75.86769985869184,completed
ORD001163,Indore,Rajendra Nagar,"13/19, Red Society, ke samne police station, Rajendra Nagar, Indore",22.73661305697416,75.88720863136625,delivered
ORD001164,Indore,New Palasia,"52 Fifth Road, opposite school, New Palasia, Indore",22.72335520501271,75.86703063578078,successful
ORD001165,Indore,MG Road,"Room 167, Garden Complex, paas mandir, MG Road, Indore",22.727974116425234,75.87345093930838,successful
ORD001166,Indore,AB Road,"Flat 178, River Apartments, gali mein, AB Road, Indore",22.721510978348487,75.87808093837049,completed
ORD001167,Indore,Sudama Nagar,"Building 23, Sudama Nagar, Sudama Nagar, Indore",22.7160404234709,75.85800011706709,successful
ORD001168,Indore,Sudama Nagar,"85 Fifth Road, opposite bank, Sudama Nagar, Indore",22.7162865823413,75.86491971162854,successful
ORD001169,Indore,Annapurna,"Flat 12, River Apartments, Annapurna, Indore",22.727831990614824,75.86568329583552,completed
ORD001170,Indore,MG Road,"133/9, Green Society, MG Road, Indore",22.72632066429,75.86768086810628,successful
ORD001171,Indore,Sudama Nagar,"Building 179, Sudama Nagar, ke samne police station, Sudama Nagar, Indore",22.71240437295911,75.86328394202329,completed
ORD001172,Indore,New Palasia,"House 161, New Palasia Area, near market, New Palasia, Indore",22.725289532545407,75.87191985201282,completed
ORD001173,Indore,Vijay Nagar,"7/9, White Society, ke samne police station, Vijay Nagar, Indore",22.716723752542624,75.87845244845826,successful
ORD001174,Indore,AB Road,"Flat 34, River Apartments, paas mandir, AB Road, Indore",22.721145898675353,75.87763563911514,delivered
ORD001175,Indore,Chhatripura,"House 63, Chhatripura Area, Chhatripura, Indore",22.70837966503134,75.87110030126341,completed
ORD001176,Indore,Chhatripura,"113 Second Road, opposite bank, Chhatripura, Indore",22.709746276566595,75.87318932471891,delivered
ORD001177,Indore,Palasia,"25 Third Road, near chai tapri, Palasia, Indore",22.728673458238415,75.87013696075668,delivered
ORD001178,Indore,MG Road,"3/11, Green Society, gali mein, MG Road, Indore",22.72515039997403,75.87490075080807,successful
ORD001179,Indore,Annapurna,"74/13, Silver Society, near bus stop, Annapurna, Indore",22.73174253408005,75.86622775536888,completed
ORD001180,Indore,AB Road,"House 19, AB Road Area, opposite police station, AB Road, Indore",22.713800321860344,75.87341470710021,delivered
ORD001181,Indore,Bengali Square,"55 Second Road, near chai tapri, Bengali Square, Indore",22.72827839466529,75.87831297286515,successful
ORD001182,Indore,Chhatripura,"Shop 56, Old Market, gali mein, Chhatripura, Indore",22.709632497760808,75.87280102448496,delivered
ORD001183,Indore,Bengali Square,"Flat 165, Ocean Apartments, Bengali Square, Indore",22.734396189136003,75.87784932503698,delivered
ORD001184,Indore,Sudama Nagar,"32 Second Road, behind petrol pump, Sudama Nagar, Indore",22.71860899142724,75.85929782185441,successful
ORD001185,Indore,Palasia,"Flat 19, Park Apartments, opposite police station, Palasia, Indore",22.72763409336139,75.87188292068807,successful
ORD001186,Indore,Palasia,"148 Fifth Road, ke peeche bada ped, Palasia, Indore",22.727227221414253,75.87775865438296,completed
ORD001187,Indore,Vijay Nagar,"Building 10, Vijay Nagar, Vijay Nagar, Indore",22.722146216414725,75.87793777355078,completed
ORD001188,Indore,Rajendra Nagar,"Flat 143, Moonlight Apartments, tapri ke paas, Rajendra Nagar, Indore",22.731909457957606,75.88005489692462,delivered
ORD001189,Indore,Annapurna,"183 Fourth Road, near temple, Annapurna, Indore",22.730198387024846,75.86431673846971,successful
ORD001190,Indore,AB Road,"Shop 70, Central Market, AB Road, Indore",22.720557193372905,75.87700626864714,completed
ORD001191,Indore,Rajendra Nagar,"Flat 142, Ocean Apartments, Rajendra Nagar, Indore",22.739132107587753,75.88123060376219,delivered
ORD001192,Indore,Rajendra Nagar,"21/15, Red Society, Rajendra Nagar, Indore",22.739597054394327,75.88246326217337,delivered
ORD001193,Indore,Annapurna,"Building 104, Annapurna, Annapurna, Indore",22.72994012024215,75.86884103774156,delivered
ORD001194,Indore,Bengali Square,"Building 56, Bengali Square, tapri ke paas, Bengali Square, Indore",22.726414458585552,75.88102838074154,delivered
ORD001195,Indore,New Palasia,"Flat 5, River Apartments, ke peeche bada ped, New Palasia, Indore",22.72115714764836,75.87119170579989,delivered
ORD001196,Indore,Annapurna,"Shop 101, Central Market, behind petrol pump, Annapurna, Indore",22.727743955964918,75.86436573622387,completed
ORD001197,Indore,New Palasia,"Room 36, Park Complex, gali mein, New Palasia, Indore",22.71970429757707,75.8668998545024,successful
ORD001198,Indore,New Palasia,"Shop 24, Main Market, New Palasia, Indore",22.72349243174816,75.87258253089998,completed
ORD001199,Indore,MG Road,"Flat 198, Park Apartments, behind hospital, MG Road, Indore",22.726127800866003,75.86842266671314,completed
ORD001200,Indore,Palasia,"Room 77, Park Complex, paas mandir, Palasia, Indore",22.726818676637777,75.87624404547311,completed
ORD001201,Indore,Chhatripura,"Building 45, Chhatripura, Chhatripura, Indore",22.711941420123246,75.87109292329727,successful
ORD001202,Indore,MG Road,"Shop 42, Local Market, near chai tapri, MG Road, Indore",22.722931483026873,75.87048759638776,completed
ORD001203,Indore,MG Road,"Room 175, Moonlight Complex, peeche dukaan, MG Road, Indore",22.726959301967895,75.86946788424957,delivered
ORD001204,Indore,Rajendra Nagar,"Flat 91, Sunshine Apartments, peeche dukaan, Rajendra Nagar, Indore",22.73433534740236,75.88568157221944,delivered
ORD001205,Indore,AB Road,"Room 9, Mountain Complex, gali mein, AB Road, Indore",22.71944239467587,75.86994060889738,completed
ORD001206,Indore,Annapurna,"3 Main Road, Annapurna, Indore",22.725803825462442,75.86573218000177,successful
ORD001207,Indore,MG Road,"68 Main Road, paas mandir, MG Road, Indore",22.726890502259767,75.86795694444876,completed
ORD001208,Indore,Annapurna,"Room 118, Ocean Complex, samne school, Annapurna, Indore",22.733357213345997,75.86432006980094,delivered
ORD001209,Indore,Rajendra Nagar,"Flat 193, Sunshine Apartments, Rajendra Nagar, Indore",22.732594687951675,75.88152628375893,successful
ORD001210,Indore,Annapurna,"33/13, Red Society, Annapurna, Indore",22.725607794958986,75.86724847285143,completed
ORD001211,Indore,AB Road,"Room 50, Sunshine Complex, AB Road, Indore",22.71495485689269,75.87826169996728,completed
ORD001212,Indore,Bengali Square,"52 First Road, gali mein, Bengali Square, Indore",22.73350951413352,75.87205877157045,completed
ORD001213,Indore,Rajendra Nagar,"House 102, Rajendra Nagar Area, samne school, Rajendra Nagar, Indore",22.739013217092744,75.8861777515917,successful
ORD001214,Indore,AB Road,"101/11, Golden Society, ke paas chai tapri, AB Road, Indore",22.713802812933586,75.87350873275975,successful
ORD001215,Indore,Bengali Square,"House 72, Bengali Square Area, paas mandir, Bengali Square, Indore",22.73206027762834,75.88130140449287,completed
ORD001216,Indore,Palasia,"23/11, Green Society, behind hospital, Palasia, Indore",22.72679090229356,75.8776774973587,completed
ORD001217,Indore,Annapurna,"Building 181, Annapurna, opposite school, Annapurna, Indore",22.73102149047124,75.86285848863302,successful
ORD001218,Indore,Rajendra Nagar,"Shop 19, Big Market, Rajendra Nagar, Indore",22.72969988663783,75.88305130696061,completed
ORD001219,Indore,New Palasia,"Flat 1, River Apartments, New Palasia, Indore",22.719681503799126,75.87320726882493,completed
ORD001220,Indore,AB Road,"Room 92, River Complex, samne school, AB Road, Indore",22.720392611359003,75.87159429902586,delivered
ORD001221,Indore,Chhatripura,"Flat 116, Mountain Apartments, opposite school, Chhatripura, Indore",22.712919020090744,75.87022074897264,completed
ORD001222,Indore,MG Road,"House 183, MG Road Area, dukaan ke piche, MG Road, Indore",22.725295794664117,75.86664379144112,delivered
ORD001223,Indore,New Palasia,"145/4, Red Society, opposite mall, New Palasia, Indore",22.722363941235635,75.86839491494484,delivered
ORD001224,Indore,Palasia,"Room 96, River Complex, opposite school, Palasia, Indore",22.722972081319835,75.87374798502813,delivered
ORD001225,Indore,New Palasia,"Flat 171, River Apartments, New Palasia, Indore",22.718516785848713,75.86459832099713,successful
ORD001226,Indore,MG Road,"57/6, White Society, near bus stop, MG Road, Indore",22.7290797269875,75.87265273544827,successful
ORD001227,Indore,Bengali Square,"House 30, Bengali Square Area, behind petrol pump, Bengali Square, Indore",22.727759773679814,75.8818395771473,completed
ORD001228,Indore,Sudama Nagar,"17 Third Road, Sudama Nagar, Indore",22.709659199407547,75.86029939677105,completed
ORD001229,Indore,Bengali Square,"96 Fifth Road, Bengali Square, Indore",22.72849061424939,75.8743208448564,completed
ORD001230,Indore,MG Road,"Shop 104, Old Market, opposite police station, MG Road, Indore",22.725291182661177,75.8674775910306,successful
ORD001231,Indore,Annapurna,"121 First Road, peeche dukaan, Annapurna, Indore",22.7318713073737,75.86473227507328,delivered
ORD001232,Indore,Vijay Nagar,"154 Fifth Road, ke samne police station, Vijay Nagar, Indore",22.718281064302303,75.87412144518746,successful
ORD001233,Indore,Chhatripura,"Room 2, Sunshine Complex, near bus stop, Chhatripura, Indore",22.710540892558132,75.87294387961076,delivered
ORD001234,Indore,Chhatripura,"Shop 83, New Market, near chai tapri, Chhatripura, Indore",22.70953893180583,75.86766071478704,delivered
ORD001235,Indore,Bengali Square,"161 Fourth Road, Bengali Square, Indore",22.72563398499241,75.87258226536228,delivered
ORD001236,Indore,MG Road,"Room 174, Mountain Complex, dukaan ke piche, MG Road, Indore",22.731046883386313,75.86760655152781,delivered
ORD001237,Indore,Chhatripura,"Flat 140, Garden Apartments, gali mein, Chhatripura, Indore",22.715260564108412,75.87057848954979,successful
ORD001238,Indore,MG Road,"Room 117, Garden Complex, gali mein, MG Road, Indore",22.729479296030323,75.86806812240494,successful
ORD001239,Indore,Sudama Nagar,"Shop 86, Central Market, peeche dukaan, Sudama Nagar, Indore",22.71393964760982,75.8651235261153,successful
ORD001240,Indore,MG Road,"Flat 20, Mountain Apartments, MG Road, Indore",22.729264412214427,75.86766257053968,delivered
ORD001241,Indore,Sudama Nagar,"78 Fourth Road, Sudama Nagar, Indore",22.713961080415686,75.8580090586263,successful
ORD001242,Indore,Palasia,"Shop 200, New Market, paas mandir, Palasia, Indore",22.72031284206057,75.87152604806879,successful
ORD001243,Indore,Bengali Square,"Flat 151, Star Apartments, tapri ke paas, Bengali Square, Indore",22.733383977184896,75.87492575119875,successful
ORD001244,Indore,Annapurna,"8 First Road, near temple, Annapurna, Indore",22.73138856794895,75.86576500779162,delivered
ORD001245,Indore,Vijay Nagar,"Building 93, Vijay Nagar, behind big tree, Vijay Nagar, Indore",22.72203248196262,75.87860207208752,completed
ORD001246,Indore,Vijay Nagar,"161/18, Golden Society, near bus stop, Vijay Nagar, Indore",22.720651897820083,75.88073401814758,completed
ORD001247,Indore,Bengali Square,"22 Second Road, Bengali Square, Indore",22.72915934553369,75.87648570391578,completed
ORD001248,Indore,New Palasia,"Flat 177, Mountain Apartments, behind big tree, New Palasia, Indore",22.72451476632036,75.872338476257,successful
ORD001249,Indore,MG Road,"74/18, Green Society, ke peeche bada ped, MG Road, Indore",22.730792994202172,75.86734088681958,successful
ORD001250,Indore,AB Road,"Shop 165, Main Market, AB Road, Indore",22.720131711938265,75.87610786050737,successful
ORD001251,Indore,Vijay Nagar,"Shop 103, Main Market, opposite bank, Vijay Nagar, Indore",22.716664249706128,75.88118233195969,delivered
ORD001252,Indore,Sudama Nagar,"Building 184, Sudama Nagar, tapri ke paas, Sudama Nagar, Indore",22.71435995787073,75.85893172157891,completed
ORD001253,Indore,New Palasia,"Room 105, Star Complex, gali mein, New Palasia, Indore",22.72045729563713,75.87143462554818,delivered
ORD001254,Indore,MG Road,"House 163, MG Road Area, near temple, MG Road, Indore",22.724887512930845,75.87134813802253,successful
ORD001255,Indore,Chhatripura,"Building 86, Chhatripura, dukaan ke piche, Chhatripura, Indore",22.707788077995033,75.86961635074628,successful
ORD001256,Indore,MG Road,"Room 70, Garden Complex, near chai tapri, MG Road, Indore",22.72859656205223,75.86666874878358,delivered
ORD001257,Indore,Bengali Square,"Room 100, Star Complex, ke peeche bada ped, Bengali Square, Indore",22.726564130915254,75.87755155033457,delivered
ORD001258,Indore,New Palasia,"House 173, New Palasia Area, New Palasia, Indore",22.727286106755916,75.8660274774924,delivered
ORD001259,Indore,Rajendra Nagar,"103/13, Red Society, ke samne police station, Rajendra Nagar, Indore",22.72962277198657,75.88158845279158,delivered
ORD001260,Indore,Palasia,"House 138, Palasia Area, near chai tapri, Palasia, Indore",22.72686157483863,75.87598463076243,delivered
ORD001261,Indore,Chhatripura,"Room 118, Moonlight Complex, paas mandir, Chhatripura, Indore",22.713559442679074,75.86766728102619,delivered
ORD001262,Indore,Rajendra Nagar,"Building 129, Rajendra Nagar, peeche dukaan, Rajendra Nagar, Indore",22.732511483860268,75.88389227095243,successful
ORD001263,Indore,New Palasia,"Room 22, Park Complex, ke paas chai tapri, New Palasia, Indore",22.71941958660874,75.8667408907217,completed
ORD001264,Indore,MG Road,"54/3, White Society, ke paas chai tapri, MG Road, Indore",22.722012493619935,75.871834657378,delivered
ORD001265,Indore,Palasia,"Room 138, Ocean Complex, Palasia, Indore",22.720992046880227,75.87616905615562,completed
ORD001266,Indore,Vijay Nagar,"Room 16, Mountain Complex, Vijay Nagar, Indore",22.719076517527924,75.88045044693102,successful
ORD001267,Indore,Rajendra Nagar,"House 26, Rajendra Nagar Area, gali mein, Rajendra Nagar, Indore",22.735052580972333,75.87862033681725,successful
ORD001268,Indore,AB Road,"124 Fifth Road, near bus stop, AB Road, Indore",22.720028170341063,75.878017469755,successful
ORD001269,Indore,MG Road,"Shop 75, Local Market, MG Road, Indore",22.724195773698856,75.86626623871594,completed
ORD001270,Indore,Rajendra Nagar,"House 171, Rajendra Nagar Area, opposite mall, Rajendra Nagar, Indore",22.73705181553757,75.886609462722,successful
ORD001271,Indore,Bengali Square,"House 138, Bengali Square Area, paas mandir, Bengali Square, Indore",22.734445345054727,75.8802511922201,completed
ORD001272,Indore,Rajendra Nagar,"11 Second Road, Rajendra Nagar, Indore",22.738515391137835,75.88469978766354,delivered
ORD001273,Indore,Vijay Nagar,"139 Main Road, Vijay Nagar, Indore",22.717636309821458,75.87413252029712,completed
ORD001274,Indore,Vijay Nagar,"Room 99, Garden Complex, near bus stop, Vijay Nagar, Indore",22.718566995774026,75.87846330533873,delivered
ORD001275,Indore,Vijay Nagar,"Building 143, Vijay Nagar, Vijay Nagar, Indore",22.724667822435386,75.87618452985048,completed
ORD001276,Indore,Sudama Nagar,"House 129, Sudama Nagar Area, near temple, Sudama Nagar, Indore",22.71120185464845,75.86024244783181,delivered
ORD001277,Indore,Chhatripura,"Flat 55, Moonlight Apartments, near bus stop, Chhatripura, Indore",22.71682307690419,75.86588141037342,delivered
ORD001278,Indore,MG Road,"Room 21, River Complex, MG Road, Indore",22.724816318248713,75.87298821623004,successful
ORD001279,Indore,AB Road,"House 82, AB Road Area, opposite bank, AB Road, Indore",22.721404609428742,75.87011482168005,delivered
ORD001280,Indore,MG Road,"Room 129, River Complex, MG Road, Indore",22.725852545617318,75.87198048444148,completed
ORD001281,Indore,Palasia,"Building 62, Palasia, ke peeche bada ped, Palasia, Indore",22.72159983892634,75.86882876977253,completed
ORD001282,Indore,Sudama Nagar,"Flat 6, Mountain Apartments, ke paas chai tapri, Sudama Nagar, Indore",22.716719752162263,75.86345757850118,delivered
ORD001283,Indore,Bengali Square,"181/9, Silver Society, tapri ke paas, Bengali Square, Indore",22.728699162508594,75.87465910269145,delivered
ORD001284,Indore,Palasia,"Shop 118, Central Market, dukaan ke piche, Palasia, Indore",22.72594537599729,75.86928687273729,completed
ORD001285,Indore,Bengali Square,"Room 141, Ocean Complex, peeche dukaan, Bengali Square, Indore",22.730146454166135,75.8758199487558,completed
ORD001286,Indore,AB Road,"Room 190, Mountain Complex, AB Road, Indore",22.718562620865814,75.87262260673079,successful
ORD001287,Indore,MG Road,"Flat 178, River Apartments, MG Road, Indore",22.730920643105428,75.87451795007446,completed
ORD001288,Indore,Palasia,"House 183, Palasia Area, Palasia, Indore",22.721729978801346,75.87650928509596,successful
ORD001289,Indore,Bengali Square,"Flat 31, Sunshine Apartments, near bus stop, Bengali Square, Indore",22.727326488327865,75.87246878106036,completed
ORD001290,Indore,Bengali Square,"Building 195, Bengali Square, ke peeche bada ped, Bengali Square, Indore",22.727228006890076,75.87851170424337,delivered
ORD001291,Indore,New Palasia,"Shop 8, Old Market, peeche dukaan, New Palasia, Indore",22.722720693575038,75.86967667221913,completed
ORD001292,Indore,Palasia,"Shop 174, Big Market, Palasia, Indore",22.72943051978769,75.87559916053333,delivered
ORD001293,Indore,Vijay Nagar,"House 136, Vijay Nagar Area, Vijay Nagar, Indore",22.716361245029024,75.87817062848679,delivered
ORD001294,Indore,Annapurna,"153 Fourth Road, opposite police station, Annapurna, Indore",22.72428982308295,75.86074623479409,delivered
ORD001295,Indore,New Palasia,"Building 178, New Palasia, New Palasia, Indore",22.72368464082354,75.8664131685952,successful
ORD001296,Indore,Rajendra Nagar,"Flat 57, River Apartments, dukaan ke piche, Rajendra Nagar, Indore",22.73561702582845,75.88097907630942,completed
ORD001297,Indore,MG Road,"Room 83, Moonlight Complex, dukaan ke piche, MG Road, Indore",22.72503461353311,75.8721061043072,completed
ORD001298,Indore,MG Road,"House 184, MG Road Area, paas mandir, MG Road, Indore",22.730476317858134,75.8669036991636,delivered
ORD001299,Indore,AB Road,"House 113, AB Road Area, behind hospital, AB Road, Indore",22.721918412128726,75.87535644172593,delivered
ORD001300,Indore,Annapurna,"Shop 175, Big Market, ke peeche bada ped, Annapurna, Indore",22.72663137140486,75.86775834516037,successful
ORD001301,Indore,Sudama Nagar,"94 Third Road, opposite mall, Sudama Nagar, Indore",22.71415884450893,75.86285268762911,delivered
ORD001302,Indore,Palasia,"88 First Road, Palasia, Indore",22.72105589873489,75.87348847776771,completed
ORD001303,Indore,Annapurna,"Shop 74, Central Market, opposite mall, Annapurna, Indore",22.729188398354346,75.86819032136506,delivered
ORD001304,Indore,Annapurna,"51 Main Road, ke samne police station, Annapurna, Indore",22.733448596907387,75.86456940486251,successful
ORD001305,Indore,Rajendra Nagar,"House 24, Rajendra Nagar Area, Rajendra Nagar, Indore",22.73043308862986,75.8860330519767,delivered
ORD001306,Indore,Annapurna,"Flat 197, Ocean Apartments, ke samne police station, Annapurna, Indore",22.72544836609362,75.8689192430314,completed
ORD001307,Indore,Bengali Square,"Shop 91, New Market, near temple, Bengali Square, Indore",22.73286426838216,75.8814378204892,delivered
ORD001308,Indore,Bengali Square,"9/2, White Society, ke samne police station, Bengali Square, Indore",22.72706312782191,75.88142751986251,completed
ORD001309,Indore,Vijay Nagar,"30/6, Blue Society, ke samne police station, Vijay Nagar, Indore",22.717799852810106,75.88209642945236,completed
ORD001310,Indore,Vijay Nagar,"Shop 84, New Market, ke peeche bada ped, Vijay Nagar, Indore",22.718036968938442,75.88197461473521,completed
ORD001311,Indore,AB Road,"Shop 121, Old Market, AB Road, Indore",22.72037000453447,75.87577731087664,completed
ORD001312,Indore,Bengali Square,"Building 51, Bengali Square, gali mein, Bengali Square, Indore",22.73234267836098,75.8740380276552,successful
ORD001313,Indore,New Palasia,"Room 67, Sunshine Complex, near bus stop, New Palasia, Indore",22.71763525063792,75.86402371584491,successful
ORD001314,Indore,Annapurna,"Building 54, Annapurna, near bus stop, Annapurna, Indore",22.726671503479913,75.86988445590409,successful
ORD001315,Indore,Rajendra Nagar,"Shop 196, Main Market, Rajendra Nagar, Indore",22.73168994482133,75.88244619048365,delivered
ORD001316,Indore,Palasia,"Shop 23, New Market, opposite mall, Palasia, Indore",22.725521253691067,75.87088777073735,delivered
ORD001317,Indore,Palasia,"Building 90, Palasia, behind petrol pump, Palasia, Indore",22.724090034874482,75.87002570845524,delivered
ORD001318,Indore,Annapurna,"46 Second Road, opposite school, Annapurna, Indore",22.72419082832226,75.86912517965932,delivered
ORD001319,Indore,Vijay Nagar,"Flat 181, Ocean Apartments, Vijay Nagar, Indore",22.71852814834564,75.88230593474421,delivered
ORD001320,Indore,AB Road,"House 126, AB Road Area, near bus stop, AB Road, Indore",22.718191768951097,75.87020365033207,successful
ORD001321,Indore,Sudama Nagar,"House 104, Sudama Nagar Area, Sudama Nagar, Indore",22.71250564036259,75.86712421540899,successful
ORD001322,Indore,Bengali Square,"Shop 183, Main Market, behind petrol pump, Bengali Square, Indore",22.726806976453744,75.88041243102435,completed
ORD001323,Indore,Bengali Square,"Flat 128, Park Apartments, opposite police station, Bengali Square, Indore",22.72932168159974,75.87624660781499,completed
ORD001324,Indore,Rajendra Nagar,"69 Third Road, ke peeche bada ped, Rajendra Nagar, Indore",22.737193293363532,75.88354516416298,successful
ORD001325,Indore,Rajendra Nagar,"129/18, White Society, peeche dukaan, Rajendra Nagar, Indore",22.73101845031395,75.88522113299246,successful
ORD001326,Indore,Rajendra Nagar,"Room 76, Sunshine Complex, behind big tree, Rajendra Nagar, Indore",22.738044006574246,75.88729178362266,completed
ORD001327,Indore,Bengali Square,"Room 111, River Complex, Bengali Square, Indore",22.729831695133438,75.87517739062142,completed
ORD001328,Indore,Annapurna,"2 First Road, samne school, Annapurna, Indore",22.731930397034354,75.86797388678629,completed
ORD001329,Indore,Annapurna,"Shop 169, New Market, opposite police station, Annapurna, Indore",22.73170029638936,75.86377216768695,successful
ORD001330,Indore,Palasia,"Flat 78, Sunshine Apartments, Palasia, Indore",22.7206334168311,75.87209798695969,completed
ORD001331,Indore,Bengali Square,"Room 76, Garden Complex, Bengali Square, Indore",22.734964253933597,75.87363312888844,delivered
ORD001332,Indore,MG Road,"79/2, Green Society, opposite mall, MG Road, Indore",22.72932194393887,75.87373124052915,completed
ORD001333,Indore,Palasia,"99/16, Blue Society, near temple, Palasia, Indore",22.72594118948294,75.86795981884212,successful
ORD001334,Indore,Vijay Nagar,"Room 51, Mountain Complex, Vijay Nagar, Indore",22.716874472596132,75.87778328744506,delivered
ORD001335,Indore,Palasia,"Building 13, Palasia, Palasia, Indore",22.724367922687904,75.87136711994438,delivered
ORD001336,Indore,Sudama Nagar,"140/5, Silver Society, ke samne police station, Sudama Nagar, Indore",22.713408616184758,75.86758194727717,completed
ORD001337,Indore,Chhatripura,"Room 5, Mountain Complex, near chai tapri, Chhatripura, Indore",22.714970918359143,75.86753754233176,successful
ORD001338,Indore,New Palasia,"House 83, New Palasia Area, New Palasia, Indore",22.726211558644753,75.87358830564389,delivered
ORD001339,Indore,MG Road,"Flat 79, River Apartments, MG Road, Indore",22.728213775045425,75.86794766183645,delivered
ORD001340,Indore,Annapurna,"House 108, Annapurna Area, ke peeche bada ped, Annapurna, Indore",22.72431330797756,75.86908627266548,successful
ORD001341,Indore,Chhatripura,"Flat 56, Sunshine Apartments, opposite school, Chhatripura, Indore",22.712335620693366,75.86460621327744,delivered
ORD001342,Indore,Rajendra Nagar,"Shop 102, Old Market, samne school, Rajendra Nagar, Indore",22.730729290614054,75.88527977952516,successful
ORD001343,Indore,Vijay Nagar,"House 15, Vijay Nagar Area, Vijay Nagar, Indore",22.717152595378078,75.87945518502465,delivered
ORD001344,Indore,Palasia,"47/14, Silver Society, behind hospital, Palasia, Indore",22.72444738448109,75.86983169077135,successful
ORD001345,Indore,Chhatripura,"17/4, Green Society, ke samne police station, Chhatripura, Indore",22.7092720390118,75.86856353310894,delivered
ORD001346,Indore,Chhatripura,"Room 46, River Complex, behind dukaan, Chhatripura, Indore",22.71634992610664,75.86779176593217,successful
ORD001347,Indore,AB Road,"Room 45, River Complex, AB Road, Indore",22.722666528677237,75.87027626683509,delivered
ORD001348,Indore,Sudama Nagar,"Building 66, Sudama Nagar, ke paas chai tapri, Sudama Nagar, Indore",22.719364669034682,75.86132451756228,completed
ORD001349,Indore,Rajendra Nagar,"Building 77, Rajendra Nagar, behind dukaan, Rajendra Nagar, Indore",22.731832731584824,75.88208456839097,completed
ORD001350,Indore,Bengali Square,"Shop 176, Central Market, opposite mall, Bengali Square, Indore",22.730073585471164,75.8789500911914,completed
ORD001351,Indore,MG Road,"Room 99, Ocean Complex, near temple, MG Road, Indore",22.73024097032617,75.87065053911269,delivered
ORD001352,Indore,Chhatripura,"Flat 116, River Apartments, opposite mall, Chhatripura, Indore",22.714657460007757,75.86948259155122,successful
ORD001353,Indore,Chhatripura,"190/3, White Society, ke peeche bada ped, Chhatripura, Indore",22.7080978257487,75.87322024196543,delivered
ORD001354,Indore,Annapurna,"Room 176, Moonlight Complex, samne school, Annapurna, Indore",22.72506513880366,75.865427065745,delivered
ORD001355,Indore,Sudama Nagar,"Flat 194, Garden Apartments, behind dukaan, Sudama Nagar, Indore",22.714127900257232,75.86200501840528,delivered
ORD001356,Indore,Palasia,"100 Fourth Road, opposite school, Palasia, Indore",22.72575859147092,75.8725123935176,completed
ORD001357,Indore,AB Road,"Building 123, AB Road, AB Road, Indore",22.719758796978734,75.87179739245185,successful
ORD001358,Indore,AB Road,"Room 188, River Complex, tapri ke paas, AB Road, Indore",22.717741324752073,75.87522141079884,successful
ORD001359,Indore,Annapurna,"Room 7, Star Complex, ke peeche bada ped, Annapurna, Indore",22.727187733198036,75.86645151607603,completed
ORD001360,Indore,Palasia,"Building 83, Palasia, tapri ke paas, Palasia, Indore",22.72238552549664,75.87332033003032,delivered
ORD001361,Indore,New Palasia,"Building 24, New Palasia, ke peeche bada ped, New Palasia, Indore",22.71883298744899,75.86533299415473,successful
ORD001362,Indore,Vijay Nagar,"House 100, Vijay Nagar Area, opposite school, Vijay Nagar, Indore",22.723558292111694,75.88364645527638,completed
ORD001363,Indore,Sudama Nagar,"105 Main Road, near market, Sudama Nagar, Indore",22.710064957264496,75.86190947894984,successful
ORD001364,Indore,AB Road,"Flat 137, Garden Apartments, ke peeche bada ped, AB Road, Indore",22.719286545311984,75.87172633829267,successful
ORD001365,Indore,AB Road,"Shop 189, Local Market, ke peeche bada ped, AB Road, Indore",22.71949729788405,75.87409292750912,completed
ORD001366,Indore,Palasia,"Flat 198, Park Apartments, peeche dukaan, Palasia, Indore",22.72814146564317,75.8745651616167,completed
ORD001367,Indore,New Palasia,"Room 59, Moonlight Complex, opposite bank, New Palasia, Indore",22.72257876540048,75.86738580236795,successful
ORD001368,Indore,Chhatripura,"45 Fifth Road, near market, Chhatripura, Indore",22.714895431787188,75.8715533601498,delivered
ORD001369,Indore,Rajendra Nagar,"Flat 164, Mountain Apartments, peeche dukaan, Rajendra Nagar, Indore",22.73933159459434,75.88655935500566,successful
ORD001370,Indore,Vijay Nagar,"Flat 108, Ocean Apartments, opposite bank, Vijay Nagar, Indore",22.72269786124185,75.87466924179068,successful
ORD001371,Indore,Rajendra Nagar,"Room 11, River Complex, gali mein, Rajendra Nagar, Indore",22.738871291614547,75.87965040304988,delivered
ORD001372,Indore,Annapurna,"Flat 53, River Apartments, Annapurna, Indore",22.733532940651667,75.86906982295602,completed
ORD001373,Indore,Chhatripura,"Building 133, Chhatripura, behind hospital, Chhatripura, Indore",22.713275438303057,75.86434035987291,successful
ORD001374,Indore,Vijay Nagar,"Room 41, Park Complex, dukaan ke piche, Vijay Nagar, Indore",22.721101427306078,75.87686327764888,delivered
ORD001375,Indore,MG Road,"Shop 29, New Market, paas mandir, MG Road, Indore",22.728172716231306,75.87336133254537,successful
ORD001376,Indore,Vijay Nagar,"Shop 191, Old Market, gali mein, Vijay Nagar, Indore",22.71831131085203,75.88057719583772,completed
ORD001377,Indore,Sudama Nagar,"107 Fourth Road, opposite police station, Sudama Nagar, Indore",22.713458592986946,75.86258231333217,completed
ORD001378,Indore,Bengali Square,"Room 104, Ocean Complex, dukaan ke piche, Bengali Square, Indore",22.72866464134981,75.879730577045,successful
ORD001379,Indore,MG Road,"House 13, MG Road Area, ke paas chai tapri, MG Road, Indore",22.73032360343072,75.86768091776874,delivered
ORD001380,Indore,Rajendra Nagar,"Shop 119, Big Market, opposite school, Rajendra Nagar, Indore",22.73853501058126,75.88637232431978,delivered
ORD001381,Indore,Sudama Nagar,"Shop 34, Main Market, behind petrol pump, Sudama Nagar, Indore",22.7105338067953,75.86279645242283,completed
ORD001382,Indore,Vijay Nagar,"Building 159, Vijay Nagar, behind hospital, Vijay Nagar, Indore",22.722932639992326,75.88368757807682,delivered
ORD001383,Indore,Palasia,"60/12, Silver Society, Palasia, Indore",22.723190002469806,75.87044664191428,delivered
ORD001384,Indore,New Palasia,"Room 12, River Complex, New Palasia, Indore",22.726364839314787,75.8662357917608,successful
ORD001385,Indore,New Palasia,"Building 38, New Palasia, near market, New Palasia, Indore",22.726265463130236,75.86646805891738,delivered
ORD001386,Indore,Sudama Nagar,"House 19, Sudama Nagar Area, gali mein, Sudama Nagar, Indore",22.71388375726063,75.85937692292816,delivered
ORD001387,Indore,Sudama Nagar,"153 Third Road, Sudama Nagar, Indore",22.719005596569097,75.86208513876906,successful
ORD001388,Indore,Chhatripura,"3/9, Blue Society, opposite school, Chhatripura, Indore",22.71308519761276,75.87373055832208,completed
ORD001389,Indore,Sudama Nagar,"3 Third Road, gali mein, Sudama Nagar, Indore",22.71525710933314,75.86618750034089,completed
ORD001390,Indore,AB Road,"Building 153, AB Road, AB Road, Indore",22.718062603675275,75.87474790617154,successful
ORD001391,Indore,Annapurna,"114 Third Road, Annapurna, Indore",22.724465606258608,75.86043426546637,completed
ORD001392,Indore,Bengali Square,"Room 115, River Complex, near temple, Bengali Square, Indore",22.73123893908274,75.87408544298819,successful
ORD001393,Indore,Palasia,"Shop 23, Main Market, dukaan ke piche, Palasia, Indore",22.728286682790596,75.87660444565523,successful
ORD001394,Indore,New Palasia,"25 First Road, ke peeche bada ped, New Palasia, Indore",22.723279293345776,75.86966944625837,completed
ORD001395,Indore,MG Road,"House 104, MG Road Area, paas mandir, MG Road, Indore",22.725046426561452,75.87390907371297,successful
ORD001396,Indore,Chhatripura,"House 94, Chhatripura Area, opposite school, Chhatripura, Indore",22.715560814781576,75.87071691894788,successful
ORD001397,Indore,Vijay Nagar,"House 111, Vijay Nagar Area, samne school, Vijay Nagar, Indore",22.718804893810276,75.87965825750811,successful
ORD001398,Indore,Rajendra Nagar,"106 Third Road, ke peeche bada ped, Rajendra Nagar, Indore",22.73181948727398,75.88248748467578,delivered
ORD001399,Indore,Sudama Nagar,"51 Fourth Road, Sudama Nagar, Indore",22.71274707184054,75.86477067701841,successful
ORD001400,Indore,Rajendra Nagar,"130/5, Blue Society, behind big tree, Rajendra Nagar, Indore",22.730472086602923,75.88715951339843,successful
ORD001401,Indore,Chhatripura,"Flat 35, River Apartments, Chhatripura, Indore",22.71681455896995,75.864984058471,completed
ORD001402,Indore,Rajendra Nagar,"Room 2, Park Complex, Rajendra Nagar, Indore",22.738675025362614,75.88554257526131,completed
ORD001403,Indore,Rajendra Nagar,"Building 159, Rajendra Nagar, tapri ke paas, Rajendra Nagar, Indore",22.73150819479611,75.88682965691311,delivered
ORD001404,Indore,Rajendra Nagar,"Room 106, Mountain Complex, opposite bank, Rajendra Nagar, Indore",22.734712183597395,75.8809105038201,completed
ORD001405,Indore,Bengali Square,"House 48, Bengali Square Area, paas mandir, Bengali Square, Indore",22.732141894624853,75.87777290688183,successful
ORD001406,Indore,Rajendra Nagar,"Shop 77, Big Market, Rajendra Nagar, Indore",22.733632552683503,75.88167145659075,completed
ORD001407,Indore,Bengali Square,"Flat 135, Ocean Apartments, behind dukaan, Bengali Square, Indore",22.72598594425688,75.87866890287866,completed
ORD001408,Indore,New Palasia,"Room 128, Ocean Complex, behind dukaan, New Palasia, Indore",22.72630485434079,75.86871880766341,completed
ORD001409,Indore,Palasia,"Shop 93, Main Market, gali mein, Palasia, Indore",22.72519346731094,75.87441276608375,completed
ORD001410,Indore,Palasia,"House 149, Palasia Area, Palasia, Indore",22.72018084202301,75.86984010879752,successful
ORD001411,Indore,Annapurna,"125/7, Golden Society, ke peeche bada ped, Annapurna, Indore",22.730229707993395,75.86328410587632,completed
ORD001412,Indore,MG Road,"33/13, White Society, MG Road, Indore",22.726821713822,75.86737845152543,successful
ORD001413,Indore,Sudama Nagar,"Flat 135, River Apartments, ke paas chai tapri, Sudama Nagar, Indore",22.712246536911117,75.86199742552219,completed
ORD001414,Indore,Bengali Square,"7/11, Golden Society, Bengali Square, Indore",22.73114656440055,75.87215785494705,completed
ORD001415,Indore,Rajendra Nagar,"Shop 168, Main Market, Rajendra Nagar, Indore",22.73070820571735,75.8845279732601,successful
ORD001416,Indore,Annapurna,"Building 38, Annapurna, near chai tapri, Annapurna, Indore",22.73316399999564,75.86418810760472,completed
ORD001417,Indore,Vijay Nagar,"Shop 93, Big Market, opposite bank, Vijay Nagar, Indore",22.71616840453712,75.87420034585904,completed
ORD001418,Indore,Sudama Nagar,"Shop 150, Main Market, dukaan ke piche, Sudama Nagar, Indore",22.71212141846057,75.85922036558874,completed
ORD001419,Indore,Sudama Nagar,"Building 42, Sudama Nagar, opposite mall, Sudama Nagar, Indore",22.71317820143333,75.86255922444313,completed
ORD001420,Indore,Sudama Nagar,"79/11, Silver Society, ke samne police station, Sudama Nagar, Indore",22.71216824297517,75.86343977317091,delivered
ORD001421,Indore,Chhatripura,"Room 25, Park Complex, Chhatripura, Indore",22.71666067738217,75.87245008516595,completed
ORD001422,Indore,Sudama Nagar,"Shop 155, Central Market, Sudama Nagar, Indore",22.718702277652792,75.86643082363243,delivered
ORD001423,Indore,Bengali Square,"Shop 15, Local Market, behind big tree, Bengali Square, Indore",22.72662586610519,75.87359804217503,successful
ORD001424,Indore,Bengali Square,"Shop 110, Central Market, Bengali Square, Indore",22.73048966337466,75.87575956398616,successful
ORD001425,Indore,MG Road,"110/16, Golden Society, tapri ke paas, MG Road, Indore",22.72671770292447,75.87409908016349,successful
ORD001426,Indore,Annapurna,"Room 32, Star Complex, behind petrol pump, Annapurna, Indore",22.726288960462856,75.86725311954568,delivered
ORD001427,Indore,Palasia,"House 174, Palasia Area, paas mandir, Palasia, Indore",22.729410143597278,75.86797727266182,successful
ORD001428,Indore,Annapurna,"Flat 154, Moonlight Apartments, Annapurna, Indore",22.731770748819855,75.86501232927317,completed
ORD001429,Indore,Rajendra Nagar,"Room 51, Moonlight Complex, Rajendra Nagar, Indore",22.73855287212972,75.878479991678,delivered
ORD001430,Indore,Bengali Square,"House 54, Bengali Square Area, opposite police station, Bengali Square, Indore",22.733050695608647,75.8815089896696,delivered
ORD001431,Indore,New Palasia,"Flat 164, Ocean Apartments, samne school, New Palasia, Indore",22.718009138526448,75.86491127118927,delivered
ORD001432,Indore,Palasia,"143/5, White Society, near temple, Palasia, Indore",22.72057036961866,75.87268812479927,completed
ORD001433,Indore,Bengali Square,"134 First Road, gali mein, Bengali Square, Indore",22.727587972819972,75.87599585040795,successful
ORD001434,Indore,Vijay Nagar,"Flat 5, River Apartments, tapri ke paas, Vijay Nagar, Indore",22.723562607601725,75.88253336746601,completed
ORD001435,Indore,MG Road,"Shop 21, Central Market, MG Road, Indore",22.72383043050659,75.87389999301077,completed
ORD001436,Indore,New Palasia,"Room 119, Sunshine Complex, New Palasia, Indore",22.71935935541607,75.87166257151385,completed
ORD001437,Indore,Chhatripura,"House 148, Chhatripura Area, opposite mall, Chhatripura, Indore",22.71284211173806,75.86453150278675,successful
ORD001438,Indore,New Palasia,"197/18, White Society, ke samne police station, New Palasia, Indore",22.719264950565556,75.8717624560644,completed
ORD001439,Indore,MG Road,"191/4, Golden Society, MG Road, Indore",22.7264645388089,75.87417824444924,successful
ORD001440,Indore,Vijay Nagar,"Building 96, Vijay Nagar, near bus stop, Vijay Nagar, Indore",22.717927425875157,75.88191051692552,delivered
ORD001441,Indore,Chhatripura,"Flat 10, Ocean Apartments, Chhatripura, Indore",22.712752563416796,75.86611234761236,delivered
ORD001442,Indore,MG Road,"House 24, MG Road Area, ke samne police station, MG Road, Indore",22.728915373312578,75.86758666935795,delivered
ORD001443,Indore,Sudama Nagar,"119/9, Red Society, ke samne police station, Sudama Nagar, Indore",22.718755240756025,75.86486568001422,successful
ORD001444,Indore,MG Road,"Room 116, Park Complex, opposite bank, MG Road, Indore",22.723674144689717,75.86743882787779,delivered
ORD001445,Indore,Annapurna,"Room 65, Garden Complex, ke samne police station, Annapurna, Indore",22.724663957961784,75.86055920522526,successful
ORD001446,Indore,Chhatripura,"Building 97, Chhatripura, behind petrol pump, Chhatripura, Indore",22.715714482814306,75.87226303243408,successful
ORD001447,Indore,New Palasia,"Flat 46, Sunshine Apartments, tapri ke paas, New Palasia, Indore",22.720432012844448,75.86926743845663,successful
ORD001448,Indore,Sudama Nagar,"Building 57, Sudama Nagar, behind hospital, Sudama Nagar, Indore",22.713738204241135,75.86052934412128,delivered
ORD001449,Indore,Bengali Square,"33 Fourth Road, near market, Bengali Square, Indore",22.735239008933977,75.88025378355557,delivered
ORD001450,Indore,Rajendra Nagar,"House 15, Rajendra Nagar Area, near temple, Rajendra Nagar, Indore",22.73213475629661,75.88709883532395,successful
ORD001451,Indore,Vijay Nagar,"151 Fourth Road, Vijay Nagar, Indore",22.72513545236774,75.87985384567666,delivered
ORD001452,Indore,Rajendra Nagar,"House 144, Rajendra Nagar Area, behind hospital, Rajendra Nagar, Indore",22.738820078236376,75.88482758747095,delivered
ORD001453,Indore,Chhatripura,"House 132, Chhatripura Area, near market, Chhatripura, Indore",22.711279003798552,75.87248603079352,delivered
ORD001454,Indore,AB Road,"188 Main Road, gali mein, AB Road, Indore",22.715848446853464,75.87453948345282,successful
ORD001455,Indore,Vijay Nagar,"House 164, Vijay Nagar Area, Vijay Nagar, Indore",22.723529897048483,75.88373976606458,successful
ORD001456,Indore,Palasia,"Building 115, Palasia, peeche dukaan, Palasia, Indore",22.724461656367982,75.87185684954434,successful
ORD001457,Indore,Annapurna,"40 First Road, Annapurna, Indore",22.72539863538459,75.8614588093739,completed
ORD001458,Indore,Vijay Nagar,"Room 142, Sunshine Complex, Vijay Nagar, Indore",22.719764966432297,75.88382224334259,successful
ORD001459,Indore,New Palasia,"Flat 26, Park Apartments, behind hospital, New Palasia, Indore",22.72703213046912,75.86775115901948,completed
ORD001460,Indore,Palasia,"165 Fifth Road, Palasia, Indore",22.723618220669522,75.87048403445056,delivered
ORD001461,Indore,Sudama Nagar,"37 Fifth Road, gali mein, Sudama Nagar, Indore",22.714686394984437,75.86491426211586,completed
ORD001462,Indore,Rajendra Nagar,"House 174, Rajendra Nagar Area, near chai tapri, Rajendra Nagar, Indore",22.73611670291876,75.88497591123395,delivered
ORD001463,Indore,Palasia,"Building 191, Palasia, Palasia, Indore",22.728556737760496,75.87400677284367,completed
ORD001464,Indore,Bengali Square,"Flat 179, Garden Apartments, tapri ke paas, Bengali Square, Indore",22.731505822146712,75.87650668640127,successful
ORD001465,Indore,AB Road,"Room 13, River Complex, opposite school, AB Road, Indore",22.716478909558155,75.87497096927684,delivered
ORD001466,Indore,Rajendra Nagar,"Flat 51, Moonlight Apartments, Rajendra Nagar, Indore",22.73770394677616,75.88720726069423,completed
ORD001467,Indore,Sudama Nagar,"Flat 81, Moonlight Apartments, opposite school, Sudama Nagar, Indore",22.712206807230164,75.86581278689118,successful
ORD001468,Indore,Annapurna,"House 163, Annapurna Area, behind dukaan, Annapurna, Indore",22.730325504608032,75.86609092700459,successful
ORD001469,Indore,AB Road,"125/15, Silver Society, near bus stop, AB Road, Indore",22.713792815172525,75.87304800602907,delivered
ORD001470,Indore,Sudama Nagar,"107/4, Blue Society, paas mandir, Sudama Nagar, Indore",22.71543581946655,75.86281488143531,successful
ORD001471,Indore,Vijay Nagar,"Building 36, Vijay Nagar, opposite police station, Vijay Nagar, Indore",22.71943993711781,75.87794107375679,successful
ORD001472,Indore,New Palasia,"Building 52, New Palasia, opposite school, New Palasia, Indore",22.721777799025414,75.86977658937475,completed
ORD001473,Indore,New Palasia,"Building 121, New Palasia, near bus stop, New Palasia, Indore",22.727305844468646,75.87238228358427,completed
ORD001474,Indore,Rajendra Nagar,"Flat 41, Garden Apartments, behind big tree, Rajendra Nagar, Indore",22.734144452870215,75.88529129130269,delivered
ORD001475,Indore,Sudama Nagar,"House 69, Sudama Nagar Area, dukaan ke piche, Sudama Nagar, Indore",22.712457818932215,75.86334290611151,successful
ORD001476,Indore,AB Road,"Room 192, Mountain Complex, behind big tree, AB Road, Indore",22.72218810750875,75.8793892785107,completed
ORD001477,Indore,Vijay Nagar,"Room 127, Mountain Complex, Vijay Nagar, Indore",22.721311226010823,75.87453626257899,successful
ORD001478,Indore,Annapurna,"43/6, Golden Society, Annapurna, Indore",22.727619820192768,75.86162915656752,delivered
ORD001479,Indore,Palasia,"Shop 39, New Market, dukaan ke piche, Palasia, Indore",22.720615311989295,75.87514073508271,delivered
ORD001480,Indore,Bengali Square,"Flat 156, River Apartments, behind big tree, Bengali Square, Indore",22.73209331718194,75.87910090679966,successful
ORD001481,Indore,AB Road,"178/15, Blue Society, tapri ke paas, AB Road, Indore",22.718591033235843,75.87818191383032,delivered
ORD001482,Indore,New Palasia,"House 139, New Palasia Area, New Palasia, Indore",22.727268826315775,75.86654227754993,completed
ORD001483,Indore,New Palasia,"Flat 4, Star Apartments, New Palasia, Indore",22.725462710410625,75.86558226537319,completed
ORD001484,Indore,Vijay Nagar,"Room 33, River Complex, ke samne police station, Vijay Nagar, Indore",22.71620639365203,75.8759303711793,delivered
ORD001485,Indore,Vijay Nagar,"Building 39, Vijay Nagar, samne school, Vijay Nagar, Indore",22.721748571376402,75.88114999172724,completed
ORD001486,Indore,Rajendra Nagar,"Building 144, Rajendra Nagar, gali mein, Rajendra Nagar, Indore",22.738688342526682,75.8834226568929,completed
ORD001487,Indore,New Palasia,"Flat 3, Mountain Apartments, near temple, New Palasia, Indore",22.719386563695036,75.87246219161624,completed
ORD001488,Indore,New Palasia,"71 Third Road, behind big tree, New Palasia, Indore",22.72269764351002,75.86762759084058,delivered
ORD001489,Indore,Vijay Nagar,"House 103, Vijay Nagar Area, behind dukaan, Vijay Nagar, Indore",22.720526056033254,75.87599627834453,completed
ORD001490,Indore,Sudama Nagar,"House 142, Sudama Nagar Area, opposite bank, Sudama Nagar, Indore",22.71231291154153,75.85928729604548,completed
ORD001491,Indore,Rajendra Nagar,"Flat 16, Garden Apartments, ke paas chai tapri, Rajendra Nagar, Indore",22.73223255548671,75.88117184990783,completed
ORD001492,Indore,Bengali Square,"Building 125, Bengali Square, behind big tree, Bengali Square, Indore",22.73404407997582,75.87988998741325,delivered
ORD001493,Indore,Sudama Nagar,"134 Fourth Road, gali mein, Sudama Nagar, Indore",22.710913331815096,75.86029765517134,completed
ORD001494,Indore,AB Road,"House 13, AB Road Area, peeche dukaan, AB Road, Indore",22.72207046628409,75.87064340988513,successful
ORD001495,Indore,New Palasia,"92 Fourth Road, New Palasia, Indore",22.727132127435397,75.8716322679557,delivered
ORD001496,Indore,Rajendra Nagar,"Building 22, Rajendra Nagar, near market, Rajendra Nagar, Indore",22.737829281531706,75.8780443855888,successful
ORD001497,Indore,Annapurna,"Flat 132, Park Apartments, ke peeche bada ped, Annapurna, Indore",22.728319657181608,75.86071098142922,completed
ORD001498,Indore,Annapurna,"66/2, Golden Society, near temple, Annapurna, Indore",22.726347782750263,75.86404882139678,delivered
ORD001499,Indore,New Palasia,"Flat 155, Star Apartments, ke paas chai tapri, New Palasia, Indore",22.722330233900905,75.87334193443982,completed
ORD001500,Indore,Rajendra Nagar,"78 First Road, Rajendra Nagar, Indore",22.72989316037697,75.8804147683955,successful
ORD001501,Indore,AB Road,"56 Fifth Road, opposite bank, AB Road, Indore",22.719599757260102,75.8791537605035,completed
ORD001502,Indore,Rajendra Nagar,"House 157, Rajendra Nagar Area, opposite mall, Rajendra Nagar, Indore",22.730320262546915,75.88622369756591,completed
ORD001503,Indore,Rajendra Nagar,"101 Fourth Road, peeche dukaan, Rajendra Nagar, Indore",22.731920447411003,75.8844901017938,delivered
ORD001504,Indore,MG Road,"123/11, Silver Society, behind petrol pump, MG Road, Indore",22.72321736190754,75.8739901906818,delivered
ORD001505,Indore,Palasia,"Shop 18, Old Market, behind dukaan, Palasia, Indore",22.72854661733802,75.87572471052619,delivered
ORD001506,Indore,New Palasia,"Flat 51, Ocean Apartments, near chai tapri, New Palasia, Indore",22.71882621298539,75.86534843416686,successful
ORD001507,Indore,Annapurna,"Building 125, Annapurna, tapri ke paas, Annapurna, Indore",22.726852690804442,75.86964610370352,completed
ORD001508,Indore,Chhatripura,"Flat 44, Park Apartments, peeche dukaan, Chhatripura, Indore",22.71221976052714,75.8724457017012,delivered
ORD001509,Indore,AB Road,"Building 156, AB Road, tapri ke paas, AB Road, Indore",22.71910067829755,75.8747851805383,successful
ORD001510,Indore,Palasia,"Building 160, Palasia, samne school, Palasia, Indore",22.727128871026363,75.87651449642063,delivered
ORD001511,Indore,Chhatripura,"150/12, White Society, near temple, Chhatripura, Indore",22.70763725409224,75.86894034819088,delivered
ORD001512,Indore,Palasia,"Building 151, Palasia, opposite bank, Palasia, Indore",22.72827323119084,75.87503715024884,delivered
ORD001513,Indore,Rajendra Nagar,"Shop 188, Main Market, near bus stop, Rajendra Nagar, Indore",22.737476181557177,75.88316236661512,completed
ORD001514,Indore,Vijay Nagar,"Room 118, Sunshine Complex, Vijay Nagar, Indore",22.722858059539487,75.8768045055262,delivered
ORD001515,Indore,AB Road,"House 174, AB Road Area, AB Road, Indore",22.721954121892832,75.87111047175463,successful
ORD001516,Indore,New Palasia,"102 Main Road, near chai tapri, New Palasia, Indore",22.72236118490672,75.87194758983428,delivered
ORD001517,Indore,Rajendra Nagar,"Shop 105, Old Market, near chai tapri, Rajendra Nagar, Indore",22.73840854942043,75.88565312930888,completed
ORD001518,Indore,Palasia,"Building 173, Palasia, opposite school, Palasia, Indore",22.721011804434298,75.87026912465264,completed
ORD001519,Indore,Palasia,"Flat 33, Star Apartments, gali mein, Palasia, Indore",22.72239032248011,75.87654481452306,completed
ORD001520,Indore,New Palasia,"53/1, Blue Society, peeche dukaan, New Palasia, Indore",22.7207645719302,75.86591438198542,delivered
ORD001521,Indore,Palasia,"162 First Road, behind petrol pump, Palasia, Indore",22.721211622065802,75.87611954682959,delivered
ORD001522,Indore,Vijay Nagar,"164/16, Golden Society, near bus stop, Vijay Nagar, Indore",22.72066864141778,75.88094071541181,successful
ORD001523,Indore,Annapurna,"House 96, Annapurna Area, behind hospital, Annapurna, Indore",22.73187782151346,75.86805599980552,delivered
ORD001524,Indore,Palasia,"House 185, Palasia Area, samne school, Palasia, Indore",22.725683312135054,75.87104903507934,delivered
ORD001525,Indore,New Palasia,"118/10, White Society, New Palasia, Indore",22.72059727536911,75.86602265348395,completed
ORD001526,Indore,AB Road,"Building 47, AB Road, ke samne police station, AB Road, Indore",22.716581825878777,75.87209688251536,completed
ORD001527,Indore,AB Road,"Shop 169, Central Market, ke peeche bada ped, AB Road, Indore",22.716352142228157,75.87003353990085,delivered
ORD001528,Indore,Palasia,"163/14, Red Society, tapri ke paas, Palasia, Indore",22.726111101483784,75.87431979394376,completed
ORD001529,Indore,Sudama Nagar,"200 Fifth Road, Sudama Nagar, Indore",22.711316062187958,75.86297173579285,successful
ORD001530,Indore,MG Road,"House 85, MG Road Area, MG Road, Indore",22.72648235588571,75.8688755806987,delivered
ORD001531,Indore,AB Road,"Room 137, Ocean Complex, gali mein, AB Road, Indore",22.721829251704108,75.87485688185171,successful
ORD001532,Indore,Sudama Nagar,"House 156, Sudama Nagar Area, samne school, Sudama Nagar, Indore",22.710656493350992,75.86681906106351,successful
ORD001533,Indore,Chhatripura,"178 Third Road, tapri ke paas, Chhatripura, Indore",22.711061380239247,75.87089624423464,successful
ORD001534,Indore,Bengali Square,"165/5, Green Society, behind hospital, Bengali Square, Indore",22.731469819292133,75.87295178637875,delivered
ORD001535,Indore,Palasia,"Building 34, Palasia, near bus stop, Palasia, Indore",22.728638912765785,75.86991161042515,delivered
ORD001536,Indore,Annapurna,"Shop 64, Big Market, behind big tree, Annapurna, Indore",22.72475196451782,75.86140066096756,successful
ORD001537,Indore,New Palasia,"23/6, Silver Society, behind petrol pump, New Palasia, Indore",22.722236250767963,75.86411605290336,successful
ORD001538,Indore,Bengali Square,"House 99, Bengali Square Area, behind petrol pump, Bengali Square, Indore",22.73276548297378,75.88054612281825,successful
ORD001539,Indore,Rajendra Nagar,"Flat 96, Moonlight Apartments, ke peeche bada ped, Rajendra Nagar, Indore",22.73569071697851,75.88706433335567,delivered
ORD001540,Indore,Sudama Nagar,"Building 26, Sudama Nagar, near bus stop, Sudama Nagar, Indore",22.71093210995433,75.8658940109031,delivered
ORD001541,Indore,AB Road,"2/18, White Society, opposite school, AB Road, Indore",22.72110319256069,75.87687136801335,completed
ORD001542,Indore,MG Road,"Building 117, MG Road, MG Road, Indore",22.72964620539702,75.87185579766883,delivered
ORD001543,Indore,Vijay Nagar,"Flat 18, Ocean Apartments, tapri ke paas, Vijay Nagar, Indore",22.723700005626938,75.8778566947724,completed
ORD001544,Indore,Bengali Square,"30/18, White Society, opposite police station, Bengali Square, Indore",22.73263611869804,75.88030744597668,successful
ORD001545,Indore,New Palasia,"Flat 200, Moonlight Apartments, New Palasia, Indore",22.718489265779315,75.86735747014868,delivered
ORD001546,Indore,AB Road,"House 159, AB Road Area, behind petrol pump, AB Road, Indore",22.71465451783586,75.87590024558038,delivered
ORD001547,Indore,Vijay Nagar,"Room 190, Ocean Complex, opposite bank, Vijay Nagar, Indore",22.724237192878594,75.88139480427382,delivered
ORD001548,Indore,Palasia,"155 Main Road, opposite police station, Palasia, Indore",22.72106735631883,75.87691899650832,delivered
ORD001549,Indore,MG Road,"Flat 164, Star Apartments, behind petrol pump, MG Road, Indore",22.729279799540016,75.86863635234445,successful
ORD001550,Indore,New Palasia,"33 First Road, New Palasia, Indore",22.72202109699441,75.86978330731597,completed
ORD001551,Indore,AB Road,"178 Second Road, AB Road, Indore",22.723096264088774,75.87184645758195,completed
ORD001552,Indore,Sudama Nagar,"Building 49, Sudama Nagar, behind big tree, Sudama Nagar, Indore",22.717275874400045,75.86208133450735,delivered
ORD001553,Indore,Annapurna,"Flat 171, Moonlight Apartments, Annapurna, Indore",22.730053528316702,75.85993190096742,successful
ORD001554,Indore,AB Road,"Room 159, Park Complex, behind hospital, AB Road, Indore",22.719810727525765,75.87483135286391,completed
ORD001555,Indore,Sudama Nagar,"Flat 21, Park Apartments, opposite school, Sudama Nagar, Indore",22.717597437724184,75.86718737297754,completed
ORD001556,Indore,MG Road,"37 Second Road, dukaan ke piche, MG Road, Indore",22.722999454692935,75.87212781183722,delivered
ORD001557,Indore,Rajendra Nagar,"8 First Road, paas mandir, Rajendra Nagar, Indore",22.734052680196804,75.88277095173987,completed
ORD001558,Indore,Vijay Nagar,"House 162, Vijay Nagar Area, tapri ke paas, Vijay Nagar, Indore",22.716026542870335,75.87919223898868,completed
ORD001559,Indore,MG Road,"Room 147, Sunshine Complex, behind hospital, MG Road, Indore",22.723830126272006,75.87555626046857,completed
ORD001560,Indore,AB Road,"Shop 71, Local Market, near chai tapri, AB Road, Indore",22.717862782809796,75.87966030303518,successful
ORD001561,Indore,AB Road,"81 First Road, AB Road, Indore",22.721035767782617,75.87662091111419,successful
ORD001562,Indore,Annapurna,"House 66, Annapurna Area, behind hospital, Annapurna, Indore",22.72505485394873,75.86725527619889,completed
ORD001563,Indore,AB Road,"Shop 108, New Market, gali mein, AB Road, Indore",22.719776086688636,75.8733829569178,completed
ORD001564,Indore,AB Road,"House 95, AB Road Area, near bus stop, AB Road, Indore",22.720054686873773,75.87815130222126,successful
ORD001565,Indore,MG Road,"84 Second Road, samne school, MG Road, Indore",22.725393249598564,75.87307141268558,delivered
ORD001566,Indore,Palasia,"Flat 163, Garden Apartments, near bus stop, Palasia, Indore",22.721224776419152,75.87569011702531,successful
ORD001567,Indore,Bengali Square,"57/19, Green Society, Bengali Square, Indore",22.728824887186487,75.8738686135394,completed
ORD001568,Indore,Palasia,"House 185, Palasia Area, behind big tree, Palasia, Indore",22.723743173098466,75.87678983956273,delivered
ORD001569,Indore,Sudama Nagar,"Shop 197, Old Market, Sudama Nagar, Indore",22.71220816664684,75.85942880736073,completed
ORD001570,Indore,Annapurna,"Room 66, Sunshine Complex, Annapurna, Indore",22.730239392198115,75.86539488135658,completed
ORD001571,Indore,Sudama Nagar,"House 36, Sudama Nagar Area, behind big tree, Sudama Nagar, Indore",22.71001120039068,75.85900044853729,completed
ORD001572,Indore,Vijay Nagar,"147/2, Blue Society, behind petrol pump, Vijay Nagar, Indore",22.720843603242535,75.87554946364777,successful
ORD001573,Indore,Rajendra Nagar,"Flat 113, River Apartments, near chai tapri, Rajendra Nagar, Indore",22.731953345814887,75.8872208821934,delivered
ORD001574,Indore,Rajendra Nagar,"Building 37, Rajendra Nagar, ke paas chai tapri, Rajendra Nagar, Indore",22.73345149834359,75.88270227023865,delivered
ORD001575,Indore,MG Road,"Room 105, Garden Complex, opposite school, MG Road, Indore",22.729556980824537,75.87370000849145,completed
ORD001576,Indore,Annapurna,"8 Fourth Road, behind dukaan, Annapurna, Indore",22.725252099151998,75.86205952870634,delivered
ORD001577,Indore,Palasia,"Shop 89, Big Market, near chai tapri, Palasia, Indore",22.727108024208313,75.8748530176842,successful
ORD001578,Indore,Chhatripura,"56/7, Green Society, Chhatripura, Indore",22.71332466951482,75.86654254893136,completed
ORD001579,Indore,Chhatripura,"Building 25, Chhatripura, Chhatripura, Indore",22.715581692292503,75.86959297487972,delivered
ORD001580,Indore,Chhatripura,"175 Second Road, Chhatripura, Indore",22.71014253808236,75.86976620295309,completed
ORD001581,Indore,Chhatripura,"House 43, Chhatripura Area, opposite bank, Chhatripura, Indore",22.710909546079314,75.86778354310246,successful
ORD001582,Indore,Bengali Square,"House 104, Bengali Square Area, Bengali Square, Indore",22.731701341328392,75.87974478011701,completed
ORD001583,Indore,New Palasia,"Flat 142, Star Apartments, New Palasia, Indore",22.72283515518319,75.87067600526025,successful
ORD001584,Indore,New Palasia,"108 Third Road, behind hospital, New Palasia, Indore",22.71963237588397,75.86811326022625,completed
ORD001585,Indore,Annapurna,"Flat 134, Ocean Apartments, Annapurna, Indore",22.725357416358882,75.86162323704482,completed
ORD001586,Indore,Bengali Square,"Room 39, Garden Complex, Bengali Square, Indore",22.732936338622697,75.87726769193094,delivered
ORD001587,Indore,Annapurna,"Shop 69, Main Market, behind hospital, Annapurna, Indore",22.729049622763473,75.8687369702056,delivered
ORD001588,Indore,Rajendra Nagar,"Room 124, Garden Complex, tapri ke paas, Rajendra Nagar, Indore",22.730257726574077,75.8849898470779,completed
ORD001589,Indore,MG Road,"Shop 103, Main Market, behind big tree, MG Road, Indore",22.726267652311407,75.87502756296001,successful
ORD001590,Indore,Palasia,"1 Fifth Road, paas mandir, Palasia, Indore",22.720000158179207,75.87769558270054,completed
ORD001591,Indore,Chhatripura,"Building 167, Chhatripura, opposite mall, Chhatripura, Indore",22.71093175262113,75.87049208963367,completed
ORD001592,Indore,Palasia,"84 Fifth Road, dukaan ke piche, Palasia, Indore",22.72469222344115,75.87103000488496,delivered
ORD001593,Indore,Vijay Nagar,"Room 82, Star Complex, dukaan ke piche, Vijay Nagar, Indore",22.719145969556273,75.87656198566243,delivered
ORD001594,Indore,Vijay Nagar,"74/19, Blue Society, peeche dukaan, Vijay Nagar, Indore",22.72171864858568,75.87395758855517,completed
ORD001595,Indore,Bengali Square,"Building 88, Bengali Square, ke peeche bada ped, Bengali Square, Indore",22.727498151886433,75.87922897684784,successful
ORD001596,Indore,Chhatripura,"Room 7, Star Complex, near market, Chhatripura, Indore",22.71029834895161,75.87107650053566,successful
ORD001597,Indore,Annapurna,"Room 68, Mountain Complex, Annapurna, Indore",22.726628055139134,75.86358782665694,successful
ORD001598,Indore,Bengali Square,"House 59, Bengali Square Area, near chai tapri, Bengali Square, Indore",22.72763611113252,75.88189475278172,completed
ORD001599,Indore,Palasia,"House 191, Palasia Area, ke paas chai tapri, Palasia, Indore",22.721127590771733,75.87538608195098,delivered
ORD001600,Indore,MG Road,"Flat 33, Ocean Apartments, ke paas chai tapri, MG Road, Indore",22.729645776827535,75.87390554150093,completed
ORD001601,Indore,Bengali Square,"Flat 128, Star Apartments, Bengali Square, Indore",22.730683727964028,75.87289107958922,successful
ORD001602,Indore,Vijay Nagar,"House 44, Vijay Nagar Area, opposite school, Vijay Nagar, Indore",22.719633752397407,75.87535949707977,successful
ORD001603,Indore,MG Road,"Flat 159, River Apartments, MG Road, Indore",22.727195717504166,75.8666316537757,successful
ORD001604,Indore,Vijay Nagar,"155/13, Blue Society, behind big tree, Vijay Nagar, Indore",22.718842996574455,75.87557723215448,completed
ORD001605,Indore,Rajendra Nagar,"Flat 126, Mountain Apartments, behind dukaan, Rajendra Nagar, Indore",22.73006279330909,75.88431983660941,delivered
ORD001606,Indore,MG Road,"Building 91, MG Road, MG Road, Indore",22.72199683328422,75.87414194780018,completed
ORD001607,Indore,MG Road,"Flat 128, Star Apartments, dukaan ke piche, MG Road, Indore",22.725363588768005,75.8686722349281,successful
ORD001608,Indore,Palasia,"125/16, Blue Society, ke samne police station, Palasia, Indore",22.729275275023355,75.8713292950872,delivered
ORD001609,Indore,Rajendra Nagar,"69 Main Road, Rajendra Nagar, Indore",22.732167011711397,75.88182065630637,completed
ORD001610,Indore,Bengali Square,"132/18, White Society, ke paas chai tapri, Bengali Square, Indore",22.7279989614,75.87711924749304,completed
ORD001611,Indore,New Palasia,"Shop 6, Main Market, ke samne police station, New Palasia, Indore",22.721020587130766,75.86760645447542,delivered
ORD001612,Indore,AB Road,"Flat 59, Ocean Apartments, ke peeche bada ped, AB Road, Indore",22.718381731352768,75.8792466182762,delivered
ORD001613,Indore,Bengali Square,"Shop 149, Old Market, Bengali Square, Indore",22.7267777254051,75.87489371243014,completed
ORD001614,Indore,Vijay Nagar,"95 Main Road, opposite police station, Vijay Nagar, Indore",22.72468250531705,75.87646939798819,delivered
ORD001615,Indore,Rajendra Nagar,"Shop 72, Main Market, opposite mall, Rajendra Nagar, Indore",22.73358174156865,75.88110440695388,delivered
ORD001616,Indore,Rajendra Nagar,"Room 39, Garden Complex, behind big tree, Rajendra Nagar, Indore",22.737964631302706,75.88370303857897,delivered
ORD001617,Indore,MG Road,"107/13, Green Society, behind big tree, MG Road, Indore",22.72217791383145,75.87356774412356,successful
ORD001618,Indore,Rajendra Nagar,"Flat 144, Ocean Apartments, samne school, Rajendra Nagar, Indore",22.73480596654654,75.88171798960258,delivered
ORD001619,Indore,Annapurna,"170 Main Road, Annapurna, Indore",22.731256061358838,75.86496757274197,successful
ORD001620,Indore,Palasia,"Flat 178, Mountain Apartments, peeche dukaan, Palasia, Indore",22.72737433859263,75.87118486234937,completed
ORD001621,Indore,AB Road,"Flat 111, Moonlight Apartments, AB Road, Indore",22.721644354391916,75.87774787148399,successful
ORD001622,Indore,New Palasia,"House 175, New Palasia Area, New Palasia, Indore",22.723789350510938,75.86862707436914,successful
ORD001623,Indore,Chhatripura,"Building 75, Chhatripura, paas mandir, Chhatripura, Indore",22.708551151299474,75.86975831250147,delivered
ORD001624,Indore,MG Road,"Flat 58, River Apartments, behind petrol pump, MG Road, Indore",22.72629822208197,75.87408610616232,successful
ORD001625,Indore,Sudama Nagar,"86/3, Blue Society, ke paas chai tapri, Sudama Nagar, Indore",22.715763481398902,75.86070521848691,completed
ORD001626,Indore,New Palasia,"House 7, New Palasia Area, New Palasia, Indore",22.726299229189262,75.86714126577598,delivered
ORD001627,Indore,Palasia,"Building 173, Palasia, paas mandir, Palasia, Indore",22.72397949513377,75.86870148651509,successful
ORD001628,Indore,New Palasia,"Shop 84, Old Market, near bus stop, New Palasia, Indore",22.71998551686797,75.8689043497461,delivered
ORD001629,Indore,Chhatripura,"Shop 71, Old Market, Chhatripura, Indore",22.708471162216,75.86394829490919,completed
ORD001630,Indore,New Palasia,"Flat 143, River Apartments, opposite mall, New Palasia, Indore",22.717775432237897,75.86737349787653,completed
ORD001631,Indore,Chhatripura,"31/1, Red Society, gali mein, Chhatripura, Indore",22.708413594735408,75.87003426425336,delivered
ORD001632,Indore,MG Road,"38/4, Red Society, MG Road, Indore",22.7289302933164,75.87427993122554,completed
ORD001633,Indore,AB Road,"Shop 13, Central Market, opposite mall, AB Road, Indore",22.719852082827096,75.8714394054011,successful
ORD001634,Indore,Palasia,"192/6, Blue Society, Palasia, Indore",22.72778854361504,75.8702270563242,completed
ORD001635,Indore,New Palasia,"Shop 151, Local Market, opposite school, New Palasia, Indore",22.723048759690464,75.87267674450263,completed
ORD001636,Indore,Chhatripura,"Room 53, River Complex, peeche dukaan, Chhatripura, Indore",22.713595561935595,75.86475410168258,successful
ORD001637,Indore,Chhatripura,"Shop 90, Main Market, ke samne police station, Chhatripura, Indore",22.71072720040771,75.86886634712668,delivered
ORD001638,Indore,Rajendra Nagar,"Flat 74, Star Apartments, near market, Rajendra Nagar, Indore",22.737584405162718,75.87848145273186,successful
ORD001639,Indore,Vijay Nagar,"Shop 35, Central Market, Vijay Nagar, Indore",22.717127171009444,75.87772167962784,delivered
ORD001640,Indore,Chhatripura,"House 135, Chhatripura Area, behind big tree, Chhatripura, Indore",22.71252194398101,75.87092274442487,successful
ORD001641,Indore,Palasia,"Flat 87, Star Apartments, near bus stop, Palasia, Indore",22.728453179314517,75.86825005335197,completed
ORD001642,Indore,Chhatripura,"Flat 35, River Apartments, near chai tapri, Chhatripura, Indore",22.713909611525928,75.8701418253185,completed
ORD001643,Indore,Vijay Nagar,"House 198, Vijay Nagar Area, Vijay Nagar, Indore",22.724879577198276,75.8770349756324,delivered
ORD001644,Indore,Palasia,"Building 155, Palasia, opposite mall, Palasia, Indore",22.727453898296073,75.86988109693328,completed
ORD001645,Indore,Chhatripura,"Building 48, Chhatripura, near chai tapri, Chhatripura, Indore",22.716643272045438,75.87304801285198,completed
ORD001646,Indore,Bengali Square,"Shop 187, Big Market, ke paas chai tapri, Bengali Square, Indore",22.73329333790472,75.879192768543,completed
ORD001647,Indore,Bengali Square,"House 77, Bengali Square Area, Bengali Square, Indore",22.727499852460515,75.87677037845648,delivered
ORD001648,Indore,Chhatripura,"Building 146, Chhatripura, ke paas chai tapri, Chhatripura, Indore",22.71405490887994,75.87126063977337,delivered
ORD001649,Indore,Annapurna,"107 Third Road, samne school, Annapurna, Indore",22.730194463771376,75.868160215911,completed
ORD001650,Indore,Chhatripura,"House 2, Chhatripura Area, Chhatripura, Indore",22.709333134091533,75.86907153553071,successful
ORD001651,Indore,Sudama Nagar,"Room 26, Ocean Complex, Sudama Nagar, Indore",22.71758878766027,75.85956786068095,completed
ORD001652,Indore,Rajendra Nagar,"House 30, Rajendra Nagar Area, near bus stop, Rajendra Nagar, Indore",22.737734482884722,75.87981609672596,successful
ORD001653,Indore,New Palasia,"Flat 21, Sunshine Apartments, paas mandir, New Palasia, Indore",22.719859806273238,75.86521060866062,completed
ORD001654,Indore,Annapurna,"Room 38, Moonlight Complex, paas mandir, Annapurna, Indore",22.730154523219706,75.86482450431522,successful
ORD001655,Indore,Bengali Square,"House 187, Bengali Square Area, near bus stop, Bengali Square, Indore",22.734604700844063,75.87581175031809,completed
ORD001656,Indore,Rajendra Nagar,"47 First Road, ke samne police station, Rajendra Nagar, Indore",22.73245784488942,75.87926861105719,completed
ORD001657,Indore,Rajendra Nagar,"184/7, Green Society, Rajendra Nagar, Indore",22.731758290102196,75.87985641028327,delivered
ORD001658,Indore,MG Road,"Flat 11, Moonlight Apartments, MG Road, Indore",22.72923832910534,75.86711738875407,successful
ORD001659,Indore,AB Road,"Room 171, Sunshine Complex, AB Road, Indore",22.714733006830365,75.87179703486201,completed
ORD001660,Indore,MG Road,"108 Main Road, opposite bank, MG Road, Indore",22.730855584359244,75.86905637947562,successful
ORD001661,Indore,AB Road,"156 First Road, AB Road, Indore",22.720741480743683,75.87394623137557,successful
ORD001662,Indore,Chhatripura,"Shop 134, Central Market, peeche dukaan, Chhatripura, Indore",22.714019980152898,75.86764073073358,successful
ORD001663,Indore,Bengali Square,"House 58, Bengali Square Area, near bus stop, Bengali Square, Indore",22.728257428879466,75.87632768202894,delivered
ORD001664,Indore,Vijay Nagar,"Shop 173, New Market, tapri ke paas, Vijay Nagar, Indore",22.720537608485127,75.88319189537786,delivered
ORD001665,Indore,Palasia,"House 19, Palasia Area, ke samne police station, Palasia, Indore",22.72607813804106,75.87720283793661,successful
ORD001666,Indore,Annapurna,"Building 174, Annapurna, Annapurna, Indore",22.729735034879333,75.86068890317229,successful
ORD001667,Indore,New Palasia,"Building 166, New Palasia, New Palasia, Indore",22.72196507927387,75.87157614765798,successful
ORD001668,Indore,New Palasia,"Building 16, New Palasia, peeche dukaan, New Palasia, Indore",22.719118999254242,75.87319637943345,delivered
ORD001669,Indore,Bengali Square,"House 179, Bengali Square Area, opposite police station, Bengali Square, Indore",22.73375483589111,75.87886123003028,successful
ORD001670,Indore,MG Road,"Building 93, MG Road, near chai tapri, MG Road, Indore",22.723584101913186,75.86684146782278,completed
ORD001671,Indore,AB Road,"Room 140, River Complex, behind dukaan, AB Road, Indore",22.715485397874872,75.87036587858017,delivered
ORD001672,Indore,Chhatripura,"112 First Road, opposite mall, Chhatripura, Indore",22.712927267971747,75.86515593976516,completed
ORD001673,Indore,Palasia,"Room 109, Sunshine Complex, Palasia, Indore",22.720857214532163,75.87566210267181,completed
ORD001674,Indore,MG Road,"Flat 104, Sunshine Apartments, near chai tapri, MG Road, Indore",22.728221440015307,75.86749931083057,successful
ORD001675,Indore,Annapurna,"House 106, Annapurna Area, Annapurna, Indore",22.724625990046146,75.86346885481314,successful
ORD001676,Indore,Chhatripura,"185/11, Red Society, opposite school, Chhatripura, Indore",22.708316716123228,75.86681021126746,completed
ORD001677,Indore,New Palasia,"Flat 116, Sunshine Apartments, New Palasia, Indore",22.72411740128708,75.8714543521664,completed
ORD001678,Indore,Chhatripura,"Shop 76, New Market, ke paas chai tapri, Chhatripura, Indore",22.711621873836542,75.86908588192517,completed
ORD001679,Indore,Bengali Square,"Flat 36, Park Apartments, opposite bank, Bengali Square, Indore",22.726822549651374,75.8721618102099,completed
ORD001680,Indore,MG Road,"Room 10, Moonlight Complex, samne school, MG Road, Indore",22.725709539427843,75.86927896731348,successful
ORD001681,Indore,AB Road,"126/10, Green Society, opposite school, AB Road, Indore",22.722707309431225,75.87776363162153,successful
ORD001682,Indore,AB Road,"Shop 132, Old Market, AB Road, Indore",22.723394950949032,75.87255251068633,successful
ORD001683,Indore,Palasia,"Building 163, Palasia, ke peeche bada ped, Palasia, Indore",22.723639626885262,75.8709922625128,completed
ORD001684,Indore,New Palasia,"Flat 8, Garden Apartments, New Palasia, Indore",22.725316785456368,75.86792766947212,successful
ORD001685,Indore,Sudama Nagar,"Shop 35, Local Market, ke samne police station, Sudama Nagar, Indore",22.717253544200876,75.86581409401407,completed
ORD001686,Indore,Chhatripura,"Room 86, River Complex, near bus stop, Chhatripura, Indore",22.70900250971487,75.87248499992262,successful
ORD001687,Indore,Annapurna,"63/12, Green Society, ke peeche bada ped, Annapurna, Indore",22.731145848167113,75.86073293686931,completed
ORD001688,Indore,Annapurna,"Building 43, Annapurna, Annapurna, Indore",22.73304452911356,75.86407047003128,successful
ORD001689,Indore,Bengali Square,"Room 140, Garden Complex, ke peeche bada ped, Bengali Square, Indore",22.73412241974256,75.87263394474758,delivered
ORD001690,Indore,Sudama Nagar,"147/5, Red Society, Sudama Nagar, Indore",22.716065705942572,75.86127617549326,completed
ORD001691,Indore,MG Road,"47/4, White Society, near temple, MG Road, Indore",22.728063314457845,75.87273380790944,successful
ORD001692,Indore,Rajendra Nagar,"106 Fourth Road, dukaan ke piche, Rajendra Nagar, Indore",22.735279158992373,75.88030621525496,delivered
ORD001693,Indore,Palasia,"Flat 35, River Apartments, Palasia, Indore",22.72276351507615,75.87320973203771,completed
ORD001694,Indore,New Palasia,"Building 88, New Palasia, New Palasia, Indore",22.725358143197482,75.87052493172003,successful
ORD001695,Indore,Rajendra Nagar,"Shop 6, Local Market, dukaan ke piche, Rajendra Nagar, Indore",22.73707668583212,75.88293454427594,delivered
ORD001696,Indore,Sudama Nagar,"Building 111, Sudama Nagar, behind dukaan, Sudama Nagar, Indore",22.717307052540534,75.86356232863416,completed
ORD001697,Indore,New Palasia,"Shop 143, Main Market, opposite police station, New Palasia, Indore",22.725779462190683,75.87110587646877,completed
ORD001698,Indore,Vijay Nagar,"Room 105, Garden Complex, Vijay Nagar, Indore",22.721722005960043,75.88006785051041,delivered
ORD001699,Indore,AB Road,"153/5, Red Society, behind petrol pump, AB Road, Indore",22.72050569286202,75.87194545322326,delivered
ORD001700,Indore,Rajendra Nagar,"Room 169, Park Complex, tapri ke paas, Rajendra Nagar, Indore",22.73685209504962,75.880310875769,successful
ORD001701,Indore,Palasia,"Building 138, Palasia, Palasia, Indore",22.727485855102437,75.8752381922923,delivered
ORD001702,Indore,Palasia,"Building 75, Palasia, Palasia, Indore",22.721948968280614,75.87419557902939,successful
ORD001703,Indore,MG Road,"Building 48, MG Road, MG Road, Indore",22.724330398900104,75.86900510051466,completed
ORD001704,Indore,New Palasia,"Shop 132, New Market, New Palasia, Indore",22.724786271906694,75.86566990336526,delivered
ORD001705,Indore,Vijay Nagar,"Room 46, Sunshine Complex, samne school, Vijay Nagar, Indore",22.71714164664776,75.88056897833428,completed
ORD001706,Indore,Chhatripura,"164 First Road, Chhatripura, Indore",22.71230252049346,75.87092423291145,successful
ORD001707,Indore,MG Road,"Shop 51, Old Market, ke paas chai tapri, MG Road, Indore",22.730523664046096,75.87250221656907,completed
ORD001708,Indore,Palasia,"166 Fifth Road, Palasia, Indore",22.726467433735294,75.87734430310998,completed
ORD001709,Indore,AB Road,"Shop 148, Main Market, dukaan ke piche, AB Road, Indore",22.715253584347675,75.87783117519983,successful
ORD001710,Indore,Rajendra Nagar,"House 34, Rajendra Nagar Area, peeche dukaan, Rajendra Nagar, Indore",22.73492400400694,75.8793966585096,successful
ORD001711,Indore,Bengali Square,"Shop 32, New Market, Bengali Square, Indore",22.732976893609354,75.8738127627127,completed
ORD001712,Indore,Chhatripura,"Shop 123, Central Market, near market, Chhatripura, Indore",22.711698203134226,75.86492428357444,successful
ORD001713,Indore,Vijay Nagar,"Shop 176, Old Market, near temple, Vijay Nagar, Indore",22.7164036756818,75.87761383639005,delivered
ORD001714,Indore,Annapurna,"Flat 78, Star Apartments, ke samne police station, Annapurna, Indore",22.72785493807386,75.86347784402365,completed
ORD001715,Indore,Vijay Nagar,"Building 116, Vijay Nagar, Vijay Nagar, Indore",22.7175915515186,75.87435912458612,completed
ORD001716,Indore,New Palasia,"57 First Road, New Palasia, Indore",22.72604361077267,75.86557389288039,delivered
ORD001717,Indore,Annapurna,"House 188, Annapurna Area, opposite school, Annapurna, Indore",22.724672993320993,75.86269048006982,delivered
ORD001718,Indore,Sudama Nagar,"Shop 180, Big Market, Sudama Nagar, Indore",22.718023253463414,75.86666783161779,successful
ORD001719,Indore,AB Road,"Room 22, Star Complex, AB Road, Indore",22.717044972723116,75.87272029909185,completed
ORD001720,Indore,Rajendra Nagar,"85 First Road, dukaan ke piche, Rajendra Nagar, Indore",22.73753644898503,75.87867312350302,completed
ORD001721,Indore,AB Road,"72/5, Silver Society, dukaan ke piche, AB Road, Indore",22.71535737296293,75.87911618776056,successful
ORD001722,Indore,Annapurna,"121/1, Blue Society, dukaan ke piche, Annapurna, Indore",22.72727002418077,75.86316789723318,delivered
ORD001723,Indore,AB Road,"Room 55, Star Complex, paas mandir, AB Road, Indore",22.72203109846783,75.86995375985036,successful
ORD001724,Indore,Annapurna,"House 154, Annapurna Area, Annapurna, Indore",22.725634535264565,75.86439732373456,delivered
ORD001725,Indore,Chhatripura,"139 Fifth Road, behind hospital, Chhatripura, Indore",22.7120046088335,75.86447737842272,delivered
ORD001726,Indore,Chhatripura,"107/5, Green Society, ke paas chai tapri, Chhatripura, Indore",22.7131721075701,75.87225710957136,completed
ORD001727,Indore,Annapurna,"Flat 71, Star Apartments, behind hospital, Annapurna, Indore",22.724578300501566,75.86224755051025,completed
ORD001728,Indore,Palasia,"55 Fifth Road, Palasia, Indore",22.72110124660397,75.8725323294058,successful
ORD001729,Indore,AB Road,"131/3, Blue Society, tapri ke paas, AB Road, Indore",22.72158770985396,75.87082272112283,delivered
ORD001730,Indore,MG Road,"Flat 31, Moonlight Apartments, MG Road, Indore",22.727744142682155,75.87300386604025,successful
ORD001731,Indore,Annapurna,"Building 76, Annapurna, Annapurna, Indore",22.73101963296729,75.865229886452,delivered
ORD001732,Indore,AB Road,"Flat 154, Garden Apartments, opposite bank, AB Road, Indore",22.71474347008605,75.87702143385592,successful
ORD001733,Indore,Annapurna,"Flat 21, Ocean Apartments, opposite bank, Annapurna, Indore",22.73154276225258,75.86430256241181,successful
ORD001734,Indore,Bengali Square,"31/15, Blue Society, opposite school, Bengali Square, Indore",22.727462234568353,75.87649897700298,delivered
ORD001735,Indore,Bengali Square,"182 Fourth Road, Bengali Square, Indore",22.73461979639188,75.88189243261695,completed
ORD001736,Indore,New Palasia,"House 107, New Palasia Area, opposite mall, New Palasia, Indore",22.722932986308493,75.8735757253407,delivered
ORD001737,Indore,Chhatripura,"108 Fifth Road, Chhatripura, Indore",22.717403142259876,75.87360502535324,delivered
ORD001738,Indore,Chhatripura,"House 154, Chhatripura Area, near market, Chhatripura, Indore",22.71640191345118,75.87248059266322,completed
ORD001739,Indore,Rajendra Nagar,"47 Fourth Road, opposite police station, Rajendra Nagar, Indore",22.735931359639288,75.87873607969267,successful
ORD001740,Indore,New Palasia,"Building 3, New Palasia, gali mein, New Palasia, Indore",22.718825734013794,75.86880223852481,delivered
ORD001741,Indore,Chhatripura,"House 129, Chhatripura Area, near temple, Chhatripura, Indore",22.715113586541413,75.87290351255727,successful
ORD001742,Indore,Rajendra Nagar,"Flat 6, River Apartments, tapri ke paas, Rajendra Nagar, Indore",22.738948845464453,75.87998354770929,successful
ORD001743,Indore,MG Road,"Room 23, Ocean Complex, paas mandir, MG Road, Indore",22.72562260319623,75.87268750221136,delivered
ORD001744,Indore,Sudama Nagar,"10 Main Road, opposite mall, Sudama Nagar, Indore",22.71415632900558,75.86106695989285,successful
ORD001745,Indore,Sudama Nagar,"Building 143, Sudama Nagar, Sudama Nagar, Indore",22.71433383187297,75.86163492980988,successful
ORD001746,Indore,Annapurna,"Room 96, Sunshine Complex, opposite bank, Annapurna, Indore",22.732343123947587,75.86549622821231,completed
ORD001747,Indore,Bengali Square,"Shop 95, Central Market, tapri ke paas, Bengali Square, Indore",22.73444226824652,75.87628699046654,completed
ORD001748,Indore,AB Road,"140/9, Blue Society, AB Road, Indore",22.715397008634838,75.87643757413841,successful
ORD001749,Indore,New Palasia,"Flat 36, Moonlight Apartments, opposite mall, New Palasia, Indore",22.719630660176687,75.86446863208116,successful
ORD001750,Indore,Annapurna,"Building 131, Annapurna, peeche dukaan, Annapurna, Indore",22.730692912239117,75.86506623795347,delivered
ORD001751,Indore,MG Road,"Building 107, MG Road, MG Road, Indore",22.727424025077188,75.86930478117306,completed
ORD001752,Indore,MG Road,"Shop 171, Big Market, dukaan ke piche, MG Road, Indore",22.72665245142952,75.87165459288587,delivered
ORD001753,Indore,Bengali Square,"Room 70, Ocean Complex, tapri ke paas, Bengali Square, Indore",22.727307220103214,75.87222431170305,successful
ORD001754,Indore,AB Road,"93 Main Road, AB Road, Indore",22.71748995067414,75.87852866133106,successful
ORD001755,Indore,Sudama Nagar,"110/14, Green Society, gali mein, Sudama Nagar, Indore",22.71351762794456,75.86170039028013,delivered
ORD001756,Indore,Palasia,"29/13, Blue Society, paas mandir, Palasia, Indore",22.72712990682196,75.87611820412863,successful
ORD001757,Indore,New Palasia,"110/3, White Society, New Palasia, Indore",22.724185050238912,75.87026374164945,delivered
ORD001758,Indore,Chhatripura,"Room 73, River Complex, near temple, Chhatripura, Indore",22.713764738088333,75.87221858773536,delivered
ORD001759,Indore,Rajendra Nagar,"Building 141, Rajendra Nagar, ke samne police station, Rajendra Nagar, Indore",22.73438382168961,75.88580777615697,completed
ORD001760,Indore,AB Road,"146/6, White Society, opposite bank, AB Road, Indore",22.71582149551843,75.87289596612985,delivered
ORD001761,Indore,Annapurna,"Shop 19, Central Market, Annapurna, Indore",22.724471036567934,75.86206418422289,successful
ORD001762,Indore,MG Road,"Room 143, Park Complex, samne school, MG Road, Indore",22.727959793903317,75.87040832964455,completed
ORD001763,Indore,Bengali Square,"Building 67, Bengali Square, Bengali Square, Indore",22.728531444061918,75.87474431618283,successful
ORD001764,Indore,AB Road,"Room 134, Mountain Complex, opposite school, AB Road, Indore",22.723147530408323,75.87836408430243,successful
ORD001765,Indore,Vijay Nagar,"Flat 161, Mountain Apartments, opposite school, Vijay Nagar, Indore",22.721128363064974,75.87915775347005,delivered
ORD001766,Indore,AB Road,"Shop 52, Central Market, AB Road, Indore",22.716622839036166,75.87109781896845,delivered
ORD001767,Indore,MG Road,"House 140, MG Road Area, peeche dukaan, MG Road, Indore",22.72888103428261,75.86915111111294,completed
ORD001768,Indore,Rajendra Nagar,"Flat 189, Sunshine Apartments, behind big tree, Rajendra Nagar, Indore",22.73450289030039,75.88788081765716,completed
ORD001769,Indore,New Palasia,"58 Fourth Road, gali mein, New Palasia, Indore",22.723190352308524,75.8724496249832,delivered
ORD001770,Indore,AB Road,"Building 162, AB Road, ke samne police station, AB Road, Indore",22.72094871823098,75.87591641303356,delivered
ORD001771,Indore,New Palasia,"Building 179, New Palasia, New Palasia, Indore",22.727359084858733,75.86909496385118,successful
ORD001772,Indore,Palasia,"135 Second Road, behind big tree, Palasia, Indore",22.728739095268924,75.87308361228862,delivered
ORD001773,Indore,New Palasia,"House 143, New Palasia Area, opposite school, New Palasia, Indore",22.72199860485355,75.86850348317553,successful
ORD001774,Indore,AB Road,"172 Third Road, behind petrol pump, AB Road, Indore",22.716628429937334,75.87822942962534,successful
ORD001775,Indore,AB Road,"193 Main Road, AB Road, Indore",22.721786022610107,75.87052678027821,successful
ORD001776,Indore,Vijay Nagar,"Shop 155, Big Market, behind hospital, Vijay Nagar, Indore",22.720910021062366,75.87547320622522,delivered
ORD001777,Indore,Sudama Nagar,"Room 122, Park Complex, Sudama Nagar, Indore",22.717921813416417,75.85816952185206,completed
ORD001778,Indore,New Palasia,"Room 168, Park Complex, opposite police station, New Palasia, Indore",22.723058760652524,75.86935248635719,successful
ORD001779,Indore,Vijay Nagar,"Shop 65, Old Market, Vijay Nagar, Indore",22.723765038369024,75.87453474479241,delivered
ORD001780,Indore,Annapurna,"94/3, White Society, gali mein, Annapurna, Indore",22.726223988906973,75.86372832362174,delivered
ORD001781,Indore,Sudama Nagar,"72 Fourth Road, behind petrol pump, Sudama Nagar, Indore",22.716677238751952,75.85799038634204,successful
ORD001782,Indore,Annapurna,"Shop 98, Old Market, Annapurna, Indore",22.725383639735238,75.8610964293772,completed
ORD001783,Indore,MG Road,"Building 162, MG Road, samne school, MG Road, Indore",22.730705482186465,75.8690856221913,delivered
ORD001784,Indore,Chhatripura,"Flat 71, Ocean Apartments, ke peeche bada ped, Chhatripura, Indore",22.71001769834511,75.87174340129575,delivered
ORD001785,Indore,Sudama Nagar,"Room 27, River Complex, behind petrol pump, Sudama Nagar, Indore",22.711342318740726,75.86213160752136,delivered
ORD001786,Indore,Vijay Nagar,"111 First Road, Vijay Nagar, Indore",22.724780267496048,75.88099385623686,successful
ORD001787,Indore,AB Road,"Flat 197, Moonlight Apartments, AB Road, Indore",22.718139057465834,75.87829836854813,successful
ORD001788,Indore,Rajendra Nagar,"94 Fourth Road, ke samne police station, Rajendra Nagar, Indore",22.730603180112443,75.88170679947933,successful
ORD001789,Indore,New Palasia,"Building 116, New Palasia, New Palasia, Indore",22.719709655744868,75.87213778009735,completed
ORD001790,Indore,Bengali Square,"Room 107, River Complex, tapri ke paas, Bengali Square, Indore",22.729966562947958,75.87330818536932,completed
ORD001791,Indore,Palasia,"Building 153, Palasia, behind dukaan, Palasia, Indore",22.727866124897275,75.87376435913197,completed
ORD001792,Indore,New Palasia,"Building 117, New Palasia, ke peeche bada ped, New Palasia, Indore",22.721566098048985,75.86884295903481,completed
ORD001793,Indore,Rajendra Nagar,"House 43, Rajendra Nagar Area, ke paas chai tapri, Rajendra Nagar, Indore",22.738368101472492,75.88694268516491,successful
ORD001794,Indore,MG Road,"House 161, MG Road Area, MG Road, Indore",22.72804998136761,75.87468415017996,successful
ORD001795,Indore,New Palasia,"182/3, Silver Society, behind petrol pump, New Palasia, Indore",22.722989117393265,75.86774318562354,successful
ORD001796,Indore,New Palasia,"36 Third Road, behind dukaan, New Palasia, Indore",22.717658284511444,75.8718763557315,delivered
ORD001797,Indore,Bengali Square,"77/12, Silver Society, behind petrol pump, Bengali Square, Indore",22.731537218974623,75.87632128463535,successful
ORD001798,Indore,Bengali Square,"Shop 13, New Market, near temple, Bengali Square, Indore",22.727902350108813,75.87931516158724,successful
ORD001799,Indore,Palasia,"Building 159, Palasia, near market, Palasia, Indore",22.72832275998028,75.87239439158384,successful
ORD001800,Indore,Palasia,"Flat 61, River Apartments, dukaan ke piche, Palasia, Indore",22.726989596305046,75.86854207012954,successful
ORD001801,Indore,Rajendra Nagar,"63/9, Green Society, gali mein, Rajendra Nagar, Indore",22.737127762527315,75.88357613078044,successful
ORD001802,Indore,MG Road,"House 144, MG Road Area, samne school, MG Road, Indore",22.7223275289438,75.87307933686299,delivered
ORD001803,Indore,Sudama Nagar,"House 11, Sudama Nagar Area, paas mandir, Sudama Nagar, Indore",22.719507991704678,75.8656852601776,successful
ORD001804,Indore,MG Road,"43 Second Road, near chai tapri, MG Road, Indore",22.721775951755212,75.86644698971514,delivered
ORD001805,Indore,Rajendra Nagar,"Room 71, Star Complex, Rajendra Nagar, Indore",22.739281927494503,75.88575243569763,completed
ORD001806,Indore,Palasia,"Building 155, Palasia, opposite school, Palasia, Indore",22.721147092906275,75.87306401642681,delivered
ORD001807,Indore,AB Road,"184 Fourth Road, AB Road, Indore",22.717178443277323,75.87692461809719,successful
ORD001808,Indore,Chhatripura,"54/1, Green Society, Chhatripura, Indore",22.713258904657923,75.86607023874575,delivered
ORD001809,Indore,Vijay Nagar,"Flat 183, River Apartments, Vijay Nagar, Indore",22.718615025501595,75.88350839392407,successful
ORD001810,Indore,Vijay Nagar,"Flat 166, Sunshine Apartments, Vijay Nagar, Indore",22.72005503378668,75.87550208839413,delivered
ORD001811,Indore,AB Road,"112/20, Blue Society, tapri ke paas, AB Road, Indore",22.721556351645223,75.87376594344009,completed
ORD001812,Indore,Palasia,"Flat 196, Ocean Apartments, dukaan ke piche, Palasia, Indore",22.72038559580917,75.87720251447291,completed
ORD001813,Indore,Palasia,"43 Third Road, Palasia, Indore",22.721376187381836,75.87524180358913,completed
ORD001814,Indore,Palasia,"67/18, Red Society, Palasia, Indore",22.723127567049566,75.87555203137693,successful
ORD001815,Indore,MG Road,"Shop 77, Local Market, MG Road, Indore",22.72677359063988,75.86747130948213,delivered
ORD001816,Indore,Annapurna,"House 15, Annapurna Area, ke paas chai tapri, Annapurna, Indore",22.730757199029913,75.86841004526967,completed
ORD001817,Indore,MG Road,"73/15, Silver Society, MG Road, Indore",22.728205229784844,75.86722321853873,delivered
ORD001818,Indore,MG Road,"1 Fourth Road, paas mandir, MG Road, Indore",22.72311654492636,75.8689232956429,delivered
ORD001819,Indore,Annapurna,"44 Second Road, near chai tapri, Annapurna, Indore",22.72772920239293,75.86002122527398,completed
ORD001820,Indore,Rajendra Nagar,"Room 87, Mountain Complex, behind big tree, Rajendra Nagar, Indore",22.733046841602725,75.88276358133851,delivered
ORD001821,Indore,MG Road,"Flat 32, Star Apartments, near bus stop, MG Road, Indore",22.730434446808545,75.86909018875387,successful
ORD001822,Indore,New Palasia,"Flat 144, River Apartments, behind dukaan, New Palasia, Indore",22.72127917382214,75.86883538185549,successful
ORD001823,Indore,MG Road,"Building 79, MG Road, MG Road, Indore",22.725810838306135,75.87186569892575,delivered
ORD001824,Indore,Vijay Nagar,"60/10, Green Society, opposite police station, Vijay Nagar, Indore",22.715974458081362,75.87901194087435,completed
ORD001825,Indore,Palasia,"Flat 142, Star Apartments, Palasia, Indore",22.727447118965305,75.87689622998455,successful
ORD001826,Indore,Palasia,"Flat 33, Mountain Apartments, ke paas chai tapri, Palasia, Indore",22.725166303760417,75.87573977539512,successful
ORD001827,Indore,Vijay Nagar,"Room 116, River Complex, gali mein, Vijay Nagar, Indore",22.71764159937184,75.88318762140044,successful
ORD001828,Indore,Palasia,"176/5, Green Society, opposite mall, Palasia, Indore",22.72914104694404,75.87082759366466,successful
ORD001829,Indore,Vijay Nagar,"Flat 37, Garden Apartments, near chai tapri, Vijay Nagar, Indore",22.718713369275292,75.88184158445931,delivered
ORD001830,Indore,Sudama Nagar,"Flat 10, Star Apartments, tapri ke paas, Sudama Nagar, Indore",22.717724156006916,75.86405646788731,completed
ORD001831,Indore,Rajendra Nagar,"Flat 182, Park Apartments, behind big tree, Rajendra Nagar, Indore",22.730409084269684,75.88122266099316,delivered
ORD001832,Indore,AB Road,"42/6, White Society, opposite bank, AB Road, Indore",22.72182391882878,75.87549265367096,completed
ORD001833,Indore,Annapurna,"House 39, Annapurna Area, ke samne police station, Annapurna, Indore",22.733523045161686,75.86239095815296,delivered
ORD001834,Indore,Chhatripura,"House 50, Chhatripura Area, Chhatripura, Indore",22.712470314395258,75.86431940651218,delivered
ORD001835,Indore,Rajendra Nagar,"Building 77, Rajendra Nagar, paas mandir, Rajendra Nagar, Indore",22.733890362303846,75.881942635966,completed
ORD001836,Indore,Annapurna,"151 First Road, near bus stop, Annapurna, Indore",22.727907350960525,75.86978275459367,completed
ORD001837,Indore,Palasia,"Room 111, Ocean Complex, Palasia, Indore",22.72126662053492,75.87338568232373,delivered
ORD001838,Indore,New Palasia,"Shop 23, Central Market, opposite mall, New Palasia, Indore",22.72202396123518,75.86792018993314,successful
ORD001839,Indore,Annapurna,"House 26, Annapurna Area, peeche dukaan, Annapurna, Indore",22.724149206744915,75.86682561286666,completed
ORD001840,Indore,Vijay Nagar,"Flat 154, Star Apartments, dukaan ke piche, Vijay Nagar, Indore",22.718831106788677,75.87502412095485,completed
ORD001841,Indore,Annapurna,"House 154, Annapurna Area, Annapurna, Indore",22.73299438951527,75.86642740942673,delivered
ORD001842,Indore,Bengali Square,"Room 188, Star Complex, ke paas chai tapri, Bengali Square, Indore",22.733397885699922,75.87461124904394,completed
ORD001843,Indore,MG Road,"Building 59, MG Road, MG Road, Indore",22.72978901496158,75.8695745193115,delivered
ORD001844,Indore,Annapurna,"55/20, Red Society, near market, Annapurna, Indore",22.72602986314473,75.86972499508893,completed
ORD001845,Indore,New Palasia,"12 Second Road, New Palasia, Indore",22.723792420075746,75.86517306793549,successful
ORD001846,Indore,Chhatripura,"Flat 190, Ocean Apartments, samne school, Chhatripura, Indore",22.713483811267114,75.86916655526655,completed
ORD001847,Indore,New Palasia,"Room 178, River Complex, ke peeche bada ped, New Palasia, Indore",22.7240731046502,75.8672317248269,successful
ORD001848,Indore,Rajendra Nagar,"Flat 127, Sunshine Apartments, near market, Rajendra Nagar, Indore",22.735568502418356,75.88064615460578,delivered
ORD001849,Indore,Palasia,"House 4, Palasia Area, behind petrol pump, Palasia, Indore",22.72245326360075,75.87340946244605,completed
ORD001850,Indore,Vijay Nagar,"Building 150, Vijay Nagar, ke peeche bada ped, Vijay Nagar, Indore",22.720632359514948,75.8771741617436,delivered
ORD001851,Indore,MG Road,"Shop 113, Big Market, opposite mall, MG Road, Indore",22.72228815377058,75.87170211916794,delivered
ORD001852,Indore,Sudama Nagar,"7/1, Red Society, near bus stop, Sudama Nagar, Indore",22.712847654124143,75.86743328810361,successful
ORD001853,Indore,Palasia,"Shop 84, Old Market, Palasia, Indore",22.727507634762546,75.86903081265562,successful
ORD001854,Indore,AB Road,"134 Main Road, paas mandir, AB Road, Indore",22.72158941595548,75.87731239874772,delivered
ORD001855,Indore,Vijay Nagar,"124 First Road, near bus stop, Vijay Nagar, Indore",22.715946193460784,75.87536875262408,delivered
ORD001856,Indore,Rajendra Nagar,"Shop 119, New Market, behind petrol pump, Rajendra Nagar, Indore",22.73854984678539,75.88567466306614,successful
ORD001857,Indore,Sudama Nagar,"House 65, Sudama Nagar Area, opposite school, Sudama Nagar, Indore",22.70980128042548,75.85857310020533,delivered
ORD001858,Indore,Vijay Nagar,"Shop 124, Local Market, opposite bank, Vijay Nagar, Indore",22.723750576021054,75.88147747152661,successful
ORD001859,Indore,Rajendra Nagar,"Room 178, River Complex, near market, Rajendra Nagar, Indore",22.739295003304075,75.8779524934935,completed
ORD001860,Indore,Annapurna,"Shop 73, Old Market, Annapurna, Indore",22.72642959322552,75.8617747365482,delivered
ORD001861,Indore,Sudama Nagar,"73/17, Blue Society, peeche dukaan, Sudama Nagar, Indore",22.711918166688115,75.86611585804378,completed
ORD001862,Indore,MG Road,"House 85, MG Road Area, samne school, MG Road, Indore",22.73118784983384,75.86688629470476,successful
ORD001863,Indore,New Palasia,"House 164, New Palasia Area, behind hospital, New Palasia, Indore",22.721440434699165,75.86491634485482,delivered
ORD001864,Indore,MG Road,"House 82, MG Road Area, behind petrol pump, MG Road, Indore",22.72485151528575,75.87447409884462,completed
ORD001865,Indore,AB Road,"103/7, White Society, AB Road, Indore",22.72036223882525,75.87256837347752,delivered
ORD001866,Indore,New Palasia,"119 Third Road, New Palasia, Indore",22.72186835445438,75.86907101605729,successful
ORD001867,Indore,Annapurna,"Room 37, Ocean Complex, Annapurna, Indore",22.733070000202584,75.8697868492275,delivered
ORD001868,Indore,MG Road,"181 Main Road, opposite school, MG Road, Indore",22.728247102003134,75.8696057951981,completed
ORD001869,Indore,Palasia,"Flat 199, Moonlight Apartments, Palasia, Indore",22.728815666806273,75.87500333634681,delivered
ORD001870,Indore,Rajendra Nagar,"Room 167, Mountain Complex, near market, Rajendra Nagar, Indore",22.738591778280774,75.88501972132464,successful
ORD001871,Indore,Vijay Nagar,"123 Fourth Road, behind big tree, Vijay Nagar, Indore",22.71741822386078,75.87858203429188,successful
ORD001872,Indore,MG Road,"Flat 82, Mountain Apartments, tapri ke paas, MG Road, Indore",22.72552350177075,75.87074839628778,delivered
ORD001873,Indore,Rajendra Nagar,"Building 126, Rajendra Nagar, Rajendra Nagar, Indore",22.738068825079463,75.88039963137518,completed
ORD001874,Indore,Palasia,"Building 100, Palasia, paas mandir, Palasia, Indore",22.728723297638343,75.86892895426816,delivered
ORD001875,Indore,New Palasia,"Shop 78, Local Market, dukaan ke piche, New Palasia, Indore",22.724048446180692,75.86660234798319,completed
ORD001876,Indore,Annapurna,"Shop 99, Local Market, Annapurna, Indore",22.73277246362927,75.86207699330019,delivered
ORD001877,Indore,Rajendra Nagar,"17 Fifth Road, Rajendra Nagar, Indore",22.73326289576801,75.8803651758777,successful
ORD001878,Indore,Chhatripura,"House 53, Chhatripura Area, ke samne police station, Chhatripura, Indore",22.71650057621629,75.86784023251955,completed
ORD001879,Indore,AB Road,"House 122, AB Road Area, opposite bank, AB Road, Indore",22.717513094976503,75.87062802939367,delivered
ORD001880,Indore,Sudama Nagar,"127/6, Golden Society, opposite school, Sudama Nagar, Indore",22.712227350423145,75.85814186594409,successful
ORD001881,Indore,Vijay Nagar,"94 First Road, near chai tapri, Vijay Nagar, Indore",22.716936019789276,75.8781621295036,delivered
ORD001882,Indore,Sudama Nagar,"Room 158, Park Complex, behind dukaan, Sudama Nagar, Indore",22.71059099347756,75.86788781747035,completed
ORD001883,Indore,New Palasia,"Room 162, Star Complex, behind big tree, New Palasia, Indore",22.71864582729951,75.87154280444241,successful
ORD001884,Indore,Palasia,"Flat 56, Ocean Apartments, near market, Palasia, Indore",22.727543909174297,75.86950293684716,successful
ORD001885,Indore,Bengali Square,"House 144, Bengali Square Area, peeche dukaan, Bengali Square, Indore",22.733815964701567,75.8802018735686,successful
ORD001886,Indore,Chhatripura,"200 Fifth Road, opposite mall, Chhatripura, Indore",22.708975441501572,75.86500110658984,successful
ORD001887,Indore,AB Road,"Shop 185, Main Market, AB Road, Indore",22.71556456306277,75.87439058079791,successful
ORD001888,Indore,Palasia,"Room 42, Moonlight Complex, tapri ke paas, Palasia, Indore",22.725217290777135,75.87371933001418,completed
ORD001889,Indore,Bengali Square,"Building 168, Bengali Square, ke peeche bada ped, Bengali Square, Indore",22.730739899033733,75.8765125442371,completed
ORD001890,Indore,New Palasia,"Room 95, Ocean Complex, New Palasia, Indore",22.71831947172239,75.86415464404297,successful
ORD001891,Indore,MG Road,"90/10, White Society, ke samne police station, MG Road, Indore",22.73020176327973,75.86920071059251,completed
ORD001892,Indore,AB Road,"178 Main Road, AB Road, Indore",22.71835042604132,75.8768448093756,delivered
ORD001893,Indore,MG Road,"27/20, Silver Society, MG Road, Indore",22.725664439136015,75.87368063673867,successful
ORD001894,Indore,Annapurna,"Shop 18, Old Market, samne school, Annapurna, Indore",22.730213770333826,75.86263295874467,completed
ORD001895,Indore,Rajendra Nagar,"House 181, Rajendra Nagar Area, near chai tapri, Rajendra Nagar, Indore",22.735128636856576,75.87836292159918,successful
ORD001896,Indore,AB Road,"House 66, AB Road Area, opposite police station, AB Road, Indore",22.7221711398288,75.87478958728074,delivered
ORD001897,Indore,New Palasia,"House 132, New Palasia Area, ke peeche bada ped, New Palasia, Indore",22.72567756980918,75.86558097789306,completed
ORD001898,Indore,Sudama Nagar,"155/14, Blue Society, Sudama Nagar, Indore",22.719524505835114,75.86015065439193,completed
ORD001899,Indore,New Palasia,"House 175, New Palasia Area, opposite police station, New Palasia, Indore",22.725742108101567,75.87102333523622,delivered
ORD001900,Indore,Chhatripura,"Building 47, Chhatripura, dukaan ke piche, Chhatripura, Indore",22.70841974216997,75.8675757843313,delivered
ORD001901,Indore,MG Road,"Room 88, Mountain Complex, MG Road, Indore",22.729406521201174,75.86727862408539,completed
ORD001902,Indore,Palasia,"House 165, Palasia Area, behind big tree, Palasia, Indore",22.72272566067015,75.86909349220568,delivered
ORD001903,Indore,Bengali Square,"123/18, Green Society, opposite police station, Bengali Square, Indore",22.726835282711402,75.87350732261379,delivered
ORD001904,Indore,Rajendra Nagar,"Room 166, Star Complex, Rajendra Nagar, Indore",22.73910803699676,75.88696415886125,completed
ORD001905,Indore,AB Road,"134 Second Road, ke peeche bada ped, AB Road, Indore",22.718941668899856,75.87931528496935,successful
ORD001906,Indore,AB Road,"Flat 36, Sunshine Apartments, paas mandir, AB Road, Indore",22.719498727390523,75.87969805861589,delivered
ORD001907,Indore,Palasia,"Flat 25, Mountain Apartments, behind dukaan, Palasia, Indore",22.722804652121464,75.86941376634418,delivered
ORD001908,Indore,Annapurna,"57/8, Red Society, near market, Annapurna, Indore",22.724322472411494,75.86052510442501,successful
ORD001909,Indore,Rajendra Nagar,"44 Fourth Road, near temple, Rajendra Nagar, Indore",22.73395551033624,75.88704070201413,delivered
ORD001910,Indore,Bengali Square,"Room 182, Ocean Complex, near bus stop, Bengali Square, Indore",22.733201324941096,75.88033196580136,successful
ORD001911,Indore,Sudama Nagar,"Building 112, Sudama Nagar, tapri ke paas, Sudama Nagar, Indore",22.717642028782485,75.86122679652803,completed
ORD001912,Indore,New Palasia,"124 Second Road, New Palasia, Indore",22.720773930971852,75.86422040835114,successful
ORD001913,Indore,Chhatripura,"193/18, Green Society, ke samne police station, Chhatripura, Indore",22.710146427003416,75.87129854751382,delivered
ORD001914,Indore,Sudama Nagar,"38 Main Road, Sudama Nagar, Indore",22.7179642332793,75.86666418650655,completed
ORD001915,Indore,Chhatripura,"Building 71, Chhatripura, Chhatripura, Indore",22.715506612344218,75.86687455588518,successful
ORD001916,Indore,Palasia,"84/16, Red Society, Palasia, Indore",22.724163735737115,75.86858792990297,completed
ORD001917,Indore,Rajendra Nagar,"House 12, Rajendra Nagar Area, behind petrol pump, Rajendra Nagar, Indore",22.736766036483992,75.87793312644193,successful
ORD001918,Indore,Vijay Nagar,"Shop 29, Main Market, gali mein, Vijay Nagar, Indore",22.72479815586054,75.88052989255785,completed
ORD001919,Indore,Sudama Nagar,"138 Fifth Road, behind dukaan, Sudama Nagar, Indore",22.7104627044278,75.86300093961428,completed
ORD001920,Indore,Bengali Square,"Shop 19, Main Market, samne school, Bengali Square, Indore",22.735169263355125,75.87349601986236,successful
ORD001921,Indore,Palasia,"House 195, Palasia Area, behind petrol pump, Palasia, Indore",22.726018109735264,75.87748741028665,delivered
ORD001922,Indore,Sudama Nagar,"Building 27, Sudama Nagar, opposite bank, Sudama Nagar, Indore",22.713060623060855,75.86690365388098,successful
ORD001923,Indore,Palasia,"34/19, Red Society, opposite school, Palasia, Indore",22.722050796883316,75.87715851642625,delivered
ORD001924,Indore,Palasia,"Shop 154, Main Market, Palasia, Indore",22.7215626928391,75.8742419841416,completed
ORD001925,Indore,Bengali Square,"115/17, White Society, Bengali Square, Indore",22.730958550499235,75.87697006282608,successful
ORD001926,Indore,Annapurna,"Room 172, Mountain Complex, behind hospital, Annapurna, Indore",22.724504567016876,75.86395564472377,completed
ORD001927,Indore,AB Road,"Building 151, AB Road, opposite police station, AB Road, Indore",22.7183854946348,75.87647969278133,successful
ORD001928,Indore,Bengali Square,"Shop 193, Central Market, behind petrol pump, Bengali Square, Indore",22.728130393229748,75.87290297937508,completed
ORD001929,Indore,Bengali Square,"138/6, Silver Society, ke peeche bada ped, Bengali Square, Indore",22.732941881276282,75.88054400726496,successful
ORD001930,Indore,Palasia,"House 108, Palasia Area, ke paas chai tapri, Palasia, Indore",22.72428608959944,75.87275822169198,completed
ORD001931,Indore,Palasia,"Room 24, Mountain Complex, ke peeche bada ped, Palasia, Indore",22.72783937407269,75.87479366532006,delivered
ORD001932,Indore,Vijay Nagar,"House 111, Vijay Nagar Area, samne school, Vijay Nagar, Indore",22.71612283531278,75.88049263917405,successful
ORD001933,Indore,Palasia,"74 Second Road, Palasia, Indore",22.722567794790386,75.87073369158149,delivered
ORD001934,Indore,New Palasia,"Flat 84, Garden Apartments, ke samne police station, New Palasia, Indore",22.723174637581103,75.86820974427033,delivered
ORD001935,Indore,New Palasia,"171 First Road, New Palasia, Indore",22.71958039811352,75.86724402407026,delivered
ORD001936,Indore,Bengali Square,"38 First Road, near chai tapri, Bengali Square, Indore",22.731068270978135,75.87706155455433,successful
ORD001937,Indore,Chhatripura,"Building 133, Chhatripura, Chhatripura, Indore",22.71155917404872,75.86675509266499,completed
ORD001938,Indore,Rajendra Nagar,"Building 156, Rajendra Nagar, tapri ke paas, Rajendra Nagar, Indore",22.737252548875407,75.87817429434563,delivered
ORD001939,Indore,Sudama Nagar,"Shop 89, Central Market, Sudama Nagar, Indore",22.719054693703768,75.86441934832042,completed
ORD001940,Indore,AB Road,"House 50, AB Road Area, AB Road, Indore",22.71975094061045,75.87306998283137,completed
ORD001941,Indore,Vijay Nagar,"Room 182, Ocean Complex, near temple, Vijay Nagar, Indore",22.720413544917275,75.8793545305822,delivered
ORD001942,Indore,Rajendra Nagar,"87 Main Road, paas mandir, Rajendra Nagar, Indore",22.73447995759801,75.88250318810636,completed
ORD001943,Indore,New Palasia,"Building 15, New Palasia, New Palasia, Indore",22.718108448668513,75.86837784570174,successful
ORD001944,Indore,Rajendra Nagar,"Flat 51, Mountain Apartments, tapri ke paas, Rajendra Nagar, Indore",22.73304888791049,75.87851406636943,successful
ORD001945,Indore,AB Road,"66/6, Golden Society, ke paas chai tapri, AB Road, Indore",22.72287287622975,75.87969048861225,delivered
ORD001946,Indore,Palasia,"29 Fourth Road, Palasia, Indore",22.726697619959776,75.86872302173329,completed
ORD001947,Indore,Palasia,"House 184, Palasia Area, opposite mall, Palasia, Indore",22.72189987907063,75.87478807649201,completed
ORD001948,Indore,Sudama Nagar,"12 Fifth Road, opposite school, Sudama Nagar, Indore",22.714914594007542,75.85896198218911,completed
ORD001949,Indore,Vijay Nagar,"Building 191, Vijay Nagar, opposite police station, Vijay Nagar, Indore",22.717436530746692,75.88257338306235,successful
ORD001950,Indore,New Palasia,"Shop 144, Old Market, samne school, New Palasia, Indore",22.72560488036433,75.86712214600111,delivered
ORD001951,Indore,AB Road,"Building 106, AB Road, peeche dukaan, AB Road, Indore",22.71848107243436,75.87287666050237,delivered
ORD001952,Indore,Sudama Nagar,"Room 159, Ocean Complex, behind dukaan, Sudama Nagar, Indore",22.71827691268202,75.86101461908704,successful
ORD001953,Indore,Chhatripura,"97 Second Road, Chhatripura, Indore",22.71335492771274,75.86809798259634,delivered
ORD001954,Indore,Bengali Square,"House 37, Bengali Square Area, Bengali Square, Indore",22.73176929498654,75.88116536983546,successful
ORD001955,Indore,Rajendra Nagar,"Room 46, Ocean Complex, ke samne police station, Rajendra Nagar, Indore",22.73439753711069,75.88647363457129,delivered
ORD001956,Indore,Vijay Nagar,"House 143, Vijay Nagar Area, Vijay Nagar, Indore",22.71887055504043,75.87567128779183,successful
ORD001957,Indore,Palasia,"Building 33, Palasia, near chai tapri, Palasia, Indore",22.726788939510335,75.87488726106622,successful
ORD001958,Indore,Vijay Nagar,"Building 69, Vijay Nagar, Vijay Nagar, Indore",22.716171061182763,75.88338955190902,completed
ORD001959,Indore,AB Road,"Shop 143, Old Market, ke paas chai tapri, AB Road, Indore",22.71825818611481,75.87712974625776,completed
ORD001960,Indore,Annapurna,"60 Main Road, behind big tree, Annapurna, Indore",22.732352315418254,75.86786288122939,completed
ORD001961,Indore,New Palasia,"Building 190, New Palasia, New Palasia, Indore",22.72716990252713,75.87032422270397,successful
ORD001962,Indore,New Palasia,"Shop 40, Big Market, paas mandir, New Palasia, Indore",22.72311726449011,75.86964501294955,completed
ORD001963,Indore,New Palasia,"Shop 141, Big Market, New Palasia, Indore",22.719334277900987,75.86506743394156,successful
ORD001964,Indore,AB Road,"Room 136, Moonlight Complex, AB Road, Indore",22.716509156345214,75.87644685445963,successful
ORD001965,Indore,Sudama Nagar,"Building 49, Sudama Nagar, Sudama Nagar, Indore",22.71835417142414,75.86496083270417,successful
ORD001966,Indore,Palasia,"Building 28, Palasia, near chai tapri, Palasia, Indore",22.72290458185759,75.87081267538892,successful
ORD001967,Indore,New Palasia,"41 First Road, New Palasia, Indore",22.71792641764414,75.86815487832514,successful
ORD001968,Indore,Vijay Nagar,"Building 170, Vijay Nagar, paas mandir, Vijay Nagar, Indore",22.720215681017482,75.88026635016314,delivered
ORD001969,Indore,Vijay Nagar,"130 First Road, near chai tapri, Vijay Nagar, Indore",22.717105417629703,75.88381352710627,delivered
ORD001970,Indore,Rajendra Nagar,"Shop 138, Main Market, Rajendra Nagar, Indore",22.731325069053156,75.88201122998997,completed
ORD001971,Indore,AB Road,"11 Fourth Road, ke peeche bada ped, AB Road, Indore",22.72353384138713,75.87468668725376,successful
ORD001972,Indore,Chhatripura,"Building 145, Chhatripura, Chhatripura, Indore",22.712701657914604,75.86984027808143,completed
ORD001973,Indore,Rajendra Nagar,"Shop 57, Central Market, Rajendra Nagar, Indore",22.73624524413863,75.88613480068183,completed
ORD001974,Indore,Chhatripura,"Flat 36, Moonlight Apartments, paas mandir, Chhatripura, Indore",22.715182148468156,75.86539839492492,successful
ORD001975,Indore,New Palasia,"House 187, New Palasia Area, opposite mall, New Palasia, Indore",22.71781936190449,75.8733642526035,successful
ORD001976,Indore,Rajendra Nagar,"88 Third Road, Rajendra Nagar, Indore",22.729968395030305,75.8865485371615,successful
ORD001977,Indore,Bengali Square,"Shop 114, Central Market, samne school, Bengali Square, Indore",22.73135881791937,75.87567291617293,delivered
ORD001978,Indore,Annapurna,"Building 162, Annapurna, near bus stop, Annapurna, Indore",22.723685082885407,75.86118208257513,delivered
ORD001979,Indore,Chhatripura,"Flat 189, Ocean Apartments, Chhatripura, Indore",22.71605089886344,75.86604914570631,completed
ORD001980,Indore,Vijay Nagar,"Shop 158, Big Market, tapri ke paas, Vijay Nagar, Indore",22.725309958861946,75.87804987814812,delivered
ORD001981,Indore,MG Road,"Flat 51, Ocean Apartments, ke samne police station, MG Road, Indore",22.731170646002145,75.87091117512989,delivered
ORD001982,Indore,Chhatripura,"Shop 183, Old Market, Chhatripura, Indore",22.710140620930655,75.8673040843478,delivered
ORD001983,Indore,AB Road,"Room 179, Ocean Complex, behind petrol pump, AB Road, Indore",22.717238434003125,75.87091592462687,successful
ORD001984,Indore,New Palasia,"Flat 154, Sunshine Apartments, ke paas chai tapri, New Palasia, Indore",22.725064128120735,75.87355940867239,successful
ORD001985,Indore,Sudama Nagar,"14 First Road, Sudama Nagar, Indore",22.710785282945356,75.86000336938277,successful
ORD001986,Indore,Sudama Nagar,"85 Second Road, ke paas chai tapri, Sudama Nagar, Indore",22.715224329971328,75.85810538597225,successful
ORD001987,Indore,Sudama Nagar,"Building 184, Sudama Nagar, Sudama Nagar, Indore",22.71412715433041,75.86561757224963,successful
ORD001988,Indore,Palasia,"69 Fifth Road, opposite bank, Palasia, Indore",22.7246003832006,75.87471226396826,delivered
ORD001989,Indore,MG Road,"Flat 93, Moonlight Apartments, MG Road, Indore",22.730038815790696,75.8672202756849,successful
ORD001990,Indore,MG Road,"176/11, Blue Society, gali mein, MG Road, Indore",22.7302782210772,75.87141731472394,completed
ORD001991,Indore,Annapurna,"Shop 112, Central Market, behind petrol pump, Annapurna, Indore",22.72525610012217,75.86275055743882,successful
ORD001992,Indore,Rajendra Nagar,"Shop 107, Big Market, samne school, Rajendra Nagar, Indore",22.73926960502072,75.88363687239482,successful
ORD001993,Indore,Annapurna,"Building 119, Annapurna, behind big tree, Annapurna, Indore",22.723734132208502,75.86471207080203,delivered
ORD001994,Indore,Vijay Nagar,"56 Fifth Road, ke paas chai tapri, Vijay Nagar, Indore",22.72144913557115,75.88224773487718,successful
ORD001995,Indore,New Palasia,"Room 82, River Complex, gali mein, New Palasia, Indore",22.721801906951207,75.87179384764372,completed
ORD001996,Indore,MG Road,"18 Second Road, MG Road, Indore",22.726163678111202,75.8661920263909,completed
ORD001997,Indore,Palasia,"Shop 139, Old Market, behind big tree, Palasia, Indore",22.727736167358593,75.87568741638121,completed
ORD001998,Indore,New Palasia,"House 125, New Palasia Area, New Palasia, Indore",22.726420919928167,75.86747740167446,successful
ORD001999,Indore,Rajendra Nagar,"45 Fourth Road, Rajendra Nagar, Indore",22.736003691068166,75.88469080984788,successful
ORD002000,Indore,Sudama Nagar,"Room 142, River Complex, near bus stop, Sudama Nagar, Indore",22.714234824839068,75.86576766049761,delivered
ORD002001,Indore,Palasia,"Building 18, Palasia, paas mandir, Palasia, Indore",22.722428259146138,75.87323804071774,successful
ORD002002,Indore,Bengali Square,"Building 194, Bengali Square, behind dukaan, Bengali Square, Indore",22.728651576775622,75.87966385801533,successful
ORD002003,Indore,AB Road,"House 166, AB Road Area, behind petrol pump, AB Road, Indore",22.715432992737764,75.87518887514842,completed
ORD002004,Indore,Chhatripura,"Building 131, Chhatripura, opposite bank, Chhatripura, Indore",22.708259272287457,75.86918224396885,delivered
ORD002005,Indore,Rajendra Nagar,"Shop 45, Main Market, Rajendra Nagar, Indore",22.736738305662723,75.88103505910499,delivered
ORD002006,Indore,Sudama Nagar,"85/15, Red Society, paas mandir, Sudama Nagar, Indore",22.711871469295378,75.86775702873545,delivered
ORD002007,Indore,Sudama Nagar,"Room 155, Ocean Complex, Sudama Nagar, Indore",22.711413247121907,75.86062316829971,delivered
ORD002008,Indore,Rajendra Nagar,"Shop 167, Old Market, Rajendra Nagar, Indore",22.737579315435266,75.88587743022322,completed
ORD002009,Indore,Bengali Square,"Room 186, Garden Complex, peeche dukaan, Bengali Square, Indore",22.730976873761367,75.87660800762849,successful
ORD002010,Indore,AB Road,"Shop 194, Local Market, AB Road, Indore",22.716243870998603,75.87690423723882,successful
ORD002011,Indore,Palasia,"Room 38, Moonlight Complex, opposite police station, Palasia, Indore",22.726966692414248,75.87196988966207,completed
ORD002012,Indore,Vijay Nagar,"House 72, Vijay Nagar Area, ke peeche bada ped, Vijay Nagar, Indore",22.721221009464895,75.88321569421296,completed
ORD002013,Indore,Rajendra Nagar,"House 36, Rajendra Nagar Area, near chai tapri, Rajendra Nagar, Indore",22.734254300583974,75.88481767763385,completed
ORD002014,Indore,MG Road,"36/2, Golden Society, MG Road, Indore",22.730139131680247,75.87326444005365,delivered
ORD002015,Indore,Vijay Nagar,"Flat 88, Star Apartments, Vijay Nagar, Indore",22.721387191351305,75.87720564648312,delivered
ORD002016,Indore,Vijay Nagar,"Shop 31, Central Market, Vijay Nagar, Indore",22.719642724282863,75.8772421349866,delivered
ORD002017,Indore,Sudama Nagar,"Room 78, Garden Complex, Sudama Nagar, Indore",22.71341695113554,75.8649890669448,completed
ORD002018,Indore,AB Road,"House 54, AB Road Area, opposite police station, AB Road, Indore",22.718891919729227,75.87687331615136,delivered
ORD002019,Indore,Annapurna,"85/19, White Society, ke paas chai tapri, Annapurna, Indore",22.726729156978035,75.86907699571705,successful
ORD002020,Indore,AB Road,"58/2, Green Society, opposite mall, AB Road, Indore",22.719178695996273,75.87507734733407,successful
ORD002021,Indore,MG Road,"22 First Road, MG Road, Indore",22.73046700564671,75.87096238597263,successful
ORD002022,Indore,MG Road,"Flat 94, Garden Apartments, opposite police station, MG Road, Indore",22.72546622083564,75.8736498804389,successful
ORD002023,Indore,Palasia,"Shop 173, Local Market, gali mein, Palasia, Indore",22.722583658683185,75.86819229075601,successful
ORD002024,Indore,Annapurna,"Room 165, Park Complex, peeche dukaan, Annapurna, Indore",22.728144873690063,75.8614152772327,completed
ORD002025,Indore,AB Road,"55 Fifth Road, opposite police station, AB Road, Indore",22.71807907539757,75.87205551448874,delivered
ORD002026,Indore,Vijay Nagar,"House 36, Vijay Nagar Area, ke paas chai tapri, Vijay Nagar, Indore",22.71614979163338,75.87805160081977,delivered
ORD002027,Indore,Chhatripura,"House 20, Chhatripura Area, near temple, Chhatripura, Indore",22.717086889953045,75.86689104653398,delivered
ORD002028,Indore,MG Road,"Room 164, River Complex, paas mandir, MG Road, Indore",22.726300891012073,75.86730726270675,delivered
ORD002029,Indore,Chhatripura,"Shop 53, Big Market, Chhatripura, Indore",22.712934387707097,75.86780312233823,completed
ORD002030,Indore,Sudama Nagar,"Building 126, Sudama Nagar, opposite bank, Sudama Nagar, Indore",22.712845008179535,75.86054870784295,successful
ORD002031,Indore,MG Road,"93 Fourth Road, dukaan ke piche, MG Road, Indore",22.729314404218385,75.87180942757067,successful
ORD002032,Indore,Annapurna,"Room 166, Sunshine Complex, near temple, Annapurna, Indore",22.732886845760873,75.8687892639654,delivered
ORD002033,Indore,Bengali Square,"House 101, Bengali Square Area, behind dukaan, Bengali Square, Indore",22.730358809251282,75.8753501144244,successful
ORD002034,Indore,Chhatripura,"House 124, Chhatripura Area, samne school, Chhatripura, Indore",22.71322499641726,75.86867078367244,delivered
ORD002035,Indore,New Palasia,"Building 171, New Palasia, behind petrol pump, New Palasia, Indore",22.724950965776877,75.86498658580203,successful
ORD002036,Indore,Palasia,"190/8, Blue Society, samne school, Palasia, Indore",22.72827744015073,75.87682882547276,completed
ORD002037,Indore,Palasia,"137/2, White Society, behind petrol pump, Palasia, Indore",22.7269621858937,75.87784529432872,delivered
ORD002038,Indore,Palasia,"Flat 81, Ocean Apartments, peeche dukaan, Palasia, Indore",22.72295342398625,75.87248036414881,delivered
ORD002039,Indore,Sudama Nagar,"Room 88, Star Complex, near temple, Sudama Nagar, Indore",22.71220056364402,75.86072341862625,delivered
ORD002040,Indore,Chhatripura,"Flat 2, Garden Apartments, Chhatripura, Indore",22.71043983748136,75.86515258967728,completed
ORD002041,Indore,Palasia,"Flat 84, Mountain Apartments, behind big tree, Palasia, Indore",22.724577072935087,75.86946459384838,delivered
ORD002042,Indore,Annapurna,"155 Second Road, near temple, Annapurna, Indore",22.729098773902813,75.86254640654496,delivered
ORD002043,Indore,Sudama Nagar,"69 Third Road, peeche dukaan, Sudama Nagar, Indore",22.71918926453605,75.85952642320677,successful
ORD002044,Indore,AB Road,"Building 88, AB Road, AB Road, Indore",22.719832615025933,75.87711827451234,successful
ORD002045,Indore,Sudama Nagar,"50 Fifth Road, near bus stop, Sudama Nagar, Indore",22.71659881321948,75.86050863183934,delivered
ORD002046,Indore,New Palasia,"70 First Road, New Palasia, Indore",22.721387502042084,75.86773889552798,delivered
ORD002047,Indore,MG Road,"128/9, Blue Society, MG Road, Indore",22.727939065198445,75.86904526726933,delivered
ORD002048,Indore,Palasia,"House 124, Palasia Area, near bus stop, Palasia, Indore",22.719872010615866,75.86954715563928,delivered
ORD002049,Indore,MG Road,"Room 133, Star Complex, MG Road, Indore",22.723127022058254,75.86949097650276,delivered
ORD002050,Indore,AB Road,"Building 158, AB Road, paas mandir, AB Road, Indore",22.722975985902632,75.87626177921719,completed
ORD002051,Indore,MG Road,"Building 3, MG Road, samne school, MG Road, Indore",22.728928409617215,75.86980562323407,successful
ORD002052,Indore,MG Road,"15/18, Green Society, tapri ke paas, MG Road, Indore",22.73154931381703,75.86843615463765,delivered
ORD002053,Indore,Bengali Square,"Flat 50, Sunshine Apartments, Bengali Square, Indore",22.732248246874967,75.87433005508156,completed
ORD002054,Indore,MG Road,"House 99, MG Road Area, ke peeche bada ped, MG Road, Indore",22.722609227969006,75.86745392401731,completed
ORD002055,Indore,Palasia,"71 Fourth Road, Palasia, Indore",22.727939543716637,75.87039340386798,successful
ORD002056,Indore,Vijay Nagar,"24 Fifth Road, ke samne police station, Vijay Nagar, Indore",22.72086585947035,75.87598073992383,delivered
ORD002057,Indore,Chhatripura,"House 182, Chhatripura Area, Chhatripura, Indore",22.707667801764956,75.87380447863154,successful
ORD002058,Indore,New Palasia,"Room 28, Mountain Complex, samne school, New Palasia, Indore",22.72410044500037,75.87030285376954,delivered
ORD002059,Indore,Chhatripura,"House 116, Chhatripura Area, behind petrol pump, Chhatripura, Indore",22.71107997336076,75.86585766574446,completed
ORD002060,Indore,MG Road,"109 Main Road, opposite bank, MG Road, Indore",22.724788890369535,75.86897952696282,delivered
ORD002061,Indore,AB Road,"Building 14, AB Road, AB Road, Indore",22.721939626678253,75.87571524984953,successful
ORD002062,Indore,Sudama Nagar,"42 Fifth Road, peeche dukaan, Sudama Nagar, Indore",22.71535453983796,75.86606237336491,delivered
ORD002063,Indore,Chhatripura,"55 Second Road, Chhatripura, Indore",22.707752741260535,75.87211720568206,successful
ORD002064,Indore,MG Road,"137/14, Green Society, samne school, MG Road, Indore",22.728293411506925,75.86717952893919,completed
ORD002065,Indore,New Palasia,"99/14, Blue Society, New Palasia, Indore",22.722917282866817,75.86584584741088,successful
ORD002066,Indore,Annapurna,"Shop 171, Main Market, opposite police station, Annapurna, Indore",22.72478831245142,75.86518023243967,delivered
ORD002067,Indore,MG Road,"Shop 154, Old Market, MG Road, Indore",22.731075263548973,75.86653027407745,delivered
ORD002068,Indore,Rajendra Nagar,"164/15, Green Society, dukaan ke piche, Rajendra Nagar, Indore",22.73773022462281,75.88699417173856,successful
ORD002069,Indore,Rajendra Nagar,"Building 196, Rajendra Nagar, Rajendra Nagar, Indore",22.73293472513287,75.87944087179129,delivered
ORD002070,Indore,Sudama Nagar,"180 First Road, tapri ke paas, Sudama Nagar, Indore",22.717804701544246,75.86280957683861,completed
ORD002071,Indore,Bengali Square,"Building 65, Bengali Square, Bengali Square, Indore",22.727265818683,75.8746412899623,successful
ORD002072,Indore,Vijay Nagar,"Building 181, Vijay Nagar, behind petrol pump, Vijay Nagar, Indore",22.717468455176302,75.87456503578767,completed
ORD002073,Indore,Bengali Square,"Flat 10, Sunshine Apartments, behind big tree, Bengali Square, Indore",22.7286484448271,75.87760883138814,delivered
ORD002074,Indore,Palasia,"Building 78, Palasia, Palasia, Indore",22.721816314194125,75.87670232774644,delivered
ORD002075,Indore,Chhatripura,"Room 143, Park Complex, ke peeche bada ped, Chhatripura, Indore",22.70871985980553,75.87371496040143,successful
ORD002076,Indore,Bengali Square,"Building 139, Bengali Square, Bengali Square, Indore",22.731871691657897,75.87564696551782,delivered
ORD002077,Indore,Sudama Nagar,"House 139, Sudama Nagar Area, behind petrol pump, Sudama Nagar, Indore",22.71440661444035,75.86159987012816,completed
ORD002078,Indore,Palasia,"Flat 110, Park Apartments, Palasia, Indore",22.720985543246822,75.87348201528859,delivered
ORD002079,Indore,Palasia,"Flat 70, Ocean Apartments, gali mein, Palasia, Indore",22.728419298380512,75.86909787691587,delivered
ORD002080,Indore,Sudama Nagar,"91/15, Golden Society, ke peeche bada ped, Sudama Nagar, Indore",22.71467576624372,75.8660653225781,successful
ORD002081,Indore,Chhatripura,"Flat 12, Park Apartments, peeche dukaan, Chhatripura, Indore",22.708300458746297,75.8641842387738,completed
ORD002082,Indore,Vijay Nagar,"Shop 63, Central Market, opposite bank, Vijay Nagar, Indore",22.721537312784342,75.87446228443132,delivered
ORD002083,Indore,Chhatripura,"133 Fifth Road, Chhatripura, Indore",22.715786542554145,75.86698593939731,successful
ORD002084,Indore,Annapurna,"Room 87, Mountain Complex, Annapurna, Indore",22.7281351791523,75.86248569197348,successful
ORD002085,Indore,New Palasia,"Building 104, New Palasia, New Palasia, Indore",22.718808888582796,75.87056963167227,successful
ORD002086,Indore,Vijay Nagar,"Building 33, Vijay Nagar, Vijay Nagar, Indore",22.71720283348041,75.8789266505047,delivered
ORD002087,Indore,Vijay Nagar,"Room 77, River Complex, opposite police station, Vijay Nagar, Indore",22.724565906257848,75.88004110344205,completed
ORD002088,Indore,Rajendra Nagar,"Room 1, Garden Complex, tapri ke paas, Rajendra Nagar, Indore",22.73930874359979,75.8790421634531,delivered
ORD002089,Indore,Vijay Nagar,"Shop 39, Old Market, Vijay Nagar, Indore",22.718202665406995,75.87447635249737,delivered
ORD002090,Indore,AB Road,"Building 75, AB Road, samne school, AB Road, Indore",22.719290759613262,75.86998959551983,delivered
ORD002091,Indore,Rajendra Nagar,"Building 29, Rajendra Nagar, behind big tree, Rajendra Nagar, Indore",22.73546639019991,75.88161029946744,completed
ORD002092,Indore,Sudama Nagar,"Building 44, Sudama Nagar, gali mein, Sudama Nagar, Indore",22.7193676049945,75.8633140767151,delivered
ORD002093,Indore,Vijay Nagar,"2 First Road, Vijay Nagar, Indore",22.7168261905429,75.87830346744015,completed
ORD002094,Indore,Rajendra Nagar,"Building 187, Rajendra Nagar, samne school, Rajendra Nagar, Indore",22.737292766630222,75.88613146732861,completed
ORD002095,Indore,Chhatripura,"77 Third Road, dukaan ke piche, Chhatripura, Indore",22.71759926089198,75.86894094949339,completed
ORD002096,Indore,Vijay Nagar,"20 Fourth Road, ke samne police station, Vijay Nagar, Indore",22.71987484797308,75.88008842789925,completed
ORD002097,Indore,Chhatripura,"2/4, Blue Society, near temple, Chhatripura, Indore",22.708757816363043,75.87050240510203,delivered
ORD002098,Indore,New Palasia,"Building 55, New Palasia, opposite school, New Palasia, Indore",22.72098615459342,75.86728344699152,completed
ORD002099,Indore,Sudama Nagar,"Building 184, Sudama Nagar, ke peeche bada ped, Sudama Nagar, Indore",22.70983216402977,75.86332573799868,successful
ORD002100,Indore,New Palasia,"Room 134, Ocean Complex, New Palasia, Indore",22.725904667465443,75.86397419159329,successful
ORD002101,Indore,Bengali Square,"Flat 107, Mountain Apartments, opposite school, Bengali Square, Indore",22.727602160799737,75.87965425066419,delivered
ORD002102,Indore,Chhatripura,"124/14, Green Society, opposite bank, Chhatripura, Indore",22.708504050880254,75.86715442810538,delivered
ORD002103,Indore,MG Road,"115/14, Blue Society, behind dukaan, MG Road, Indore",22.726611041465123,75.86712569921613,successful
ORD002104,Indore,Vijay Nagar,"102/2, White Society, Vijay Nagar, Indore",22.72054341896411,75.87596849160798,completed
ORD002105,Indore,New Palasia,"4 Third Road, near bus stop, New Palasia, Indore",22.727586204805203,75.87050252522599,successful
ORD002106,Indore,New Palasia,"Building 186, New Palasia, New Palasia, Indore",22.718165184078778,75.86856412904096,completed
ORD002107,Indore,AB Road,"Flat 46, Garden Apartments, AB Road, Indore",22.7226181193595,75.8778881188279,successful
ORD002108,Indore,Bengali Square,"Building 82, Bengali Square, peeche dukaan, Bengali Square, Indore",22.73545887070225,75.87501389456422,delivered
ORD002109,Indore,MG Road,"64 Fourth Road, MG Road, Indore",22.726164134726698,75.8677037265499,completed
ORD002110,Indore,MG Road,"Building 61, MG Road, near market, MG Road, Indore",22.722994963342156,75.87414806493943,completed
ORD002111,Indore,Rajendra Nagar,"57/13, White Society, behind dukaan, Rajendra Nagar, Indore",22.73247698986119,75.88479911506784,completed
ORD002112,Indore,Annapurna,"87/2, Blue Society, opposite police station, Annapurna, Indore",22.73143973951931,75.86495506556948,delivered
ORD002113,Indore,MG Road,"180 First Road, behind dukaan, MG Road, Indore",22.730274287896933,75.86602122132902,completed
ORD002114,Indore,New Palasia,"69/1, Silver Society, paas mandir, New Palasia, Indore",22.722357038919498,75.8714459620364,completed
ORD002115,Indore,Vijay Nagar,"Room 92, Star Complex, Vijay Nagar, Indore",22.717218631076424,75.88107047384969,delivered
ORD002116,Indore,Palasia,"Flat 12, Garden Apartments, ke samne police station, Palasia, Indore",22.724780477933333,75.86904022270386,successful
ORD002117,Indore,Vijay Nagar,"Shop 73, Central Market, Vijay Nagar, Indore",22.715675760658257,75.87725551821008,completed
ORD002118,Indore,Palasia,"House 22, Palasia Area, behind dukaan, Palasia, Indore",22.721807937393557,75.8700641814397,delivered
ORD002119,Indore,Chhatripura,"182/9, Silver Society, Chhatripura, Indore",22.71155377950579,75.86531660060992,completed
ORD002120,Indore,Sudama Nagar,"196/10, Green Society, opposite police station, Sudama Nagar, Indore",22.716968404648114,75.86092363124047,delivered
ORD002121,Indore,New Palasia,"176 First Road, New Palasia, Indore",22.72099676612831,75.8657942507871,successful
ORD002122,Indore,Bengali Square,"70/8, Blue Society, near chai tapri, Bengali Square, Indore",22.729336317298756,75.87805507026442,successful
ORD002123,Indore,AB Road,"181 First Road, behind petrol pump, AB Road, Indore",22.716573573295257,75.87313060107532,completed
ORD002124,Indore,Vijay Nagar,"161/6, Silver Society, Vijay Nagar, Indore",22.72398949089784,75.8826462921105,successful
ORD002125,Indore,Palasia,"15 Main Road, dukaan ke piche, Palasia, Indore",22.723651999325234,75.87072776684656,completed
ORD002126,Indore,New Palasia,"Room 4, River Complex, New Palasia, Indore",22.720814240587618,75.86643634912103,delivered
ORD002127,Indore,Vijay Nagar,"Room 10, Sunshine Complex, near chai tapri, Vijay Nagar, Indore",22.725289192079547,75.87390674854407,successful
ORD002128,Indore,AB Road,"House 116, AB Road Area, AB Road, Indore",22.715235484339036,75.87513249967037,completed
ORD002129,Indore,New Palasia,"81 First Road, tapri ke paas, New Palasia, Indore",22.7258317026501,75.87048990128444,delivered
ORD002130,Indore,Palasia,"Shop 36, Old Market, dukaan ke piche, Palasia, Indore",22.726135207122145,75.8767828847183,completed
ORD002131,Indore,Vijay Nagar,"Room 74, Star Complex, gali mein, Vijay Nagar, Indore",22.724690026126492,75.87580994284353,completed
ORD002132,Indore,Vijay Nagar,"29/1, Silver Society, dukaan ke piche, Vijay Nagar, Indore",22.71627888161687,75.87731805860261,completed
ORD002133,Indore,Rajendra Nagar,"Flat 174, Moonlight Apartments, Rajendra Nagar, Indore",22.731723249520034,75.88054880517387,successful
ORD002134,Indore,Palasia,"Building 196, Palasia, opposite police station, Palasia, Indore",22.726213527263894,75.87311692335457,successful
ORD002135,Indore,New Palasia,"Shop 191, Local Market, opposite bank, New Palasia, Indore",22.72229334762773,75.8691169486803,delivered
ORD002136,Indore,New Palasia,"Room 90, Sunshine Complex, gali mein, New Palasia, Indore",22.727099963892584,75.86641890013122,successful
ORD002137,Indore,Chhatripura,"165 Third Road, dukaan ke piche, Chhatripura, Indore",22.71392056540384,75.8729857281001,successful
ORD002138,Indore,MG Road,"123/10, White Society, dukaan ke piche, MG Road, Indore",22.72786209796644,75.86970532306654,successful
ORD002139,Indore,MG Road,"156/11, Green Society, opposite mall, MG Road, Indore",22.730193667885125,75.87540092010428,successful
ORD002140,Indore,Rajendra Nagar,"House 41, Rajendra Nagar Area, paas mandir, Rajendra Nagar, Indore",22.738190267187317,75.88592516334779,delivered
ORD002141,Indore,Rajendra Nagar,"House 75, Rajendra Nagar Area, Rajendra Nagar, Indore",22.73023526731549,75.88278150980932,successful
ORD002142,Indore,Rajendra Nagar,"Building 171, Rajendra Nagar, peeche dukaan, Rajendra Nagar, Indore",22.736580405451377,75.88252843611625,delivered
ORD002143,Indore,Vijay Nagar,"Room 5, Moonlight Complex, paas mandir, Vijay Nagar, Indore",22.725423288589052,75.87871906784076,completed
ORD002144,Indore,Annapurna,"Room 176, Moonlight Complex, gali mein, Annapurna, Indore",22.731764709890943,75.86841928879083,delivered
ORD002145,Indore,Annapurna,"Room 180, Star Complex, Annapurna, Indore",22.733531503107326,75.86196010342293,delivered
ORD002146,Indore,MG Road,"House 184, MG Road Area, near chai tapri, MG Road, Indore",22.72438774650379,75.87295847056735,delivered
ORD002147,Indore,Vijay Nagar,"Shop 156, Main Market, behind big tree, Vijay Nagar, Indore",22.718518123524845,75.88092743187921,delivered
ORD002148,Indore,Chhatripura,"Shop 166, Old Market, Chhatripura, Indore",22.714620037435633,75.86414944470667,successful
ORD002149,Indore,Annapurna,"Building 7, Annapurna, ke samne police station, Annapurna, Indore",22.733547733750598,75.86903340917968,delivered
ORD002150,Indore,Sudama Nagar,"Shop 174, Local Market, near market, Sudama Nagar, Indore",22.715043109459113,75.8601434752708,completed
ORD002151,Indore,Chhatripura,"Room 141, River Complex, ke peeche bada ped, Chhatripura, Indore",22.711926959962195,75.86863723159156,delivered
ORD002152,Indore,Palasia,"Flat 9, Mountain Apartments, tapri ke paas, Palasia, Indore",22.728968302411467,75.87786005776617,successful
ORD002153,Indore,Sudama Nagar,"Shop 44, Main Market, paas mandir, Sudama Nagar, Indore",22.718691723170917,75.86188565163482,successful
ORD002154,Indore,AB Road,"94/18, Silver Society, near market, AB Road, Indore",22.71927917343082,75.87639723155759,delivered
ORD002155,Indore,New Palasia,"Flat 154, Mountain Apartments, behind petrol pump, New Palasia, Indore",22.719317553301494,75.87267246579802,completed
ORD002156,Indore,Palasia,"Building 23, Palasia, near chai tapri, Palasia, Indore",22.722219569505285,75.87219795768847,delivered
ORD002157,Indore,Palasia,"Flat 189, Star Apartments, opposite police station, Palasia, Indore",22.72631657912332,75.87548401584165,delivered
ORD002158,Indore,New Palasia,"26 Second Road, New Palasia, Indore",22.72416947871886,75.86417521136947,successful
ORD002159,Indore,MG Road,"Room 43, Park Complex, paas mandir, MG Road, Indore",22.7310360496677,75.8723867235819,successful
ORD002160,Indore,New Palasia,"House 82, New Palasia Area, gali mein, New Palasia, Indore",22.72511313999106,75.87257829729843,completed
ORD002161,Indore,MG Road,"Room 144, Ocean Complex, ke samne police station, MG Road, Indore",22.722176174766343,75.86828298205992,delivered
ORD002162,Indore,AB Road,"Building 22, AB Road, AB Road, Indore",22.721864329824363,75.87491116094436,successful
ORD002163,Indore,Palasia,"Room 37, Moonlight Complex, Palasia, Indore",22.726836808469304,75.87274244880338,delivered
ORD002164,Indore,Bengali Square,"71/1, Red Society, Bengali Square, Indore",22.728876407912686,75.87680350313299,successful
ORD002165,Indore,Palasia,"84/17, Green Society, behind hospital, Palasia, Indore",22.725231754553242,75.87046030257795,successful
ORD002166,Indore,New Palasia,"Room 87, Ocean Complex, paas mandir, New Palasia, Indore",22.72337965569149,75.86422925602365,successful
ORD002167,Indore,Vijay Nagar,"Shop 32, New Market, ke samne police station, Vijay Nagar, Indore",22.721834577745675,75.87565555516198,successful
ORD002168,Indore,AB Road,"Room 18, Park Complex, AB Road, Indore",22.713996873404383,75.87407997420702,delivered
ORD002169,Indore,MG Road,"Shop 155, Big Market, MG Road, Indore",22.730113935972994,75.87121457500093,delivered
ORD002170,Indore,MG Road,"81 Fifth Road, MG Road, Indore",22.721621216008124,75.87214179633581,successful
ORD002171,Indore,Chhatripura,"Shop 84, Central Market, Chhatripura, Indore",22.71059718864355,75.87131610765137,completed
ORD002172,Indore,Vijay Nagar,"Room 166, Park Complex, samne school, Vijay Nagar, Indore",22.715683565057713,75.87891451180339,delivered
ORD002173,Indore,Vijay Nagar,"Shop 155, Big Market, opposite police station, Vijay Nagar, Indore",22.722678210359902,75.88240286698064,completed
ORD002174,Indore,Chhatripura,"60/17, Red Society, Chhatripura, Indore",22.71133102677088,75.86972528901015,completed
ORD002175,Indore,Vijay Nagar,"121 First Road, near bus stop, Vijay Nagar, Indore",22.72358776674175,75.87400030087242,successful
ORD002176,Indore,Bengali Square,"9/20, Silver Society, Bengali Square, Indore",22.73088386549685,75.87300250946834,successful
ORD002177,Indore,Bengali Square,"Shop 31, Main Market, Bengali Square, Indore",22.734808869645846,75.87686820390087,completed
ORD002178,Indore,Annapurna,"Building 125, Annapurna, behind hospital, Annapurna, Indore",22.732839415580205,75.86249441411219,successful
ORD002179,Indore,Palasia,"Building 81, Palasia, near chai tapri, Palasia, Indore",22.726689071728945,75.87274787383674,completed
ORD002180,Indore,AB Road,"House 172, AB Road Area, AB Road, Indore",22.723219017582245,75.87220223465107,successful
ORD002181,Indore,New Palasia,"Building 137, New Palasia, behind dukaan, New Palasia, Indore",22.72500223787631,75.8714792392944,successful
ORD002182,Indore,Sudama Nagar,"Room 154, Moonlight Complex, Sudama Nagar, Indore",22.711727228044694,75.86723940796765,delivered
ORD002183,Indore,Palasia,"Flat 59, Ocean Apartments, behind petrol pump, Palasia, Indore",22.727300275797404,75.87197661888176,completed
ORD002184,Indore,MG Road,"67/9, Green Society, MG Road, Indore",22.726440273172212,75.87067658010403,completed
ORD002185,Indore,Annapurna,"10/3, Golden Society, ke paas chai tapri, Annapurna, Indore",22.723780174585116,75.8671376561634,delivered
ORD002186,Indore,Palasia,"House 54, Palasia Area, Palasia, Indore",22.728354380854793,75.86945618208271,successful
ORD002187,Indore,Vijay Nagar,"Building 18, Vijay Nagar, behind dukaan, Vijay Nagar, Indore",22.722462052678605,75.88056063382506,completed
ORD002188,Indore,MG Road,"62 First Road, behind big tree, MG Road, Indore",22.72714484537542,75.87204412685742,successful
ORD002189,Indore,MG Road,"180/13, Red Society, ke samne police station, MG Road, Indore",22.729711270426662,75.87472433368286,delivered
ORD002190,Indore,Rajendra Nagar,"Building 117, Rajendra Nagar, near bus stop, Rajendra Nagar, Indore",22.734045617129162,75.88435990860906,completed
ORD002191,Indore,Sudama Nagar,"169/11, Green Society, behind dukaan, Sudama Nagar, Indore",22.709653683453578,75.86153034345541,completed
ORD002192,Indore,Bengali Square,"Flat 164, Garden Apartments, ke samne police station, Bengali Square, Indore",22.730495771017427,75.87947427444021,successful
ORD002193,Indore,MG Road,"Shop 98, New Market, near chai tapri, MG Road, Indore",22.722449529566223,75.86739321190251,delivered
ORD002194,Indore,Palasia,"Shop 22, Main Market, Palasia, Indore",22.727439189721064,75.87330006155064,successful
ORD002195,Indore,Annapurna,"Flat 129, Mountain Apartments, near temple, Annapurna, Indore",22.733139704579756,75.86060901468068,completed
ORD002196,Indore,AB Road,"House 142, AB Road Area, AB Road, Indore",22.719517508510297,75.87959642123265,completed
ORD002197,Indore,AB Road,"Building 127, AB Road, behind dukaan, AB Road, Indore",22.721659272357467,75.8715894855808,successful
ORD002198,Indore,New Palasia,"Shop 46, New Market, dukaan ke piche, New Palasia, Indore",22.7272742574756,75.86990335748027,successful
ORD002199,Indore,Bengali Square,"107 Second Road, dukaan ke piche, Bengali Square, Indore",22.735393852948746,75.87482587866322,successful
ORD002200,Indore,AB Road,"Flat 135, Park Apartments, opposite police station, AB Road, Indore",22.718077472253228,75.87625136609095,completed
ORD002201,Indore,Rajendra Nagar,"Flat 67, Mountain Apartments, dukaan ke piche, Rajendra Nagar, Indore",22.737831692047287,75.88092974896149,delivered
ORD002202,Indore,Palasia,"Shop 78, New Market, Palasia, Indore",22.728262279049886,75.87179278118282,completed
ORD002203,Indore,Vijay Nagar,"79/17, Blue Society, Vijay Nagar, Indore",22.723383522907238,75.87549345093795,successful
ORD002204,Indore,MG Road,"House 189, MG Road Area, ke peeche bada ped, MG Road, Indore",22.725597412014196,75.86710558887529,completed
ORD002205,Indore,Palasia,"Building 177, Palasia, Palasia, Indore",22.724550122547697,75.87329027659013,completed
ORD002206,Indore,Bengali Square,"Room 24, Mountain Complex, Bengali Square, Indore",22.72757695856765,75.8780348241453,delivered
ORD002207,Indore,Palasia,"Flat 186, Ocean Apartments, Palasia, Indore",22.724758094427457,75.87287942561669,delivered
ORD002208,Indore,Palasia,"Room 189, Star Complex, opposite mall, Palasia, Indore",22.72133829269788,75.86996900478498,successful
ORD002209,Indore,Rajendra Nagar,"House 6, Rajendra Nagar Area, behind big tree, Rajendra Nagar, Indore",22.73728400813838,75.88784234680732,completed
ORD002210,Indore,AB Road,"Flat 170, Park Apartments, AB Road, Indore",22.718389577913076,75.8708580360978,completed
ORD002211,Indore,MG Road,"114 Second Road, ke paas chai tapri, MG Road, Indore",22.73108928624631,75.87463672986019,successful
ORD002212,Indore,Vijay Nagar,"52/17, Silver Society, behind petrol pump, Vijay Nagar, Indore",22.71746462856994,75.87982469031671,completed
ORD002213,Indore,Vijay Nagar,"Flat 5, River Apartments, near temple, Vijay Nagar, Indore",22.716610952102183,75.8838573913682,successful
ORD002214,Indore,Annapurna,"Shop 51, New Market, gali mein, Annapurna, Indore",22.72748676750729,75.86395779728338,completed
ORD002215,Indore,AB Road,"Flat 53, Sunshine Apartments, paas mandir, AB Road, Indore",22.71455956702143,75.87305184871074,delivered
ORD002216,Indore,Bengali Square,"175/11, White Society, behind dukaan, Bengali Square, Indore",22.73062910443994,75.87790817582398,successful
ORD002217,Indore,Sudama Nagar,"Shop 152, Main Market, paas mandir, Sudama Nagar, Indore",22.715302028608995,75.86718781267444,completed
ORD002218,Indore,Bengali Square,"190 Fifth Road, Bengali Square, Indore",22.73129544120274,75.87730854912232,completed
ORD002219,Indore,MG Road,"Building 88, MG Road, opposite police station, MG Road, Indore",22.72323815272132,75.86596156998529,completed
ORD002220,Indore,Rajendra Nagar,"Building 41, Rajendra Nagar, dukaan ke piche, Rajendra Nagar, Indore",22.737633030993496,75.8822070726246,successful
ORD002221,Indore,Sudama Nagar,"Room 4, Star Complex, opposite police station, Sudama Nagar, Indore",22.712873198282857,75.86193169556535,delivered
ORD002222,Indore,Annapurna,"22 Main Road, opposite bank, Annapurna, Indore",22.73068100775509,75.86361965379962,completed
ORD002223,Indore,New Palasia,"195 Third Road, New Palasia, Indore",22.718975915412642,75.86402177508128,delivered
ORD002224,Indore,Annapurna,"Building 199, Annapurna, opposite police station, Annapurna, Indore",22.731504548116007,75.86182862835221,delivered
ORD002225,Indore,MG Road,"32 Second Road, behind petrol pump, MG Road, Indore",22.72223381843412,75.86820611216066,successful
ORD002226,Indore,New Palasia,"Shop 164, Big Market, behind big tree, New Palasia, Indore",22.726125940979617,75.86414387220347,completed
ORD002227,Indore,MG Road,"Building 3, MG Road, near chai tapri, MG Road, Indore",22.730962811034043,75.87441376658799,delivered
ORD002228,Indore,Palasia,"House 103, Palasia Area, dukaan ke piche, Palasia, Indore",22.72561072220914,75.87227532810229,delivered
ORD002229,Indore,MG Road,"House 110, MG Road Area, opposite mall, MG Road, Indore",22.72378649958889,75.86870029818678,delivered
ORD002230,Indore,Bengali Square,"House 34, Bengali Square Area, tapri ke paas, Bengali Square, Indore",22.72745424709423,75.87947239349383,delivered
ORD002231,Indore,Rajendra Nagar,"Shop 53, Main Market, paas mandir, Rajendra Nagar, Indore",22.73784812676244,75.88671352430225,completed
ORD002232,Indore,Chhatripura,"109 Second Road, behind hospital, Chhatripura, Indore",22.710086833350854,75.8726244460769,completed
ORD002233,Indore,Bengali Square,"28 Third Road, ke peeche bada ped, Bengali Square, Indore",22.72923367663037,75.8723704952852,successful
ORD002234,Indore,Rajendra Nagar,"House 50, Rajendra Nagar Area, ke paas chai tapri, Rajendra Nagar, Indore",22.738185514042513,75.8789351694339,completed
ORD002235,Indore,Chhatripura,"44/20, Red Society, Chhatripura, Indore",22.712480778687908,75.87139014652116,delivered
ORD002236,Indore,New Palasia,"68/10, Golden Society, samne school, New Palasia, Indore",22.720710865606108,75.86627421541093,delivered
ORD002237,Indore,MG Road,"62 Fifth Road, samne school, MG Road, Indore",22.72805769281434,75.86779739798918,successful
ORD002238,Indore,New Palasia,"Flat 185, Moonlight Apartments, New Palasia, Indore",22.725453002381162,75.86854846133116,delivered
ORD002239,Indore,Palasia,"House 168, Palasia Area, behind hospital, Palasia, Indore",22.725287231252764,75.87425269577813,successful
ORD002240,Indore,Sudama Nagar,"Building 170, Sudama Nagar, tapri ke paas, Sudama Nagar, Indore",22.710732503099393,75.86199303529735,delivered
ORD002241,Indore,AB Road,"Flat 79, River Apartments, AB Road, Indore",22.714426068707393,75.87345765259566,completed
ORD002242,Indore,Sudama Nagar,"71/10, White Society, tapri ke paas, Sudama Nagar, Indore",22.71481342943684,75.8593893049459,successful
ORD002243,Indore,New Palasia,"Building 113, New Palasia, dukaan ke piche, New Palasia, Indore",22.724400292057762,75.86838875423663,delivered
ORD002244,Indore,Chhatripura,"164/20, Golden Society, Chhatripura, Indore",22.717285465589175,75.86535691520868,successful
ORD002245,Indore,Bengali Square,"Shop 2, Local Market, ke peeche bada ped, Bengali Square, Indore",22.73538486420331,75.87508014324774,successful
ORD002246,Indore,MG Road,"Flat 153, Sunshine Apartments, gali mein, MG Road, Indore",22.726338280542464,75.87391920208675,delivered
ORD002247,Indore,AB Road,"Flat 38, Mountain Apartments, opposite police station, AB Road, Indore",22.721796793813795,75.87799038714869,completed
ORD002248,Indore,New Palasia,"Shop 60, Central Market, dukaan ke piche, New Palasia, Indore",22.719784496093272,75.87092667748219,successful
ORD002249,Indore,Palasia,"52/6, Blue Society, behind petrol pump, Palasia, Indore",22.725158920527896,75.86993229256068,delivered
ORD002250,Indore,New Palasia,"Building 22, New Palasia, ke paas chai tapri, New Palasia, Indore",22.726274657108974,75.86550747119998,successful
ORD002251,Indore,AB Road,"Shop 56, New Market, AB Road, Indore",22.714022306843965,75.87131856352363,delivered
ORD002252,Indore,MG Road,"Room 41, Ocean Complex, dukaan ke piche, MG Road, Indore",22.730652295362912,75.86850182326694,successful
ORD002253,Indore,Rajendra Nagar,"House 164, Rajendra Nagar Area, behind hospital, Rajendra Nagar, Indore",22.737464567587647,75.8822215824281,completed
ORD002254,Indore,Chhatripura,"Room 196, Sunshine Complex, peeche dukaan, Chhatripura, Indore",22.712873553764958,75.86900848888207,completed
ORD002255,Indore,Rajendra Nagar,"House 93, Rajendra Nagar Area, near temple, Rajendra Nagar, Indore",22.732773741502054,75.88273719847155,successful
ORD002256,Indore,Chhatripura,"Room 152, Park Complex, Chhatripura, Indore",22.708638172103857,75.87066903744117,delivered
ORD002257,Indore,Vijay Nagar,"Building 199, Vijay Nagar, Vijay Nagar, Indore",22.71812567673031,75.87787343013876,delivered
ORD002258,Indore,Annapurna,"Building 71, Annapurna, near market, Annapurna, Indore",22.725796287451267,75.86537064210843,completed
ORD002259,Indore,Rajendra Nagar,"Shop 109, Central Market, near chai tapri, Rajendra Nagar, Indore",22.73334571057117,75.8872855079167,completed
ORD002260,Indore,Sudama Nagar,"House 83, Sudama Nagar Area, gali mein, Sudama Nagar, Indore",22.710717151100187,75.8584312174747,completed
ORD002261,Indore,Chhatripura,"House 128, Chhatripura Area, opposite police station, Chhatripura, Indore",22.713653286716468,75.86391285557994,successful
ORD002262,Indore,Vijay Nagar,"Flat 109, Garden Apartments, Vijay Nagar, Indore",22.720506715640578,75.87607430362404,successful
ORD002263,Indore,AB Road,"Room 102, River Complex, peeche dukaan, AB Road, Indore",22.721112407842497,75.87005739637875,delivered
ORD002264,Indore,Palasia,"Flat 45, Moonlight Apartments, dukaan ke piche, Palasia, Indore",22.728184679529875,75.87383343969574,delivered
ORD002265,Indore,Palasia,"Room 194, Park Complex, Palasia, Indore",22.728428564797543,75.87447833551272,completed
ORD002266,Indore,Chhatripura,"Room 23, Sunshine Complex, ke samne police station, Chhatripura, Indore",22.715415304325564,75.86489621340249,delivered
ORD002267,Indore,Chhatripura,"Flat 118, Park Apartments, behind big tree, Chhatripura, Indore",22.711986680192936,75.86888697073064,completed
ORD002268,Indore,AB Road,"67 Third Road, AB Road, Indore",22.717857824733716,75.87132494245436,completed
ORD002269,Indore,Chhatripura,"House 82, Chhatripura Area, Chhatripura, Indore",22.708081425447617,75.86573304015559,completed
ORD002270,Indore,Bengali Square,"Flat 116, Star Apartments, samne school, Bengali Square, Indore",22.730366218738872,75.8753473196002,completed
ORD002271,Indore,Bengali Square,"62/8, Golden Society, Bengali Square, Indore",22.733278480650927,75.88112993402758,successful
ORD002272,Indore,New Palasia,"Room 114, Garden Complex, gali mein, New Palasia, Indore",22.72187248807217,75.86508562917048,successful
ORD002273,Indore,MG Road,"House 5, MG Road Area, samne school, MG Road, Indore",22.729205528443817,75.87124278350603,delivered
ORD002274,Indore,Bengali Square,"Building 55, Bengali Square, ke samne police station, Bengali Square, Indore",22.72758846644295,75.87426289256993,delivered
ORD002275,Indore,Vijay Nagar,"Room 159, Park Complex, near bus stop, Vijay Nagar, Indore",22.725226118998652,75.87659036240203,successful
ORD002276,Indore,New Palasia,"Shop 44, Big Market, paas mandir, New Palasia, Indore",22.72705513652175,75.86641096427833,successful
ORD002277,Indore,Annapurna,"Shop 32, Main Market, opposite mall, Annapurna, Indore",22.733039474895996,75.86223729047957,successful
ORD002278,Indore,Sudama Nagar,"Room 78, Sunshine Complex, opposite bank, Sudama Nagar, Indore",22.717503985982546,75.85808887767142,delivered
ORD002279,Indore,Chhatripura,"Room 71, Star Complex, opposite mall, Chhatripura, Indore",22.71393767354861,75.87220826811253,successful
ORD002280,Indore,Annapurna,"House 86, Annapurna Area, opposite mall, Annapurna, Indore",22.730568081656166,75.86628211490978,successful
ORD002281,Indore,MG Road,"Shop 18, Central Market, behind dukaan, MG Road, Indore",22.725984798694373,75.87535077868115,successful
ORD002282,Indore,Bengali Square,"Shop 66, Main Market, gali mein, Bengali Square, Indore",22.73362518851696,75.87367826781261,delivered
ORD002283,Indore,Chhatripura,"Building 15, Chhatripura, tapri ke paas, Chhatripura, Indore",22.715185243001084,75.87173196266563,successful
ORD002284,Indore,Vijay Nagar,"Shop 177, Local Market, Vijay Nagar, Indore",22.722561275357727,75.87912919246862,completed
ORD002285,Indore,New Palasia,"House 19, New Palasia Area, near market, New Palasia, Indore",22.727368597027446,75.8653871701344,completed
ORD002286,Indore,Vijay Nagar,"Shop 67, Main Market, Vijay Nagar, Indore",22.716636754727013,75.88359435771629,delivered
ORD002287,Indore,Vijay Nagar,"House 121, Vijay Nagar Area, behind big tree, Vijay Nagar, Indore",22.724018021109753,75.8747898759217,successful
ORD002288,Indore,Rajendra Nagar,"Shop 20, Old Market, opposite school, Rajendra Nagar, Indore",22.73069469235794,75.88696895260257,successful
ORD002289,Indore,Palasia,"83 First Road, near temple, Palasia, Indore",22.724572469681352,75.87016516527504,completed
ORD002290,Indore,Bengali Square,"House 21, Bengali Square Area, ke samne police station, Bengali Square, Indore",22.7314482519955,75.8788235809332,completed
ORD002291,Indore,Chhatripura,"Building 198, Chhatripura, near chai tapri, Chhatripura, Indore",22.714115054772265,75.86426411705776,successful
ORD002292,Indore,Rajendra Nagar,"House 43, Rajendra Nagar Area, opposite mall, Rajendra Nagar, Indore",22.73664904830171,75.87818154682483,completed
ORD002293,Indore,New Palasia,"137/4, Green Society, tapri ke paas, New Palasia, Indore",22.72163532668288,75.86561124008288,delivered
ORD002294,Indore,Annapurna,"Room 77, Mountain Complex, near market, Annapurna, Indore",22.72479142791579,75.86847858436207,delivered
ORD002295,Indore,MG Road,"Flat 2, River Apartments, tapri ke paas, MG Road, Indore",22.730038757876986,75.87274931569202,delivered
ORD002296,Indore,MG Road,"Flat 75, Ocean Apartments, gali mein, MG Road, Indore",22.72944855740363,75.86911152494497,delivered
ORD002297,Indore,Palasia,"Shop 15, Old Market, ke peeche bada ped, Palasia, Indore",22.720041313034184,75.87394605501142,delivered
ORD002298,Indore,Rajendra Nagar,"Room 119, Star Complex, near bus stop, Rajendra Nagar, Indore",22.7358848691181,75.8842571556386,completed
ORD002299,Indore,Rajendra Nagar,"Flat 27, Star Apartments, gali mein, Rajendra Nagar, Indore",22.73722779866208,75.8814265975569,completed
ORD002300,Indore,Palasia,"65/12, Green Society, Palasia, Indore",22.72114375678615,75.87725331615445,successful
ORD002301,Indore,Chhatripura,"Room 170, Garden Complex, Chhatripura, Indore",22.714916143777828,75.86430908560433,successful
ORD002302,Indore,Rajendra Nagar,"10/13, Golden Society, ke peeche bada ped, Rajendra Nagar, Indore",22.735427926098232,75.88277026448024,successful
ORD002303,Indore,New Palasia,"Building 58, New Palasia, ke paas chai tapri, New Palasia, Indore",22.71794291315109,75.8737257883095,delivered
ORD002304,Indore,Rajendra Nagar,"Flat 162, Moonlight Apartments, near market, Rajendra Nagar, Indore",22.730941270376565,75.88392584170978,completed
ORD002305,Indore,Vijay Nagar,"Shop 99, Local Market, behind dukaan, Vijay Nagar, Indore",22.7255567102251,75.87492660811894,successful
ORD002306,Indore,Palasia,"House 97, Palasia Area, behind dukaan, Palasia, Indore",22.72876251976386,75.8720721546745,delivered
ORD002307,Indore,Bengali Square,"120/18, Golden Society, behind hospital, Bengali Square, Indore",22.729238542824074,75.8782363136017,completed
ORD002308,Indore,Palasia,"Flat 186, Moonlight Apartments, samne school, Palasia, Indore",22.728246074003643,75.87448341276259,successful
ORD002309,Indore,AB Road,"House 72, AB Road Area, paas mandir, AB Road, Indore",22.716083436326354,75.87263804491647,successful
ORD002310,Indore,Sudama Nagar,"47/4, Silver Society, opposite police station, Sudama Nagar, Indore",22.71869100202115,75.86738272667144,delivered
ORD002311,Indore,Annapurna,"90 Fifth Road, ke paas chai tapri, Annapurna, Indore",22.732981932129473,75.86035482993336,successful
ORD002312,Indore,AB Road,"House 125, AB Road Area, AB Road, Indore",22.71695283443049,75.87486375734252,successful
ORD002313,Indore,Vijay Nagar,"Building 139, Vijay Nagar, near bus stop, Vijay Nagar, Indore",22.718770123906626,75.87756487384017,delivered
ORD002314,Indore,New Palasia,"House 190, New Palasia Area, gali mein, New Palasia, Indore",22.72389977122324,75.8674121883957,delivered
ORD002315,Indore,MG Road,"Flat 164, Star Apartments, opposite bank, MG Road, Indore",22.721726150782466,75.86796371843535,successful
ORD002316,Indore,Bengali Square,"Room 92, Mountain Complex, paas mandir, Bengali Square, Indore",22.732843633161316,75.87473882138531,completed
ORD002317,Indore,Annapurna,"77/4, Green Society, Annapurna, Indore",22.72516191978755,75.86253186835992,delivered
ORD002318,Indore,Bengali Square,"House 123, Bengali Square Area, Bengali Square, Indore",22.727487618427855,75.88137825608517,delivered
ORD002319,Indore,Chhatripura,"79/1, Silver Society, behind hospital, Chhatripura, Indore",22.71330137686554,75.86396911038956,successful
ORD002320,Indore,Sudama Nagar,"House 110, Sudama Nagar Area, opposite mall, Sudama Nagar, Indore",22.715285396165118,75.86772371833116,completed
ORD002321,Indore,Annapurna,"Building 163, Annapurna, paas mandir, Annapurna, Indore",22.732914188151835,75.86484609874121,successful
ORD002322,Indore,Chhatripura,"Shop 110, New Market, Chhatripura, Indore",22.707943556142403,75.87204014612134,delivered
ORD002323,Indore,Palasia,"Room 124, Ocean Complex, behind hospital, Palasia, Indore",22.722376732603006,75.87328522756982,completed
ORD002324,Indore,MG Road,"House 185, MG Road Area, opposite bank, MG Road, Indore",22.724355507524233,75.870680801372,successful
ORD002325,Indore,MG Road,"Shop 62, Central Market, paas mandir, MG Road, Indore",22.72669915605892,75.8709805803463,delivered
ORD002326,Indore,Annapurna,"Shop 164, New Market, Annapurna, Indore",22.72629973284783,75.86199398561932,completed
ORD002327,Indore,Palasia,"58 Third Road, opposite school, Palasia, Indore",22.724557130287725,75.8693967799097,successful
ORD002328,Indore,Vijay Nagar,"147/11, Green Society, opposite bank, Vijay Nagar, Indore",22.719166395448628,75.88181906637705,completed
ORD002329,Indore,Vijay Nagar,"Room 21, Garden Complex, peeche dukaan, Vijay Nagar, Indore",22.719892619051073,75.87424666561138,successful
ORD002330,Indore,Annapurna,"160 First Road, opposite mall, Annapurna, Indore",22.72637851414373,75.86956882223703,delivered
ORD002331,Indore,Rajendra Nagar,"Flat 149, Ocean Apartments, near temple, Rajendra Nagar, Indore",22.738943166631813,75.88408602075273,delivered
ORD002332,Indore,Rajendra Nagar,"126/2, Green Society, behind hospital, Rajendra Nagar, Indore",22.733237506776014,75.88710898585533,successful
ORD002333,Indore,Vijay Nagar,"Flat 100, Star Apartments, tapri ke paas, Vijay Nagar, Indore",22.7180623316687,75.87553411223016,delivered
ORD002334,Indore,Vijay Nagar,"154 Main Road, ke paas chai tapri, Vijay Nagar, Indore",22.715691256114695,75.87957991921739,delivered
ORD002335,Indore,Rajendra Nagar,"House 78, Rajendra Nagar Area, Rajendra Nagar, Indore",22.739034031568387,75.87830182972291,completed
ORD002336,Indore,New Palasia,"Flat 97, Star Apartments, New Palasia, Indore",22.722409960199787,75.8643807966821,delivered
ORD002337,Indore,Bengali Square,"House 5, Bengali Square Area, ke paas chai tapri, Bengali Square, Indore",22.731394987758353,75.87944512803035,completed
ORD002338,Indore,Sudama Nagar,"Flat 153, Ocean Apartments, opposite school, Sudama Nagar, Indore",22.719357128672886,75.86786909030567,successful
ORD002339,Indore,Vijay Nagar,"99 Main Road, Vijay Nagar, Indore",22.72150832944418,75.87797783383432,delivered
ORD002340,Indore,Sudama Nagar,"6/4, Green Society, near bus stop, Sudama Nagar, Indore",22.711135892547507,75.86390780319283,successful
ORD002341,Indore,AB Road,"House 112, AB Road Area, ke peeche bada ped, AB Road, Indore",22.72214095265092,75.8725347766941,delivered
ORD002342,Indore,Annapurna,"House 140, Annapurna Area, gali mein, Annapurna, Indore",22.725682704939576,75.8651518795897,delivered
ORD002343,Indore,Annapurna,"21 Third Road, peeche dukaan, Annapurna, Indore",22.724973095583024,75.86391287175276,successful
ORD002344,Indore,Annapurna,"15 Second Road, Annapurna, Indore",22.728423354264827,75.8671145503954,delivered
ORD002345,Indore,Chhatripura,"16/16, White Society, behind hospital, Chhatripura, Indore",22.711560036398993,75.87362405983711,delivered
ORD002346,Indore,Annapurna,"Building 59, Annapurna, Annapurna, Indore",22.7237487741636,75.8600879976473,completed
ORD002347,Indore,Bengali Square,"134 Fifth Road, opposite school, Bengali Square, Indore",22.731712163639667,75.87484267179158,completed
ORD002348,Indore,Rajendra Nagar,"Building 116, Rajendra Nagar, opposite mall, Rajendra Nagar, Indore",22.735184339724825,75.87878956519378,successful
ORD002349,Indore,AB Road,"Flat 12, Star Apartments, AB Road, Indore",22.71545362788843,75.87872669704379,successful
ORD002350,Indore,Vijay Nagar,"Shop 62, Old Market, Vijay Nagar, Indore",22.722538105658675,75.8812980401285,successful
ORD002351,Indore,Annapurna,"67 Fourth Road, paas mandir, Annapurna, Indore",22.7285799350523,75.869206048599,successful
ORD002352,Indore,Bengali Square,"Flat 113, Mountain Apartments, paas mandir, Bengali Square, Indore",22.727594210076198,75.87841687277037,delivered
ORD002353,Indore,Rajendra Nagar,"Shop 130, Big Market, samne school, Rajendra Nagar, Indore",22.7392026403343,75.88751538284369,delivered
ORD002354,Indore,AB Road,"Room 47, River Complex, paas mandir, AB Road, Indore",22.720396335775906,75.87585380142636,delivered
ORD002355,Indore,AB Road,"Flat 112, Garden Apartments, behind petrol pump, AB Road, Indore",22.722709514873504,75.87901443820589,delivered
ORD002356,Indore,Sudama Nagar,"Flat 82, Sunshine Apartments, dukaan ke piche, Sudama Nagar, Indore",22.71716956029164,75.86222882313342,delivered
ORD002357,Indore,Palasia,"Shop 179, Central Market, tapri ke paas, Palasia, Indore",22.722717814227913,75.87046355821953,completed
ORD002358,Indore,Sudama Nagar,"Building 173, Sudama Nagar, Sudama Nagar, Indore",22.71213757519644,75.86719071363346,delivered
ORD002359,Indore,Rajendra Nagar,"Building 169, Rajendra Nagar, near market, Rajendra Nagar, Indore",22.7307287840541,75.88378807171092,delivered
ORD002360,Indore,Bengali Square,"173 First Road, Bengali Square, Indore",22.7306678494997,75.87977107422887,successful
ORD002361,Indore,Chhatripura,"Building 52, Chhatripura, samne school, Chhatripura, Indore",22.71638873142795,75.86750685338754,completed
ORD002362,Indore,Chhatripura,"Building 134, Chhatripura, Chhatripura, Indore",22.71060489900748,75.86701899529773,successful
ORD002363,Indore,MG Road,"Room 175, Sunshine Complex, tapri ke paas, MG Road, Indore",22.727487357785957,75.86793306874442,completed
ORD002364,Indore,Chhatripura,"Flat 9, Star Apartments, Chhatripura, Indore",22.713074413627208,75.86843719395942,delivered
ORD002365,Indore,New Palasia,"149/19, White Society, New Palasia, Indore",22.720743426937876,75.86944081371892,successful
ORD002366,Indore,Vijay Nagar,"Flat 26, Mountain Apartments, opposite mall, Vijay Nagar, Indore",22.72038246085628,75.87466009670557,delivered
ORD002367,Indore,Bengali Square,"Flat 136, Garden Apartments, Bengali Square, Indore",22.731028390651787,75.87619163745788,successful
ORD002368,Indore,Annapurna,"House 119, Annapurna Area, near market, Annapurna, Indore",22.72691349943592,75.8625117053534,delivered
ORD002369,Indore,Annapurna,"88/16, Silver Society, Annapurna, Indore",22.724534595314694,75.86493560438102,delivered
ORD002370,Indore,Chhatripura,"House 10, Chhatripura Area, ke samne police station, Chhatripura, Indore",22.71669598757927,75.86488824817751,delivered
ORD002371,Indore,Rajendra Nagar,"Shop 152, Main Market, Rajendra Nagar, Indore",22.735900915173886,75.88766309496206,successful
ORD002372,Indore,Annapurna,"House 34, Annapurna Area, opposite mall, Annapurna, Indore",22.731715160821857,75.86105667240231,successful
ORD002373,Indore,MG Road,"House 54, MG Road Area, opposite school, MG Road, Indore",22.72585394668433,75.87028029872184,successful
ORD002374,Indore,Sudama Nagar,"Building 13, Sudama Nagar, ke peeche bada ped, Sudama Nagar, Indore",22.718978219421047,75.86000659173229,successful
ORD002375,Indore,Bengali Square,"Flat 91, Mountain Apartments, near market, Bengali Square, Indore",22.732483988331303,75.87360911670655,delivered
ORD002376,Indore,New Palasia,"Flat 41, Mountain Apartments, ke peeche bada ped, New Palasia, Indore",22.723701669811813,75.86501594221967,successful
ORD002377,Indore,Sudama Nagar,"45 Main Road, opposite school, Sudama Nagar, Indore",22.71488690252902,75.86608970180451,successful
ORD002378,Indore,Sudama Nagar,"Shop 199, Central Market, samne school, Sudama Nagar, Indore",22.716409173925758,75.86121634301173,completed
ORD002379,Indore,Annapurna,"Shop 126, Old Market, Annapurna, Indore",22.72962510303212,75.86092582907035,successful
ORD002380,Indore,MG Road,"173/8, Silver Society, ke paas chai tapri, MG Road, Indore",22.731157785031595,75.86783847084934,successful
ORD002381,Indore,Chhatripura,"16/16, Silver Society, opposite mall, Chhatripura, Indore",22.7077015240932,75.87221568230638,successful
ORD002382,Indore,New Palasia,"Room 150, Moonlight Complex, New Palasia, Indore",22.719864747124213,75.87143966164355,delivered
ORD002383,Indore,Chhatripura,"Shop 52, New Market, opposite police station, Chhatripura, Indore",22.71473674223225,75.87267199848321,completed
ORD002384,Indore,Chhatripura,"Shop 175, Central Market, peeche dukaan, Chhatripura, Indore",22.711799868631775,75.86393567866789,completed
ORD002385,Indore,MG Road,"Shop 75, Central Market, peeche dukaan, MG Road, Indore",22.72327439905632,75.87047365120499,delivered
ORD002386,Indore,Vijay Nagar,"38/10, Blue Society, dukaan ke piche, Vijay Nagar, Indore",22.717248950573303,75.8739715029525,delivered
ORD002387,Indore,Rajendra Nagar,"Shop 150, Old Market, tapri ke paas, Rajendra Nagar, Indore",22.731188032000006,75.8814825607033,completed
ORD002388,Indore,Sudama Nagar,"Room 200, Moonlight Complex, Sudama Nagar, Indore",22.717632169026643,75.86535231811428,completed
ORD002389,Indore,Bengali Square,"Flat 107, Sunshine Apartments, gali mein, Bengali Square, Indore",22.73012655316506,75.87907506350042,completed
ORD002390,Indore,Annapurna,"Building 45, Annapurna, Annapurna, Indore",22.72411229333069,75.86296742506192,completed
ORD002391,Indore,Sudama Nagar,"Room 83, Sunshine Complex, opposite bank, Sudama Nagar, Indore",22.711260785356757,75.86005951817991,delivered
ORD002392,Indore,Rajendra Nagar,"Flat 62, Sunshine Apartments, paas mandir, Rajendra Nagar, Indore",22.739426213151628,75.8810273538717,successful
ORD002393,Indore,Vijay Nagar,"House 157, Vijay Nagar Area, Vijay Nagar, Indore",22.723535593804833,75.87611653731913,successful
ORD002394,Indore,AB Road,"Building 72, AB Road, opposite bank, AB Road, Indore",22.718860038076148,75.87937565553047,completed
ORD002395,Indore,Chhatripura,"Building 23, Chhatripura, near bus stop, Chhatripura, Indore",22.708242724444,75.8687115452588,successful
ORD002396,Indore,Palasia,"Room 115, Sunshine Complex, near temple, Palasia, Indore",22.72588216426535,75.87785823575038,completed
ORD002397,Indore,Palasia,"95 Main Road, near bus stop, Palasia, Indore",22.727708908600615,75.871515873099,delivered
ORD002398,Indore,Palasia,"76/8, Green Society, Palasia, Indore",22.725849407963402,75.87242896215932,completed
ORD002399,Indore,Vijay Nagar,"Shop 66, Main Market, paas mandir, Vijay Nagar, Indore",22.721394580289733,75.8834298353328,successful
ORD002400,Indore,Sudama Nagar,"Room 79, Star Complex, Sudama Nagar, Indore",22.710201745568458,75.85849178211265,completed
ORD002401,Indore,MG Road,"Building 102, MG Road, near market, MG Road, Indore",22.728434889860264,75.8699642658624,delivered
ORD002402,Indore,Annapurna,"Shop 7, Central Market, Annapurna, Indore",22.732482712338015,75.86036036305623,completed
ORD002403,Indore,Chhatripura,"11/18, Green Society, Chhatripura, Indore",22.708423468939035,75.87050204030423,completed
ORD002404,Indore,Annapurna,"41 Fifth Road, ke peeche bada ped, Annapurna, Indore",22.72941188903102,75.86840998380919,completed
ORD002405,Indore,New Palasia,"Flat 8, Star Apartments, opposite police station, New Palasia, Indore",22.724341978561952,75.87247601812747,completed
ORD002406,Indore,New Palasia,"Building 139, New Palasia, New Palasia, Indore",22.726127445666332,75.871736286978,delivered
ORD002407,Indore,MG Road,"163 Third Road, tapri ke paas, MG Road, Indore",22.73104820490269,75.87070876285298,successful
ORD002408,Indore,New Palasia,"39 Fourth Road, New Palasia, Indore",22.72137619049774,75.86464260182211,completed
ORD002409,Indore,MG Road,"Shop 163, Old Market, opposite police station, MG Road, Indore",22.723099906955962,75.87168298163054,completed
ORD002410,Indore,Bengali Square,"Building 15, Bengali Square, opposite police station, Bengali Square, Indore",22.728929276972714,75.87803494728058,completed
ORD002411,Indore,Chhatripura,"Room 21, Sunshine Complex, Chhatripura, Indore",22.707994651540123,75.86763863974541,completed
ORD002412,Indore,AB Road,"Building 140, AB Road, behind hospital, AB Road, Indore",22.721799277994283,75.87874903031627,completed
ORD002413,Indore,Chhatripura,"Room 131, Moonlight Complex, Chhatripura, Indore",22.717225752573924,75.86461620130525,successful
ORD002414,Indore,New Palasia,"Room 35, Sunshine Complex, samne school, New Palasia, Indore",22.726067335696392,75.86502721060766,successful
ORD002415,Indore,Sudama Nagar,"127/3, Green Society, tapri ke paas, Sudama Nagar, Indore",22.7103056498046,75.85891382014267,completed
ORD002416,Indore,MG Road,"Building 52, MG Road, ke samne police station, MG Road, Indore",22.72565502612605,75.86918712182596,successful
ORD002417,Indore,MG Road,"Flat 8, Park Apartments, MG Road, Indore",22.72190318995125,75.87508842602742,delivered
ORD002418,Indore,MG Road,"Shop 44, Main Market, opposite school, MG Road, Indore",22.722103893888168,75.86812400162579,successful
ORD002419,Indore,Rajendra Nagar,"Room 196, Sunshine Complex, ke paas chai tapri, Rajendra Nagar, Indore",22.732360748560048,75.8784959490255,delivered
ORD002420,Indore,Sudama Nagar,"Shop 34, Big Market, gali mein, Sudama Nagar, Indore",22.709604726303372,75.85966459030125,successful
ORD002421,Indore,Annapurna,"Flat 182, Mountain Apartments, opposite police station, Annapurna, Indore",22.725804970428406,75.86627755506728,successful
ORD002422,Indore,AB Road,"Shop 165, Big Market, AB Road, Indore",22.718888390695124,75.87160803062179,delivered
ORD002423,Indore,New Palasia,"Shop 182, Main Market, New Palasia, Indore",22.721573252008127,75.8647099585123,completed
ORD002424,Indore,MG Road,"195/6, Red Society, MG Road, Indore",22.730138539989277,75.8739369387405,completed
ORD002425,Indore,Sudama Nagar,"178 Main Road, behind petrol pump, Sudama Nagar, Indore",22.71325386443322,75.86446102232561,successful
ORD002426,Indore,AB Road,"Room 36, Moonlight Complex, opposite bank, AB Road, Indore",22.715749866878703,75.87874113863876,successful
ORD002427,Indore,AB Road,"House 84, AB Road Area, opposite bank, AB Road, Indore",22.717838967922358,75.87074275838619,delivered
ORD002428,Indore,Palasia,"116/20, White Society, opposite mall, Palasia, Indore",22.726506937451965,75.87196879949894,completed
ORD002429,Indore,MG Road,"Shop 145, Old Market, tapri ke paas, MG Road, Indore",22.726587809668082,75.86824130391686,completed
ORD002430,Indore,AB Road,"Flat 104, Ocean Apartments, ke peeche bada ped, AB Road, Indore",22.714785151586803,75.87831924081372,delivered
ORD002431,Indore,AB Road,"Building 177, AB Road, opposite mall, AB Road, Indore",22.72337004914864,75.87547134137333,delivered
ORD002432,Indore,MG Road,"175 Third Road, ke samne police station, MG Road, Indore",22.72654690448582,75.87362269299861,successful
ORD002433,Indore,AB Road,"Flat 89, Sunshine Apartments, dukaan ke piche, AB Road, Indore",22.716669400162484,75.87894695974235,successful
ORD002434,Indore,AB Road,"50/1, White Society, AB Road, Indore",22.71392033987999,75.87036778549653,delivered
ORD002435,Indore,Vijay Nagar,"House 3, Vijay Nagar Area, dukaan ke piche, Vijay Nagar, Indore",22.720406311454518,75.8816919623532,successful
ORD002436,Indore,AB Road,"Shop 19, Central Market, tapri ke paas, AB Road, Indore",22.720615344612565,75.87024540004148,delivered
ORD002437,Indore,Annapurna,"Flat 2, Moonlight Apartments, near temple, Annapurna, Indore",22.72955603441192,75.86511843717331,delivered
ORD002438,Indore,Chhatripura,"Shop 79, Old Market, tapri ke paas, Chhatripura, Indore",22.715013166223002,75.87169736455097,delivered
ORD002439,Indore,Bengali Square,"Flat 16, Park Apartments, peeche dukaan, Bengali Square, Indore",22.726068489806366,75.877561790242,successful
ORD002440,Indore,New Palasia,"Building 10, New Palasia, near market, New Palasia, Indore",22.724671369562966,75.87237657547186,successful
ORD002441,Indore,Chhatripura,"6 Main Road, behind petrol pump, Chhatripura, Indore",22.708010591796832,75.86842141508097,delivered
ORD002442,Indore,Chhatripura,"Flat 88, River Apartments, peeche dukaan, Chhatripura, Indore",22.71653317556846,75.86805664667165,successful
ORD002443,Indore,Bengali Square,"Building 106, Bengali Square, gali mein, Bengali Square, Indore",22.734830940849978,75.88053660332012,successful
ORD002444,Indore,Annapurna,"194/17, Blue Society, opposite bank, Annapurna, Indore",22.72378180823726,75.86487831361127,successful
ORD002445,Indore,Rajendra Nagar,"Shop 134, Old Market, opposite police station, Rajendra Nagar, Indore",22.7388535342109,75.88295283862668,completed
ORD002446,Indore,Palasia,"77 Fifth Road, near chai tapri, Palasia, Indore",22.72646314014598,75.87197968997091,delivered
ORD002447,Indore,Annapurna,"Flat 174, Star Apartments, Annapurna, Indore",22.725415881622986,75.8667226747481,delivered
ORD002448,Indore,New Palasia,"House 140, New Palasia Area, ke samne police station, New Palasia, Indore",22.72260593396872,75.86707420975222,completed
ORD002449,Indore,AB Road,"84 Third Road, near bus stop, AB Road, Indore",22.722324983780062,75.87881931303554,successful
ORD002450,Indore,Vijay Nagar,"Shop 33, New Market, ke samne police station, Vijay Nagar, Indore",22.720543812925,75.87713592622706,delivered
ORD002451,Indore,New Palasia,"Room 123, Garden Complex, ke paas chai tapri, New Palasia, Indore",22.72730131033555,75.8674846475738,completed
ORD002452,Indore,New Palasia,"House 25, New Palasia Area, peeche dukaan, New Palasia, Indore",22.72050290826278,75.87347101089676,successful
ORD002453,Indore,Bengali Square,"Flat 198, Ocean Apartments, opposite mall, Bengali Square, Indore",22.73291902394487,75.87826371349865,completed
ORD002454,Indore,New Palasia,"13 Main Road, behind hospital, New Palasia, Indore",22.719852573865246,75.87370454516757,completed
ORD002455,Indore,AB Road,"Shop 2, Local Market, peeche dukaan, AB Road, Indore",22.714123874836044,75.87392087446896,successful
ORD002456,Indore,Palasia,"Room 144, Park Complex, Palasia, Indore",22.727407244876634,75.871955100112,completed
ORD002457,Indore,New Palasia,"Room 125, Sunshine Complex, New Palasia, Indore",22.720046264869463,75.87210712299478,successful
ORD002458,Indore,Vijay Nagar,"150 Third Road, behind dukaan, Vijay Nagar, Indore",22.72129782924604,75.88333631585249,completed
ORD002459,Indore,MG Road,"Room 166, River Complex, gali mein, MG Road, Indore",22.72867014801467,75.87197572889089,completed
ORD002460,Indore,Sudama Nagar,"House 34, Sudama Nagar Area, opposite police station, Sudama Nagar, Indore",22.712011594946805,75.8632573704316,successful
ORD002461,Indore,Sudama Nagar,"Room 66, Mountain Complex, ke samne police station, Sudama Nagar, Indore",22.717980116368015,75.86379536360398,completed
ORD002462,Indore,Rajendra Nagar,"60/7, Golden Society, opposite police station, Rajendra Nagar, Indore",22.737727207703003,75.88361937271239,delivered
ORD002463,Indore,MG Road,"Building 133, MG Road, ke samne police station, MG Road, Indore",22.730301452810274,75.86946387438728,delivered
ORD002464,Indore,Bengali Square,"40 Second Road, Bengali Square, Indore",22.730188328731565,75.88132857463278,completed
ORD002465,Indore,Sudama Nagar,"Room 32, Ocean Complex, gali mein, Sudama Nagar, Indore",22.70997993434324,75.85853715756156,delivered
ORD002466,Indore,Chhatripura,"Room 144, Mountain Complex, Chhatripura, Indore",22.71197264885864,75.86490076373917,successful
ORD002467,Indore,Bengali Square,"Building 59, Bengali Square, opposite bank, Bengali Square, Indore",22.726035237305105,75.87895289438046,completed
ORD002468,Indore,Bengali Square,"House 198, Bengali Square Area, opposite bank, Bengali Square, Indore",22.725862775599694,75.87409050672602,delivered
ORD002469,Indore,Bengali Square,"Room 153, Garden Complex, near chai tapri, Bengali Square, Indore",22.726677381018074,75.87678734986604,completed
ORD002470,Indore,Annapurna,"Room 137, Garden Complex, Annapurna, Indore",22.724386690736512,75.86424772692494,successful
ORD002471,Indore,Chhatripura,"38/11, Silver Society, behind dukaan, Chhatripura, Indore",22.71017491357617,75.87384098670653,completed
ORD002472,Indore,Annapurna,"Building 21, Annapurna, Annapurna, Indore",22.73184749136069,75.86725300145558,successful
ORD002473,Indore,Vijay Nagar,"Building 47, Vijay Nagar, gali mein, Vijay Nagar, Indore",22.725165511971973,75.87869411337692,delivered
ORD002474,Indore,MG Road,"Flat 16, River Apartments, near chai tapri, MG Road, Indore",22.72421868165979,75.86704112647566,delivered
ORD002475,Indore,Sudama Nagar,"72/10, Silver Society, tapri ke paas, Sudama Nagar, Indore",22.716613031253537,75.85990442605677,completed
ORD002476,Indore,AB Road,"Room 112, Star Complex, dukaan ke piche, AB Road, Indore",22.719511278330966,75.87463954027854,delivered
ORD002477,Indore,Palasia,"Room 106, Park Complex, ke samne police station, Palasia, Indore",22.724665142684106,75.87256698374478,completed
ORD002478,Indore,New Palasia,"Shop 196, Old Market, opposite school, New Palasia, Indore",22.71819691891143,75.86474089864731,completed
ORD002479,Indore,Annapurna,"Room 191, River Complex, opposite bank, Annapurna, Indore",22.726260595068158,75.86646299347667,completed
ORD002480,Indore,Vijay Nagar,"Flat 146, Moonlight Apartments, Vijay Nagar, Indore",22.71873274487874,75.88037884797342,delivered
ORD002481,Indore,Annapurna,"183/17, Green Society, near temple, Annapurna, Indore",22.725836284839673,75.86465499849258,successful
ORD002482,Indore,Bengali Square,"House 69, Bengali Square Area, ke paas chai tapri, Bengali Square, Indore",22.73080806588929,75.87962759588157,delivered
ORD002483,Indore,Annapurna,"Room 175, Park Complex, opposite bank, Annapurna, Indore",22.72925056664987,75.86400935387202,completed
ORD002484,Indore,New Palasia,"Room 30, Sunshine Complex, ke paas chai tapri, New Palasia, Indore",22.718949450925997,75.87006749351845,completed
ORD002485,Indore,Vijay Nagar,"76/2, Red Society, Vijay Nagar, Indore",22.718732035318933,75.87681894964913,delivered
ORD002486,Indore,AB Road,"Shop 154, Big Market, AB Road, Indore",22.72317522573105,75.87766528945602,successful
ORD002487,Indore,New Palasia,"Shop 103, New Market, behind hospital, New Palasia, Indore",22.723997173533824,75.87052228273481,completed
ORD002488,Indore,Sudama Nagar,"54 Main Road, dukaan ke piche, Sudama Nagar, Indore",22.717968814328625,75.86555314389817,completed
ORD002489,Indore,MG Road,"Building 59, MG Road, behind dukaan, MG Road, Indore",22.724193689796476,75.87399164723035,successful
ORD002490,Indore,Bengali Square,"Room 19, Ocean Complex, Bengali Square, Indore",22.734227440331082,75.87354843422531,successful
ORD002491,Indore,Palasia,"Building 186, Palasia, behind hospital, Palasia, Indore",22.724004772956164,75.86832982054003,completed
ORD002492,Indore,Rajendra Nagar,"Flat 162, Park Apartments, gali mein, Rajendra Nagar, Indore",22.7347049745022,75.88053255220613,completed
ORD002493,Indore,Rajendra Nagar,"197 Fifth Road, samne school, Rajendra Nagar, Indore",22.732571206144033,75.88222143401752,completed
ORD002494,Indore,Vijay Nagar,"Shop 78, Big Market, behind hospital, Vijay Nagar, Indore",22.72479504653957,75.88020265854014,delivered
ORD002495,Indore,New Palasia,"24/14, Red Society, peeche dukaan, New Palasia, Indore",22.72311343287235,75.8717666459706,delivered
ORD002496,Indore,Chhatripura,"105/5, Silver Society, near chai tapri, Chhatripura, Indore",22.712234480076543,75.87324248585911,completed
ORD002497,Indore,Chhatripura,"Flat 84, Park Apartments, opposite school, Chhatripura, Indore",22.710913016635867,75.86586483047239,completed
ORD002498,Indore,MG Road,"Flat 13, Park Apartments, behind hospital, MG Road, Indore",22.722243458302497,75.87508187283049,successful
ORD002499,Indore,MG Road,"House 184, MG Road Area, MG Road, Indore",22.728599771611265,75.8676260389044,successful
ORD002500,Indore,AB Road,"Building 118, AB Road, AB Road, Indore",22.716692694339798,75.87775171932803,completed
ORD002501,Indore,Chhatripura,"Building 132, Chhatripura, near chai tapri, Chhatripura, Indore",22.711019150591724,75.87355036460733,successful
ORD002502,Indore,Sudama Nagar,"Room 177, Sunshine Complex, dukaan ke piche, Sudama Nagar, Indore",22.717721949721472,75.86182274718946,delivered
ORD002503,Indore,Rajendra Nagar,"Room 48, Sunshine Complex, tapri ke paas, Rajendra Nagar, Indore",22.734673495963744,75.88771997455444,completed
ORD002504,Indore,Rajendra Nagar,"Room 156, Mountain Complex, ke paas chai tapri, Rajendra Nagar, Indore",22.73496721367243,75.88496303702685,delivered
ORD002505,Indore,Chhatripura,"Shop 48, Big Market, Chhatripura, Indore",22.716123612907126,75.87219978860354,completed
ORD002506,Indore,MG Road,"House 141, MG Road Area, peeche dukaan, MG Road, Indore",22.722303598988905,75.86729511863084,successful
ORD002507,Indore,Vijay Nagar,"House 105, Vijay Nagar Area, tapri ke paas, Vijay Nagar, Indore",22.724255331840816,75.87542623155045,completed
ORD002508,Indore,AB Road,"Building 2, AB Road, paas mandir, AB Road, Indore",22.721277253437226,75.87931854960459,delivered
ORD002509,Indore,Sudama Nagar,"115/15, Blue Society, Sudama Nagar, Indore",22.712564397922176,75.85816132836723,completed
ORD002510,Indore,Sudama Nagar,"73 Second Road, Sudama Nagar, Indore",22.718331277211576,75.86486656665286,completed
ORD002511,Indore,Sudama Nagar,"24/19, White Society, peeche dukaan, Sudama Nagar, Indore",22.718137822497315,75.86192412835507,successful
ORD002512,Indore,Palasia,"Room 144, River Complex, Palasia, Indore",22.723354953245593,75.87180666369034,delivered
ORD002513,Indore,Rajendra Nagar,"Flat 115, Moonlight Apartments, near temple, Rajendra Nagar, Indore",22.73616978219177,75.88599385248546,delivered
ORD002514,Indore,Palasia,"House 193, Palasia Area, ke samne police station, Palasia, Indore",22.727791399535864,75.8743625363806,delivered
ORD002515,Indore,Sudama Nagar,"186/16, Golden Society, behind big tree, Sudama Nagar, Indore",22.714127922787057,75.86788527772411,successful
ORD002516,Indore,Chhatripura,"Shop 62, Old Market, tapri ke paas, Chhatripura, Indore",22.70878916651201,75.8673936495921,delivered
ORD002517,Indore,Annapurna,"Flat 106, Sunshine Apartments, ke peeche bada ped, Annapurna, Indore",22.724386817913775,75.86586109336534,completed
ORD002518,Indore,Vijay Nagar,"Shop 105, Local Market, peeche dukaan, Vijay Nagar, Indore",22.716756242462743,75.87783073972255,completed
ORD002519,Indore,Rajendra Nagar,"Shop 151, Big Market, opposite mall, Rajendra Nagar, Indore",22.73594267259861,75.87833831739006,delivered
ORD002520,Indore,Palasia,"Flat 137, Garden Apartments, near chai tapri, Palasia, Indore",22.719930071418926,75.87230008469565,completed
ORD002521,Indore,Chhatripura,"Room 126, Sunshine Complex, near market, Chhatripura, Indore",22.70761059243016,75.87086025261988,completed
ORD002522,Indore,Rajendra Nagar,"Room 167, Sunshine Complex, ke samne police station, Rajendra Nagar, Indore",22.735400028804186,75.88589258490151,completed
ORD002523,Indore,MG Road,"Flat 65, Park Apartments, gali mein, MG Road, Indore",22.728948097262993,75.86770837168176,delivered
ORD002524,Indore,Chhatripura,"Building 173, Chhatripura, Chhatripura, Indore",22.710055492154062,75.87042208035774,completed
ORD002525,Indore,MG Road,"Shop 98, Local Market, behind hospital, MG Road, Indore",22.722435871587074,75.8739969547169,successful
ORD002526,Indore,AB Road,"Room 55, Ocean Complex, gali mein, AB Road, Indore",22.71412751277521,75.87668296125119,delivered
ORD002527,Indore,Bengali Square,"Building 188, Bengali Square, Bengali Square, Indore",22.728446526714674,75.87233384721472,delivered
ORD002528,Indore,Vijay Nagar,"17 Third Road, near chai tapri, Vijay Nagar, Indore",22.723529544341712,75.88126829407747,successful
ORD002529,Indore,AB Road,"Building 97, AB Road, ke samne police station, AB Road, Indore",22.72162374627834,75.87727851142412,completed
ORD002530,Indore,Chhatripura,"Flat 110, Star Apartments, near bus stop, Chhatripura, Indore",22.71148915352003,75.8661753636327,successful
ORD002531,Indore,MG Road,"Room 3, Garden Complex, behind big tree, MG Road, Indore",22.73006308872667,75.86767077058228,successful
ORD002532,Indore,AB Road,"Room 12, Ocean Complex, opposite mall, AB Road, Indore",22.717351941049806,75.87931006166136,completed
ORD002533,Indore,Annapurna,"House 28, Annapurna Area, near bus stop, Annapurna, Indore",22.73196784168369,75.86862770815534,successful
ORD002534,Indore,MG Road,"Shop 11, Old Market, MG Road, Indore",22.73057061332977,75.87213956269912,successful
ORD002535,Indore,Sudama Nagar,"House 43, Sudama Nagar Area, Sudama Nagar, Indore",22.711906001828197,75.86181272104423,completed
ORD002536,Indore,Annapurna,"52/16, Green Society, behind hospital, Annapurna, Indore",22.729338027471215,75.86923904496136,delivered
ORD002537,Indore,Chhatripura,"House 31, Chhatripura Area, behind dukaan, Chhatripura, Indore",22.71239978387265,75.87219931562936,completed
ORD002538,Indore,Chhatripura,"Shop 39, New Market, Chhatripura, Indore",22.70890150860401,75.87082919899545,successful
ORD002539,Indore,Sudama Nagar,"Room 99, Sunshine Complex, near bus stop, Sudama Nagar, Indore",22.71272294392956,75.86153659843599,completed
ORD002540,Indore,Annapurna,"171 Fourth Road, Annapurna, Indore",22.727955771736763,75.86900744781065,completed
ORD002541,Indore,New Palasia,"House 106, New Palasia Area, New Palasia, Indore",22.726793648238885,75.87038103945206,completed
ORD002542,Indore,New Palasia,"Flat 186, Park Apartments, near bus stop, New Palasia, Indore",22.727473520210527,75.867499340492,delivered
ORD002543,Indore,AB Road,"Room 130, Mountain Complex, ke peeche bada ped, AB Road, Indore",22.72243397883015,75.87067786463135,delivered
ORD002544,Indore,New Palasia,"16/1, Blue Society, behind hospital, New Palasia, Indore",22.720806675827117,75.87354033299978,successful
ORD002545,Indore,Sudama Nagar,"Room 119, Mountain Complex, Sudama Nagar, Indore",22.71859787443771,75.85966840740925,delivered
ORD002546,Indore,Vijay Nagar,"Shop 134, Main Market, peeche dukaan, Vijay Nagar, Indore",22.723514830322355,75.87895793057999,delivered
ORD002547,Indore,Vijay Nagar,"25/11, Blue Society, near bus stop, Vijay Nagar, Indore",22.718181425032714,75.88006453049293,delivered
ORD002548,Indore,Vijay Nagar,"Flat 10, River Apartments, ke paas chai tapri, Vijay Nagar, Indore",22.724115333312394,75.88041266922197,completed
ORD002549,Indore,Vijay Nagar,"138/1, Silver Society, behind big tree, Vijay Nagar, Indore",22.721996693759706,75.88183722743842,completed
ORD002550,Indore,Bengali Square,"House 166, Bengali Square Area, opposite school, Bengali Square, Indore",22.728501959587756,75.87472106061288,completed
ORD002551,Indore,Palasia,"Room 159, Mountain Complex, behind hospital, Palasia, Indore",22.7295365749528,75.87745198770429,completed
ORD002552,Indore,Sudama Nagar,"90/6, Green Society, near bus stop, Sudama Nagar, Indore",22.718910872130923,75.86456266457468,completed
ORD002553,Indore,Bengali Square,"104 Fifth Road, ke peeche bada ped, Bengali Square, Indore",22.728186779558193,75.8745105969513,completed
ORD002554,Indore,Vijay Nagar,"186 First Road, opposite bank, Vijay Nagar, Indore",22.723435982418575,75.8810147430096,successful
ORD002555,Indore,Palasia,"26/3, Blue Society, Palasia, Indore",22.722379403976916,75.8703813398384,delivered
ORD002556,Indore,New Palasia,"House 146, New Palasia Area, behind hospital, New Palasia, Indore",22.719413280694006,75.87051941273333,successful
ORD002557,Indore,MG Road,"Room 200, River Complex, tapri ke paas, MG Road, Indore",22.723666339885803,75.8721841602794,completed
ORD002558,Indore,Sudama Nagar,"Flat 120, Garden Apartments, behind dukaan, Sudama Nagar, Indore",22.71056738346186,75.86354387075951,successful
ORD002559,Indore,Chhatripura,"Flat 99, Mountain Apartments, ke peeche bada ped, Chhatripura, Indore",22.711626547392488,75.8733390680604,completed
ORD002560,Indore,MG Road,"Flat 56, Park Apartments, MG Road, Indore",22.721922515253084,75.86725757876034,successful
ORD002561,Indore,Bengali Square,"House 71, Bengali Square Area, ke peeche bada ped, Bengali Square, Indore",22.730393261261312,75.87545547710728,delivered
ORD002562,Indore,Sudama Nagar,"Shop 3, Central Market, ke peeche bada ped, Sudama Nagar, Indore",22.715539950310376,75.86569932076195,delivered
ORD002563,Indore,New Palasia,"Building 135, New Palasia, behind petrol pump, New Palasia, Indore",22.725498968663548,75.86876280793248,delivered
ORD002564,Indore,Vijay Nagar,"115 Main Road, tapri ke paas, Vijay Nagar, Indore",22.72219090459974,75.87853259406303,successful
ORD002565,Indore,New Palasia,"36/20, White Society, dukaan ke piche, New Palasia, Indore",22.72240144303656,75.87123314050932,successful
ORD002566,Indore,Palasia,"Room 195, Star Complex, Palasia, Indore",22.722391215367345,75.8720176841959,successful
ORD002567,Indore,Vijay Nagar,"Shop 195, New Market, Vijay Nagar, Indore",22.72132684126625,75.88008958735729,delivered
ORD002568,Indore,Sudama Nagar,"174/12, Green Society, Sudama Nagar, Indore",22.718520045014177,75.85871732409954,delivered
ORD002569,Indore,AB Road,"Shop 173, Big Market, tapri ke paas, AB Road, Indore",22.72250981697322,75.87864496429688,completed
ORD002570,Indore,Vijay Nagar,"Building 156, Vijay Nagar, tapri ke paas, Vijay Nagar, Indore",22.71859143597029,75.88103909300611,completed
ORD002571,Indore,Vijay Nagar,"16 Third Road, near market, Vijay Nagar, Indore",22.720446116619982,75.88337204919058,delivered
ORD002572,Indore,Palasia,"Flat 37, Sunshine Apartments, peeche dukaan, Palasia, Indore",22.72890205571017,75.87404123913655,successful
ORD002573,Indore,AB Road,"Building 97, AB Road, AB Road, Indore",22.716005418662974,75.87800284863192,completed
ORD002574,Indore,MG Road,"House 114, MG Road Area, behind big tree, MG Road, Indore",22.72759228693535,75.87230564524836,successful
ORD002575,Indore,Rajendra Nagar,"Shop 183, New Market, Rajendra Nagar, Indore",22.729827890019283,75.88684712323891,completed
ORD002576,Indore,Vijay Nagar,"Building 45, Vijay Nagar, opposite police station, Vijay Nagar, Indore",22.719133956400768,75.87955157731383,successful
ORD002577,Indore,Bengali Square,"Flat 159, Sunshine Apartments, tapri ke paas, Bengali Square, Indore",22.727689425368816,75.87190072241908,delivered
ORD002578,Indore,AB Road,"Flat 74, Moonlight Apartments, behind petrol pump, AB Road, Indore",22.71793472276862,75.87282089415417,successful
ORD002579,Indore,Vijay Nagar,"House 181, Vijay Nagar Area, gali mein, Vijay Nagar, Indore",22.721329094182956,75.88209725974224,completed
ORD002580,Indore,Palasia,"12 Third Road, gali mein, Palasia, Indore",22.725903826060676,75.87771615876744,completed
ORD002581,Indore,AB Road,"House 129, AB Road Area, AB Road, Indore",22.722302819260484,75.87357754920404,delivered
ORD002582,Indore,MG Road,"House 69, MG Road Area, MG Road, Indore",22.72494441809201,75.87130048588301,delivered
ORD002583,Indore,Annapurna,"Shop 187, New Market, opposite police station, Annapurna, Indore",22.72715289767832,75.86599837945387,successful
ORD002584,Indore,New Palasia,"39 Third Road, dukaan ke piche, New Palasia, Indore",22.7178243576009,75.86752536095223,delivered
ORD002585,Indore,Bengali Square,"House 167, Bengali Square Area, Bengali Square, Indore",22.726456344877114,75.87824952782536,delivered
ORD002586,Indore,Palasia,"House 122, Palasia Area, opposite bank, Palasia, Indore",22.72481243866847,75.86855000537537,completed
ORD002587,Indore,New Palasia,"Flat 183, Star Apartments, behind hospital, New Palasia, Indore",22.717739959871263,75.87293981850618,completed
ORD002588,Indore,Chhatripura,"47 Main Road, peeche dukaan, Chhatripura, Indore",22.715564295388955,75.87115353610109,successful
ORD002589,Indore,New Palasia,"Flat 176, Ocean Apartments, New Palasia, Indore",22.72359694340792,75.87352478629097,delivered
ORD002590,Indore,Rajendra Nagar,"4 Fifth Road, Rajendra Nagar, Indore",22.73020129870759,75.87914592781507,successful
ORD002591,Indore,Rajendra Nagar,"Flat 173, Garden Apartments, Rajendra Nagar, Indore",22.73546084547629,75.88333729967756,successful
ORD002592,Indore,Annapurna,"Shop 5, Central Market, gali mein, Annapurna, Indore",22.72493476777668,75.86204338547873,completed
ORD002593,Indore,MG Road,"130/11, Blue Society, peeche dukaan, MG Road, Indore",22.73098486491913,75.86779077661895,successful
ORD002594,Indore,Annapurna,"108 First Road, Annapurna, Indore",22.732475669492196,75.86265679529563,successful
ORD002595,Indore,Vijay Nagar,"Shop 1, Old Market, peeche dukaan, Vijay Nagar, Indore",22.72144907638722,75.87410831264579,delivered
ORD002596,Indore,Annapurna,"Flat 168, Star Apartments, paas mandir, Annapurna, Indore",22.72539704332125,75.8659361179771,delivered
ORD002597,Indore,Sudama Nagar,"Building 123, Sudama Nagar, behind petrol pump, Sudama Nagar, Indore",22.713561116082786,75.86407798561189,completed
ORD002598,Indore,Rajendra Nagar,"House 174, Rajendra Nagar Area, ke paas chai tapri, Rajendra Nagar, Indore",22.739373889544638,75.87894045801282,successful
ORD002599,Indore,Bengali Square,"55 Second Road, Bengali Square, Indore",22.72630941838697,75.87223167616094,completed
ORD002600,Indore,Chhatripura,"Flat 163, Moonlight Apartments, behind big tree, Chhatripura, Indore",22.71687677602774,75.87050061855433,completed
ORD002601,Indore,Palasia,"Room 168, Mountain Complex, Palasia, Indore",22.726446802045146,75.86854146237397,completed
ORD002602,Indore,Sudama Nagar,"126 Fifth Road, behind dukaan, Sudama Nagar, Indore",22.71927345213415,75.86538998695742,successful
ORD002603,Indore,Rajendra Nagar,"Building 109, Rajendra Nagar, behind hospital, Rajendra Nagar, Indore",22.736777214446036,75.88316204873158,completed
ORD002604,Indore,MG Road,"42/9, Silver Society, dukaan ke piche, MG Road, Indore",22.724827460819526,75.87266369035146,completed
ORD002605,Indore,Bengali Square,"9/15, Green Society, opposite school, Bengali Square, Indore",22.727367373228027,75.87274404572906,successful
ORD002606,Indore,Sudama Nagar,"Flat 99, Moonlight Apartments, dukaan ke piche, Sudama Nagar, Indore",22.71340134419347,75.85905822846972,successful
ORD002607,Indore,Bengali Square,"52/1, Red Society, opposite mall, Bengali Square, Indore",22.72900463734342,75.88061214427708,delivered
ORD002608,Indore,Chhatripura,"32/11, Golden Society, opposite school, Chhatripura, Indore",22.707902290290587,75.86921180801662,completed
ORD002609,Indore,Palasia,"Flat 86, Park Apartments, samne school, Palasia, Indore",22.723609019173352,75.87507036561304,delivered
ORD002610,Indore,Rajendra Nagar,"196 Third Road, tapri ke paas, Rajendra Nagar, Indore",22.734836279456694,75.88219018314295,delivered
ORD002611,Indore,Vijay Nagar,"27 Fifth Road, samne school, Vijay Nagar, Indore",22.721069173810267,75.8793830386162,completed
ORD002612,Indore,AB Road,"Flat 152, Ocean Apartments, opposite police station, AB Road, Indore",22.721912874975192,75.87643618597801,successful
ORD002613,Indore,Chhatripura,"78 Main Road, peeche dukaan, Chhatripura, Indore",22.712552651018452,75.87017234185049,successful
ORD002614,Indore,Palasia,"House 85, Palasia Area, behind dukaan, Palasia, Indore",22.72686251453238,75.87512253659123,completed
ORD002615,Indore,Bengali Square,"Shop 155, Main Market, ke paas chai tapri, Bengali Square, Indore",22.734633694885936,75.87558776191435,delivered
ORD002616,Indore,Rajendra Nagar,"195/12, Silver Society, Rajendra Nagar, Indore",22.736635944327997,75.87830966746151,delivered
ORD002617,Indore,Sudama Nagar,"Flat 121, Mountain Apartments, Sudama Nagar, Indore",22.711715084562286,75.86118730656726,delivered
ORD002618,Indore,New Palasia,"Room 166, River Complex, opposite mall, New Palasia, Indore",22.727439165925183,75.86880692488879,completed
ORD002619,Indore,Annapurna,"Building 184, Annapurna, samne school, Annapurna, Indore",22.728637285302714,75.86788653689358,successful
ORD002620,Indore,Rajendra Nagar,"House 47, Rajendra Nagar Area, opposite police station, Rajendra Nagar, Indore",22.731552302838985,75.87960825158486,delivered
ORD002621,Indore,Vijay Nagar,"House 130, Vijay Nagar Area, near market, Vijay Nagar, Indore",22.72211338149681,75.87810413373906,delivered
ORD002622,Indore,Sudama Nagar,"Flat 34, Park Apartments, near market, Sudama Nagar, Indore",22.71664346198878,75.86232100189534,successful
ORD002623,Indore,Rajendra Nagar,"115/9, White Society, Rajendra Nagar, Indore",22.73023935139492,75.87963264555836,delivered
ORD002624,Indore,Chhatripura,"175 First Road, Chhatripura, Indore",22.713817802267837,75.87358977449146,completed
ORD002625,Indore,MG Road,"House 80, MG Road Area, MG Road, Indore",22.72866721449115,75.87423930972236,completed
ORD002626,Indore,Annapurna,"Room 115, Moonlight Complex, dukaan ke piche, Annapurna, Indore",22.726060971953995,75.86616667830329,delivered
ORD002627,Indore,AB Road,"Flat 41, Garden Apartments, samne school, AB Road, Indore",22.717368416570764,75.8741228285913,delivered
ORD002628,Indore,Sudama Nagar,"73/3, Silver Society, ke peeche bada ped, Sudama Nagar, Indore",22.71034093957293,75.86714146294979,completed
ORD002629,Indore,Vijay Nagar,"Shop 55, New Market, dukaan ke piche, Vijay Nagar, Indore",22.718913271336337,75.88028940725934,completed
ORD002630,Indore,Sudama Nagar,"Flat 65, Ocean Apartments, samne school, Sudama Nagar, Indore",22.709750700649156,75.86183864212144,completed
ORD002631,Indore,AB Road,"Building 97, AB Road, behind petrol pump, AB Road, Indore",22.718215905477162,75.87733903445938,delivered
ORD002632,Indore,Chhatripura,"Shop 134, New Market, opposite mall, Chhatripura, Indore",22.71467763618907,75.87243140235198,delivered
ORD002633,Indore,MG Road,"85/11, Blue Society, paas mandir, MG Road, Indore",22.72319016639358,75.87230194094383,successful
ORD002634,Indore,Annapurna,"Room 18, Mountain Complex, opposite school, Annapurna, Indore",22.727834648282574,75.86755895024231,delivered
ORD002635,Indore,Rajendra Nagar,"190 Fourth Road, Rajendra Nagar, Indore",22.733776620630145,75.88191573097093,completed
ORD002636,Indore,MG Road,"Room 68, Star Complex, opposite mall, MG Road, Indore",22.72256684293482,75.87169838264172,delivered
ORD002637,Indore,Sudama Nagar,"House 177, Sudama Nagar Area, near chai tapri, Sudama Nagar, Indore",22.713749453163743,75.85832188243344,delivered
ORD002638,Indore,Rajendra Nagar,"House 37, Rajendra Nagar Area, Rajendra Nagar, Indore",22.736145375346393,75.88342241594273,completed
ORD002639,Indore,Rajendra Nagar,"Building 37, Rajendra Nagar, behind big tree, Rajendra Nagar, Indore",22.73727782200659,75.8795974970484,successful
ORD002640,Indore,Palasia,"23 Third Road, behind petrol pump, Palasia, Indore",22.72938717884976,75.87080744814848,successful
ORD002641,Indore,AB Road,"Flat 121, Ocean Apartments, paas mandir, AB Road, Indore",22.721169750053228,75.87823903656614,successful
ORD002642,Indore,AB Road,"House 53, AB Road Area, AB Road, Indore",22.716905833277576,75.87023696202704,successful
ORD002643,Indore,Rajendra Nagar,"55/9, Silver Society, near market, Rajendra Nagar, Indore",22.734118129408778,75.87934397555968,delivered
ORD002644,Indore,Sudama Nagar,"Shop 17, Big Market, near market, Sudama Nagar, Indore",22.712353224293846,75.86686114950182,delivered
ORD002645,Indore,Rajendra Nagar,"Shop 114, Local Market, ke peeche bada ped, Rajendra Nagar, Indore",22.732843914579785,75.88734839390007,completed
ORD002646,Indore,Rajendra Nagar,"Flat 129, Ocean Apartments, Rajendra Nagar, Indore",22.73237186834733,75.8783523209562,delivered
ORD002647,Indore,Chhatripura,"10 First Road, dukaan ke piche, Chhatripura, Indore",22.71498696764943,75.86638779207979,delivered
ORD002648,Indore,AB Road,"Room 200, Star Complex, AB Road, Indore",22.718724337374336,75.87453895152105,completed
ORD002649,Indore,New Palasia,"Building 131, New Palasia, behind hospital, New Palasia, Indore",22.722722365810963,75.87095543982353,completed
ORD002650,Indore,Vijay Nagar,"107 Third Road, near bus stop, Vijay Nagar, Indore",22.72026100751731,75.87846848612247,successful
ORD002651,Indore,AB Road,"Shop 179, New Market, opposite bank, AB Road, Indore",22.723466122155113,75.87973915858721,successful
ORD002652,Indore,New Palasia,"Building 69, New Palasia, New Palasia, Indore",22.72254673763536,75.86811405060152,successful
ORD002653,Indore,Chhatripura,"Flat 166, River Apartments, opposite police station, Chhatripura, Indore",22.715790670882747,75.86815054334491,successful
ORD002654,Indore,AB Road,"35/7, Blue Society, behind dukaan, AB Road, Indore",22.716660049788732,75.87696839159572,delivered
ORD002655,Indore,Palasia,"Room 101, Star Complex, Palasia, Indore",22.72183614624446,75.8745173862342,completed
ORD002656,Indore,New Palasia,"Shop 154, Big Market, New Palasia, Indore",22.720579656042055,75.87200829814115,successful
ORD002657,Indore,Bengali Square,"Flat 86, Park Apartments, ke paas chai tapri, Bengali Square, Indore",22.734166196770783,75.87218741325813,delivered
ORD002658,Indore,Chhatripura,"14/13, Green Society, behind big tree, Chhatripura, Indore",22.716795854158587,75.86917736681711,successful
ORD002659,Indore,MG Road,"Building 50, MG Road, near bus stop, MG Road, Indore",22.729836777029625,75.87407293343814,successful
ORD002660,Indore,AB Road,"Shop 153, Old Market, AB Road, Indore",22.718675413298303,75.87453678474246,completed
ORD002661,Indore,Chhatripura,"Shop 91, Central Market, Chhatripura, Indore",22.70950088803813,75.87340006051174,completed
ORD002662,Indore,AB Road,"House 146, AB Road Area, samne school, AB Road, Indore",22.722290514227236,75.87751672656685,delivered
ORD002663,Indore,MG Road,"Room 185, Ocean Complex, behind big tree, MG Road, Indore",22.731583131242882,75.87558253113829,delivered
ORD002664,Indore,Rajendra Nagar,"109 Main Road, Rajendra Nagar, Indore",22.732137021206785,75.88084345837078,completed
ORD002665,Indore,New Palasia,"Shop 49, Central Market, ke paas chai tapri, New Palasia, Indore",22.719407640185413,75.86897089257704,delivered
ORD002666,Indore,Palasia,"Flat 106, Park Apartments, ke samne police station, Palasia, Indore",22.727008382256532,75.87782514638015,delivered
ORD002667,Indore,Bengali Square,"132 First Road, behind petrol pump, Bengali Square, Indore",22.726898278017508,75.88018997221234,successful
ORD002668,Indore,Annapurna,"Room 49, River Complex, Annapurna, Indore",22.728442789021223,75.86988864359004,completed
ORD002669,Indore,MG Road,"74 First Road, gali mein, MG Road, Indore",22.72734377149896,75.87236704226642,delivered
ORD002670,Indore,Palasia,"8 Main Road, Palasia, Indore",22.722396590362465,75.87633505300143,delivered
ORD002671,Indore,Bengali Square,"Flat 44, Moonlight Apartments, behind big tree, Bengali Square, Indore",22.72894576577281,75.8816955932137,successful
ORD002672,Indore,Rajendra Nagar,"70 Fourth Road, opposite police station, Rajendra Nagar, Indore",22.73018355519459,75.88031225629048,successful
ORD002673,Indore,AB Road,"134/5, White Society, ke paas chai tapri, AB Road, Indore",22.721274365687073,75.87802654271346,completed
ORD002674,Indore,Palasia,"Building 155, Palasia, Palasia, Indore",22.72793482463014,75.86809252358552,completed
ORD002675,Indore,Sudama Nagar,"Flat 83, Star Apartments, near chai tapri, Sudama Nagar, Indore",22.71512240030806,75.86334245251946,delivered
ORD002676,Indore,New Palasia,"Shop 112, New Market, behind big tree, New Palasia, Indore",22.72547868993847,75.8692712306234,completed
ORD002677,Indore,Sudama Nagar,"Building 127, Sudama Nagar, ke samne police station, Sudama Nagar, Indore",22.710403963901815,75.86102580667679,successful
ORD002678,Indore,Annapurna,"Flat 21, Ocean Apartments, dukaan ke piche, Annapurna, Indore",22.73226781770788,75.86959655030086,successful
ORD002679,Indore,Vijay Nagar,"Room 113, Star Complex, Vijay Nagar, Indore",22.723572797448124,75.88243096537465,successful
ORD002680,Indore,MG Road,"Room 127, Moonlight Complex, opposite school, MG Road, Indore",22.728991190578878,75.86786651209599,successful
ORD002681,Indore,Annapurna,"House 169, Annapurna Area, dukaan ke piche, Annapurna, Indore",22.729442601689186,75.86971121774224,successful
ORD002682,Indore,MG Road,"House 75, MG Road Area, MG Road, Indore",22.725283460048587,75.87037451789986,completed
ORD002683,Indore,Rajendra Nagar,"154/9, Blue Society, Rajendra Nagar, Indore",22.739564629569326,75.8839921443566,delivered
ORD002684,Indore,Annapurna,"171/6, Green Society, Annapurna, Indore",22.72566026391302,75.8670513919216,successful
ORD002685,Indore,Annapurna,"Room 149, Park Complex, opposite police station, Annapurna, Indore",22.731398997265686,75.86535774832006,completed
ORD002686,Indore,Bengali Square,"House 7, Bengali Square Area, Bengali Square, Indore",22.7334310223587,75.88047327924502,delivered
ORD002687,Indore,MG Road,"Shop 82, Big Market, behind big tree, MG Road, Indore",22.729285111727712,75.86877912630618,successful
ORD002688,Indore,Vijay Nagar,"Building 136, Vijay Nagar, near bus stop, Vijay Nagar, Indore",22.725234357299737,75.87711170501431,delivered
ORD002689,Indore,Vijay Nagar,"Building 97, Vijay Nagar, behind dukaan, Vijay Nagar, Indore",22.719589092125332,75.88257837912253,completed
ORD002690,Indore,MG Road,"123/7, Blue Society, MG Road, Indore",22.727303179050185,75.8698948620554,delivered
ORD002691,Indore,Palasia,"Flat 127, Garden Apartments, gali mein, Palasia, Indore",22.71988080305419,75.87631422162855,successful
ORD002692,Indore,MG Road,"Room 86, River Complex, MG Road, Indore",22.724867855831985,75.86969992315541,delivered
ORD002693,Indore,Bengali Square,"Shop 145, Local Market, Bengali Square, Indore",22.735318600378584,75.8760926769788,successful
ORD002694,Indore,Sudama Nagar,"House 126, Sudama Nagar Area, Sudama Nagar, Indore",22.709873169765686,75.86344075756315,successful
ORD002695,Indore,Palasia,"Shop 106, Old Market, Palasia, Indore",22.720089299795543,75.87025092001923,delivered
ORD002696,Indore,AB Road,"135 First Road, AB Road, Indore",22.720558668834204,75.87865025556275,completed
ORD002697,Indore,Sudama Nagar,"Building 139, Sudama Nagar, Sudama Nagar, Indore",22.71570818281555,75.86687314366239,completed
ORD002698,Indore,Vijay Nagar,"Flat 6, Mountain Apartments, dukaan ke piche, Vijay Nagar, Indore",22.71575505471358,75.88134945581331,completed
ORD002699,Indore,Bengali Square,"Shop 133, Old Market, ke samne police station, Bengali Square, Indore",22.734830736637363,75.88053361309463,successful
ORD002700,Indore,Vijay Nagar,"Building 154, Vijay Nagar, opposite bank, Vijay Nagar, Indore",22.719181275099775,75.88076939865124,completed
ORD002701,Indore,Sudama Nagar,"Shop 175, New Market, opposite school, Sudama Nagar, Indore",22.713062876643054,75.8649926394715,delivered
ORD002702,Indore,MG Road,"Flat 136, Ocean Apartments, samne school, MG Road, Indore",22.729561074379838,75.87452839646069,successful
ORD002703,Indore,AB Road,"Room 112, Mountain Complex, AB Road, Indore",22.71504919787877,75.87958634878554,completed
ORD002704,Indore,Rajendra Nagar,"Building 120, Rajendra Nagar, behind hospital, Rajendra Nagar, Indore",22.734276085027922,75.8865061756346,delivered
ORD002705,Indore,Vijay Nagar,"187/5, White Society, near chai tapri, Vijay Nagar, Indore",22.722472024759476,75.87880794327732,successful
ORD002706,Indore,New Palasia,"158 Third Road, near temple, New Palasia, Indore",22.719186204883403,75.86782621699193,successful
ORD002707,Indore,Chhatripura,"House 98, Chhatripura Area, near market, Chhatripura, Indore",22.71016997218449,75.8725251197054,completed
ORD002708,Indore,Bengali Square,"186 Second Road, paas mandir, Bengali Square, Indore",22.729621453309196,75.87710921760291,successful
ORD002709,Indore,Vijay Nagar,"Room 83, Park Complex, samne school, Vijay Nagar, Indore",22.7186227604299,75.88026953024648,completed
ORD002710,Indore,Annapurna,"House 111, Annapurna Area, near bus stop, Annapurna, Indore",22.725770713944314,75.8665936207238,successful
ORD002711,Indore,Rajendra Nagar,"Flat 3, Park Apartments, Rajendra Nagar, Indore",22.734233560219167,75.88266612559255,successful
ORD002712,Indore,MG Road,"Flat 29, Ocean Apartments, tapri ke paas, MG Road, Indore",22.730999612620813,75.86706237440643,completed
ORD002713,Indore,MG Road,"Room 176, Star Complex, behind hospital, MG Road, Indore",22.723878422161143,75.87167171587312,successful
ORD002714,Indore,Chhatripura,"Building 38, Chhatripura, samne school, Chhatripura, Indore",22.71748328942984,75.87311240542675,completed
ORD002715,Indore,Rajendra Nagar,"Building 97, Rajendra Nagar, ke peeche bada ped, Rajendra Nagar, Indore",22.735472583798998,75.88229341151079,completed
ORD002716,Indore,New Palasia,"Building 14, New Palasia, peeche dukaan, New Palasia, Indore",22.727382034592704,75.86802003513286,successful
ORD002717,Indore,Chhatripura,"Room 69, Mountain Complex, ke peeche bada ped, Chhatripura, Indore",22.709812687480934,75.8657730294971,completed
ORD002718,Indore,Rajendra Nagar,"Flat 117, Moonlight Apartments, gali mein, Rajendra Nagar, Indore",22.739222111744287,75.88113780575397,successful
ORD002719,Indore,Bengali Square,"Flat 192, Mountain Apartments, opposite school, Bengali Square, Indore",22.73260036708418,75.88053452845745,successful
ORD002720,Indore,Chhatripura,"Shop 200, New Market, Chhatripura, Indore",22.713404875616014,75.86685535285133,completed
ORD002721,Indore,New Palasia,"Building 27, New Palasia, New Palasia, Indore",22.721735941225674,75.87003630837619,completed
ORD002722,Indore,AB Road,"82/18, Green Society, ke samne police station, AB Road, Indore",22.721628908444806,75.87048123717874,successful
ORD002723,Indore,Rajendra Nagar,"192/7, Green Society, ke paas chai tapri, Rajendra Nagar, Indore",22.735174866287654,75.88221169885985,delivered
ORD002724,Indore,Sudama Nagar,"Shop 112, Central Market, paas mandir, Sudama Nagar, Indore",22.714173352112937,75.86294566983482,completed
ORD002725,Indore,Vijay Nagar,"Room 123, Garden Complex, Vijay Nagar, Indore",22.717152063234273,75.8773856775587,delivered
ORD002726,Indore,Chhatripura,"18 Fifth Road, Chhatripura, Indore",22.71152406746936,75.86708034124678,completed
ORD002727,Indore,Palasia,"Shop 36, Old Market, gali mein, Palasia, Indore",22.72001919615107,75.87425085236531,successful
ORD002728,Indore,Vijay Nagar,"House 136, Vijay Nagar Area, behind big tree, Vijay Nagar, Indore",22.71821563603928,75.87435836305433,successful
ORD002729,Indore,Bengali Square,"84/11, Blue Society, Bengali Square, Indore",22.73215178519266,75.87729316328596,delivered
ORD002730,Indore,Palasia,"Shop 28, Local Market, gali mein, Palasia, Indore",22.729576879285446,75.87696382028271,delivered
ORD002731,Indore,MG Road,"House 105, MG Road Area, gali mein, MG Road, Indore",22.73073020355802,75.86708641704561,delivered
ORD002732,Indore,Annapurna,"House 20, Annapurna Area, near bus stop, Annapurna, Indore",22.726674778491393,75.86137077108546,completed
ORD002733,Indore,Palasia,"176 Second Road, paas mandir, Palasia, Indore",22.719714906048974,75.87641737473864,completed
ORD002734,Indore,Bengali Square,"Building 34, Bengali Square, behind dukaan, Bengali Square, Indore",22.729445475556947,75.87265773190849,delivered
ORD002735,Indore,Palasia,"Flat 54, Moonlight Apartments, Palasia, Indore",22.727158053451205,75.87676872883301,delivered
ORD002736,Indore,Vijay Nagar,"59 Second Road, near chai tapri, Vijay Nagar, Indore",22.71689645007617,75.8786675822483,delivered
ORD002737,Indore,MG Road,"House 184, MG Road Area, near temple, MG Road, Indore",22.72473845795337,75.87044973183927,delivered
ORD002738,Indore,MG Road,"House 59, MG Road Area, opposite mall, MG Road, Indore",22.723577046074094,75.87585242512957,successful
ORD002739,Indore,Palasia,"House 154, Palasia Area, behind petrol pump, Palasia, Indore",22.721178460068025,75.87085057250513,delivered
ORD002740,Indore,New Palasia,"181/10, Green Society, peeche dukaan, New Palasia, Indore",22.720979441320146,75.86667388988863,successful
ORD002741,Indore,Sudama Nagar,"Building 24, Sudama Nagar, ke peeche bada ped, Sudama Nagar, Indore",22.715331865468908,75.86293998936104,delivered
ORD002742,Indore,Rajendra Nagar,"House 173, Rajendra Nagar Area, ke peeche bada ped, Rajendra Nagar, Indore",22.731265268111702,75.882495077887,completed
ORD002743,Indore,MG Road,"House 126, MG Road Area, peeche dukaan, MG Road, Indore",22.722518390588267,75.86876376555396,successful
ORD002744,Indore,Vijay Nagar,"Building 83, Vijay Nagar, opposite police station, Vijay Nagar, Indore",22.725339626822418,75.8750283816805,delivered
ORD002745,Indore,Annapurna,"Shop 75, New Market, ke samne police station, Annapurna, Indore",22.72999271192724,75.8661391865119,completed
ORD002746,Indore,Chhatripura,"Shop 175, Central Market, near market, Chhatripura, Indore",22.71284364223896,75.87118208419218,successful
ORD002747,Indore,AB Road,"Room 101, Star Complex, AB Road, Indore",22.715414944383696,75.87455199745973,delivered
ORD002748,Indore,Chhatripura,"Shop 112, Central Market, behind big tree, Chhatripura, Indore",22.710280202610356,75.87230324482283,completed
ORD002749,Indore,Bengali Square,"Flat 36, Sunshine Apartments, behind petrol pump, Bengali Square, Indore",22.731685798263108,75.87826771103823,delivered
ORD002750,Indore,Annapurna,"Shop 174, Central Market, near chai tapri, Annapurna, Indore",22.72405267519458,75.86184637254036,successful
ORD002751,Indore,Vijay Nagar,"House 50, Vijay Nagar Area, behind dukaan, Vijay Nagar, Indore",22.71984364634864,75.88378355144998,completed
ORD002752,Indore,Bengali Square,"Room 140, River Complex, Bengali Square, Indore",22.727397930812327,75.87998030883918,delivered
ORD002753,Indore,Sudama Nagar,"Flat 174, Park Apartments, ke peeche bada ped, Sudama Nagar, Indore",22.71893632362945,75.86185968942789,successful
ORD002754,Indore,AB Road,"Building 167, AB Road, near temple, AB Road, Indore",22.716220689109605,75.87802657308202,successful
ORD002755,Indore,Sudama Nagar,"8/14, White Society, peeche dukaan, Sudama Nagar, Indore",22.713564298227357,75.86712761776472,delivered
ORD002756,Indore,AB Road,"Flat 162, Star Apartments, AB Road, Indore",22.722495684755042,75.87972384931052,completed
ORD002757,Indore,AB Road,"Shop 24, Local Market, behind big tree, AB Road, Indore",22.72350187231572,75.87114252886322,successful
ORD002758,Indore,Chhatripura,"House 91, Chhatripura Area, gali mein, Chhatripura, Indore",22.709725701375756,75.8721718681004,successful
ORD002759,Indore,New Palasia,"Room 130, River Complex, opposite school, New Palasia, Indore",22.71788789766842,75.86531359161118,successful
ORD002760,Indore,New Palasia,"Shop 197, Central Market, gali mein, New Palasia, Indore",22.719639031637033,75.86455265338618,delivered
ORD002761,Indore,Annapurna,"House 167, Annapurna Area, Annapurna, Indore",22.727515294393783,75.86639686719163,successful
ORD002762,Indore,Annapurna,"Flat 191, Garden Apartments, opposite police station, Annapurna, Indore",22.730601254452953,75.86814784667797,delivered
ORD002763,Indore,Rajendra Nagar,"Shop 2, Big Market, peeche dukaan, Rajendra Nagar, Indore",22.732970600413562,75.88737087847227,delivered
ORD002764,Indore,MG Road,"Building 99, MG Road, MG Road, Indore",22.72517770929254,75.87424194502012,successful
ORD002765,Indore,Vijay Nagar,"58/18, Red Society, opposite school, Vijay Nagar, Indore",22.71614219854557,75.87829787438625,successful
ORD002766,Indore,AB Road,"Room 125, Star Complex, AB Road, Indore",22.71467308998452,75.8750922793666,delivered
ORD002767,Indore,Vijay Nagar,"Flat 184, Garden Apartments, ke peeche bada ped, Vijay Nagar, Indore",22.715628694894036,75.8797761485786,completed
ORD002768,Indore,Annapurna,"42 Third Road, Annapurna, Indore",22.731656507433698,75.86727715317195,delivered
ORD002769,Indore,Bengali Square,"37 Third Road, near market, Bengali Square, Indore",22.728212620131966,75.87308942838939,delivered
ORD002770,Indore,Annapurna,"House 96, Annapurna Area, Annapurna, Indore",22.72628535914124,75.86472843483644,delivered
ORD002771,Indore,Vijay Nagar,"187/2, White Society, ke paas chai tapri, Vijay Nagar, Indore",22.717282451747735,75.87627053544152,delivered
ORD002772,Indore,MG Road,"House 76, MG Road Area, ke peeche bada ped, MG Road, Indore",22.72466365459159,75.87479731936804,completed
ORD002773,Indore,Palasia,"Flat 165, Sunshine Apartments, ke samne police station, Palasia, Indore",22.724797399952863,75.8751760909891,successful
ORD002774,Indore,Vijay Nagar,"Flat 56, Moonlight Apartments, Vijay Nagar, Indore",22.7199999870736,75.87806611566657,delivered
ORD002775,Indore,MG Road,"Shop 117, Big Market, MG Road, Indore",22.729820691327557,75.86818461459431,completed
ORD002776,Indore,MG Road,"Flat 104, Garden Apartments, ke paas chai tapri, MG Road, Indore",22.724118239186183,75.86919321536212,delivered
ORD002777,Indore,Rajendra Nagar,"113/19, Blue Society, samne school, Rajendra Nagar, Indore",22.73901500467072,75.87847007309897,completed
ORD002778,Indore,Rajendra Nagar,"Flat 131, Ocean Apartments, dukaan ke piche, Rajendra Nagar, Indore",22.734985110871662,75.88431292087643,completed
ORD002779,Indore,Annapurna,"Shop 172, Old Market, samne school, Annapurna, Indore",22.72956334066607,75.86255190646695,delivered
ORD002780,Indore,Bengali Square,"63 Second Road, behind dukaan, Bengali Square, Indore",22.729681735872344,75.8735424032265,delivered
ORD002781,Indore,Annapurna,"171 Fourth Road, near bus stop, Annapurna, Indore",22.725070069958274,75.86614412496846,delivered
ORD002782,Indore,New Palasia,"Flat 72, Mountain Apartments, samne school, New Palasia, Indore",22.721436021942946,75.87064599381104,completed
ORD002783,Indore,Rajendra Nagar,"House 102, Rajendra Nagar Area, opposite mall, Rajendra Nagar, Indore",22.73407872652993,75.88636165089135,delivered
ORD002784,Indore,MG Road,"House 101, MG Road Area, MG Road, Indore",22.725985350307255,75.87147512885893,completed
ORD002785,Indore,Vijay Nagar,"17 Second Road, opposite police station, Vijay Nagar, Indore",22.722078389760426,75.88086756041046,delivered
ORD002786,Indore,Chhatripura,"Shop 102, Big Market, Chhatripura, Indore",22.713884140194544,75.86433119318379,completed
ORD002787,Indore,AB Road,"Room 154, Park Complex, opposite police station, AB Road, Indore",22.722245982685155,75.87651582644928,successful
ORD002788,Indore,Annapurna,"House 83, Annapurna Area, Annapurna, Indore",22.73125850940091,75.86592106479772,successful
ORD002789,Indore,Palasia,"77/4, Blue Society, paas mandir, Palasia, Indore",22.724403996253436,75.87250018736829,completed
ORD002790,Indore,Sudama Nagar,"Room 178, Mountain Complex, Sudama Nagar, Indore",22.71070004685345,75.8617032125471,completed
ORD002791,Indore,Annapurna,"Shop 25, Local Market, opposite police station, Annapurna, Indore",22.730692294197567,75.86799361283786,successful
ORD002792,Indore,MG Road,"Flat 108, Star Apartments, opposite mall, MG Road, Indore",22.72391264158218,75.86745306915212,completed
ORD002793,Indore,Sudama Nagar,"18/12, Red Society, near chai tapri, Sudama Nagar, Indore",22.71161039097438,75.86409369753933,successful
ORD002794,Indore,Sudama Nagar,"176/4, Silver Society, near bus stop, Sudama Nagar, Indore",22.716116179363674,75.86679337117913,completed
ORD002795,Indore,Chhatripura,"Shop 55, New Market, opposite mall, Chhatripura, Indore",22.716340604690778,75.86951941366524,completed
ORD002796,Indore,Rajendra Nagar,"Shop 116, New Market, Rajendra Nagar, Indore",22.730468316063515,75.88239478002902,delivered
ORD002797,Indore,Chhatripura,"46/10, Red Society, Chhatripura, Indore",22.708346823272123,75.87200789989869,delivered
ORD002798,Indore,AB Road,"32 Fifth Road, AB Road, Indore",22.718694430301614,75.87818159366243,completed
ORD002799,Indore,AB Road,"Flat 123, Sunshine Apartments, ke peeche bada ped, AB Road, Indore",22.720949461931774,75.87438370096874,completed
ORD002800,Indore,Sudama Nagar,"House 164, Sudama Nagar Area, Sudama Nagar, Indore",22.71423638800732,75.86154287496929,successful
ORD002801,Indore,Chhatripura,"Shop 72, Big Market, Chhatripura, Indore",22.71722092842619,75.87270617870156,successful
ORD002802,Indore,Rajendra Nagar,"159/12, Silver Society, behind dukaan, Rajendra Nagar, Indore",22.73357134294323,75.88499825144308,delivered
ORD002803,Indore,Vijay Nagar,"127 First Road, opposite mall, Vijay Nagar, Indore",22.722128980469073,75.87515111170791,successful
ORD002804,Indore,New Palasia,"143/4, Red Society, dukaan ke piche, New Palasia, Indore",22.725206830679195,75.86474453283778,completed
ORD002805,Indore,Annapurna,"Building 101, Annapurna, samne school, Annapurna, Indore",22.72686864687785,75.86486939511326,completed
ORD002806,Indore,Annapurna,"Flat 117, Moonlight Apartments, tapri ke paas, Annapurna, Indore",22.72743332081724,75.86503292048003,completed
ORD002807,Indore,Vijay Nagar,"88 Second Road, gali mein, Vijay Nagar, Indore",22.720614618181585,75.87793510862637,delivered
ORD002808,Indore,Annapurna,"House 82, Annapurna Area, Annapurna, Indore",22.73156961848059,75.86115921074092,completed
ORD002809,Indore,Sudama Nagar,"Building 100, Sudama Nagar, Sudama Nagar, Indore",22.711190401829615,75.86091408439374,successful
ORD002810,Indore,Vijay Nagar,"House 78, Vijay Nagar Area, Vijay Nagar, Indore",22.72254001729949,75.88127362662406,delivered
ORD002811,Indore,Rajendra Nagar,"Room 23, Mountain Complex, ke peeche bada ped, Rajendra Nagar, Indore",22.739368252313994,75.88218059071124,successful
ORD002812,Indore,Vijay Nagar,"166 Main Road, opposite police station, Vijay Nagar, Indore",22.724485393392367,75.88019186217049,completed
ORD002813,Indore,Bengali Square,"109/20, Silver Society, Bengali Square, Indore",22.735393142405496,75.87831147947016,completed
ORD002814,Indore,Bengali Square,"Room 60, River Complex, tapri ke paas, Bengali Square, Indore",22.727384991564104,75.87204576828867,delivered
ORD002815,Indore,Sudama Nagar,"House 47, Sudama Nagar Area, Sudama Nagar, Indore",22.71187799409381,75.8669318265585,delivered
ORD002816,Indore,Vijay Nagar,"Shop 28, Big Market, Vijay Nagar, Indore",22.71658293392792,75.87764649736943,successful
ORD002817,Indore,Annapurna,"Flat 30, Park Apartments, Annapurna, Indore",22.730501798648866,75.86100761789933,delivered
ORD002818,Indore,Vijay Nagar,"Building 144, Vijay Nagar, Vijay Nagar, Indore",22.725192634604785,75.8780297351899,delivered
ORD002819,Indore,MG Road,"Room 144, Moonlight Complex, MG Road, Indore",22.72434406261142,75.86980095856039,completed
ORD002820,Indore,AB Road,"Flat 82, River Apartments, AB Road, Indore",22.716881105924777,75.87630890680161,completed
ORD002821,Indore,New Palasia,"161/17, Red Society, ke peeche bada ped, New Palasia, Indore",22.72452972999406,75.86983958339127,successful
ORD002822,Indore,Rajendra Nagar,"160/2, Golden Society, behind hospital, Rajendra Nagar, Indore",22.73959723396164,75.88755758652536,delivered
ORD002823,Indore,Rajendra Nagar,"93/12, White Society, behind dukaan, Rajendra Nagar, Indore",22.730481814381537,75.8818740893487,delivered
ORD002824,Indore,Sudama Nagar,"130 Fourth Road, Sudama Nagar, Indore",22.713983759383893,75.86591184971734,delivered
ORD002825,Indore,Vijay Nagar,"House 122, Vijay Nagar Area, paas mandir, Vijay Nagar, Indore",22.723041173832286,75.88182824976573,successful
ORD002826,Indore,Sudama Nagar,"Room 92, Park Complex, Sudama Nagar, Indore",22.71441326784143,75.86251832355919,completed
ORD002827,Indore,Annapurna,"80/16, Golden Society, Annapurna, Indore",22.723808212472154,75.86689070702288,delivered
ORD002828,Indore,New Palasia,"Building 12, New Palasia, ke paas chai tapri, New Palasia, Indore",22.7202341187892,75.8646647035398,successful
ORD002829,Indore,Annapurna,"56 First Road, near chai tapri, Annapurna, Indore",22.723759162698162,75.86565349439562,successful
ORD002830,Indore,Chhatripura,"Building 103, Chhatripura, Chhatripura, Indore",22.716753079884104,75.87202937832633,successful
ORD002831,Indore,AB Road,"Building 191, AB Road, ke paas chai tapri, AB Road, Indore",22.720011617277606,75.87258027000988,completed
ORD002832,Indore,Bengali Square,"Flat 71, Moonlight Apartments, Bengali Square, Indore",22.72633776989346,75.87424985278739,delivered
ORD002833,Indore,New Palasia,"Shop 111, Local Market, near bus stop, New Palasia, Indore",22.72723899141932,75.87208559836026,completed
ORD002834,Indore,Palasia,"Room 58, Moonlight Complex, ke samne police station, Palasia, Indore",22.721575758846466,75.87290337082362,successful
ORD002835,Indore,New Palasia,"Building 106, New Palasia, tapri ke paas, New Palasia, Indore",22.724931510341175,75.87037004274892,delivered
ORD002836,Indore,AB Road,"Building 7, AB Road, tapri ke paas, AB Road, Indore",22.722220266432025,75.8766039839849,completed
ORD002837,Indore,Rajendra Nagar,"171/20, Silver Society, Rajendra Nagar, Indore",22.733257075911595,75.88640081762786,successful
ORD002838,Indore,Bengali Square,"Building 97, Bengali Square, near market, Bengali Square, Indore",22.729186965540922,75.87607934871141,completed
ORD002839,Indore,Palasia,"Building 8, Palasia, behind dukaan, Palasia, Indore",22.725353941888443,75.87759540609758,successful
ORD002840,Indore,Palasia,"143/15, Red Society, opposite school, Palasia, Indore",22.723172850786206,75.86959823371616,successful
ORD002841,Indore,Bengali Square,"150/14, Red Society, samne school, Bengali Square, Indore",22.732092412701558,75.87452675227762,completed
ORD002842,Indore,Rajendra Nagar,"Flat 105, Moonlight Apartments, Rajendra Nagar, Indore",22.730553378794955,75.88246706593529,successful
ORD002843,Indore,Palasia,"195 Fourth Road, opposite police station, Palasia, Indore",22.726141005601498,75.87431525391841,successful
ORD002844,Indore,Bengali Square,"Room 198, Mountain Complex, dukaan ke piche, Bengali Square, Indore",22.731453447900257,75.87287921190456,completed
ORD002845,Indore,Rajendra Nagar,"Flat 68, Garden Apartments, near chai tapri, Rajendra Nagar, Indore",22.73212292844325,75.87874647892589,delivered
ORD002846,Indore,Bengali Square,"Room 60, Mountain Complex, near chai tapri, Bengali Square, Indore",22.73382693606439,75.87487826007494,delivered
ORD002847,Indore,Rajendra Nagar,"House 179, Rajendra Nagar Area, behind petrol pump, Rajendra Nagar, Indore",22.73448613382212,75.88174097456462,successful
ORD002848,Indore,Sudama Nagar,"Room 36, Park Complex, Sudama Nagar, Indore",22.71072018251988,75.86488890025646,completed
ORD002849,Indore,New Palasia,"174/17, Red Society, opposite school, New Palasia, Indore",22.718690995962056,75.87105760977946,completed
ORD002850,Indore,Sudama Nagar,"187/19, Red Society, paas mandir, Sudama Nagar, Indore",22.71530118320646,75.85995652477042,completed
ORD002851,Indore,Vijay Nagar,"House 126, Vijay Nagar Area, Vijay Nagar, Indore",22.719320695360917,75.87585511832178,delivered
ORD002852,Indore,Annapurna,"134 First Road, gali mein, Annapurna, Indore",22.727980454953208,75.86588013354616,successful
ORD002853,Indore,New Palasia,"Shop 196, Local Market, near chai tapri, New Palasia, Indore",22.72219494658839,75.86689412926947,delivered
ORD002854,Indore,Palasia,"149/13, Golden Society, samne school, Palasia, Indore",22.724286341712425,75.86894406025996,completed
ORD002855,Indore,AB Road,"House 187, AB Road Area, AB Road, Indore",22.71407882459856,75.87957905368594,completed
ORD002856,Indore,Rajendra Nagar,"Room 200, Mountain Complex, near market, Rajendra Nagar, Indore",22.730602351351727,75.8784536126519,delivered
ORD002857,Indore,Palasia,"Building 130, Palasia, near temple, Palasia, Indore",22.72324147242944,75.87152492323374,delivered
ORD002858,Indore,Annapurna,"Room 123, Ocean Complex, paas mandir, Annapurna, Indore",22.729326852297074,75.86266554487615,completed
ORD002859,Indore,New Palasia,"166/19, Silver Society, ke peeche bada ped, New Palasia, Indore",22.71887573825774,75.86862566540283,delivered
ORD002860,Indore,Palasia,"Shop 163, Central Market, peeche dukaan, Palasia, Indore",22.726875966097033,75.86814111857117,successful
ORD002861,Indore,Vijay Nagar,"Building 119, Vijay Nagar, tapri ke paas, Vijay Nagar, Indore",22.71722187494195,75.87440723371482,successful
ORD002862,Indore,New Palasia,"Shop 123, Big Market, opposite school, New Palasia, Indore",22.72114820757074,75.87098376111204,delivered
ORD002863,Indore,Bengali Square,"House 81, Bengali Square Area, tapri ke paas, Bengali Square, Indore",22.73336327906125,75.87833758722206,delivered
ORD002864,Indore,Palasia,"Room 79, River Complex, Palasia, Indore",22.724396809869503,75.87185090046357,completed
ORD002865,Indore,Chhatripura,"8/15, White Society, Chhatripura, Indore",22.7152889928526,75.8651393441859,successful
ORD002866,Indore,Sudama Nagar,"Building 59, Sudama Nagar, opposite police station, Sudama Nagar, Indore",22.71629802703457,75.86023445182798,delivered
ORD002867,Indore,Annapurna,"Flat 126, Sunshine Apartments, ke peeche bada ped, Annapurna, Indore",22.730700272737774,75.86948779479633,successful
ORD002868,Indore,Vijay Nagar,"Building 47, Vijay Nagar, ke samne police station, Vijay Nagar, Indore",22.723103529633025,75.88292421494423,delivered
ORD002869,Indore,Chhatripura,"Flat 147, Park Apartments, paas mandir, Chhatripura, Indore",22.709188929406547,75.8718121474776,delivered
ORD002870,Indore,Bengali Square,"79/5, Silver Society, Bengali Square, Indore",22.727042172694272,75.87309826407136,completed
ORD002871,Indore,Annapurna,"162 Second Road, near market, Annapurna, Indore",22.724642530510483,75.86729467951123,delivered
ORD002872,Indore,Sudama Nagar,"Building 167, Sudama Nagar, Sudama Nagar, Indore",22.716816564708996,75.86167904546338,delivered
ORD002873,Indore,Rajendra Nagar,"52 First Road, near temple, Rajendra Nagar, Indore",22.73787446511702,75.87833202395268,successful
ORD002874,Indore,New Palasia,"Room 54, Mountain Complex, New Palasia, Indore",22.72310643848208,75.86623324909154,successful
ORD002875,Indore,MG Road,"House 130, MG Road Area, ke paas chai tapri, MG Road, Indore",22.72180905259682,75.87048736474077,completed
ORD002876,Indore,AB Road,"Flat 40, Sunshine Apartments, AB Road, Indore",22.71630605401599,75.87528636258808,delivered
ORD002877,Indore,New Palasia,"7/14, Green Society, samne school, New Palasia, Indore",22.720266996435342,75.87379012757035,successful
ORD002878,Indore,Sudama Nagar,"101/20, Golden Society, ke paas chai tapri, Sudama Nagar, Indore",22.714009005656916,75.86458041767574,completed
ORD002879,Indore,Vijay Nagar,"Shop 21, Big Market, near temple, Vijay Nagar, Indore",22.724142331247386,75.87689313516402,successful
ORD002880,Indore,Palasia,"House 35, Palasia Area, Palasia, Indore",22.726823023057825,75.87586433504742,delivered
ORD002881,Indore,Palasia,"50 First Road, near temple, Palasia, Indore",22.724675019628684,75.87246037760816,delivered
ORD002882,Indore,Vijay Nagar,"Flat 3, Star Apartments, ke paas chai tapri, Vijay Nagar, Indore",22.721807319263636,75.87551850049935,successful
ORD002883,Indore,Sudama Nagar,"House 145, Sudama Nagar Area, Sudama Nagar, Indore",22.719590510036937,75.8649556122042,successful
ORD002884,Indore,Vijay Nagar,"Flat 186, Ocean Apartments, gali mein, Vijay Nagar, Indore",22.717840483673097,75.87551076845152,successful
ORD002885,Indore,MG Road,"Building 40, MG Road, tapri ke paas, MG Road, Indore",22.725837179247815,75.86839520352991,delivered
ORD002886,Indore,Vijay Nagar,"27/19, Green Society, Vijay Nagar, Indore",22.72391820935087,75.87769172682475,completed
ORD002887,Indore,Chhatripura,"145 Fifth Road, samne school, Chhatripura, Indore",22.717342387091975,75.86462050147428,completed
ORD002888,Indore,Vijay Nagar,"Room 109, River Complex, Vijay Nagar, Indore",22.720737825476164,75.88019331927573,delivered
ORD002889,Indore,Rajendra Nagar,"Room 195, Ocean Complex, tapri ke paas, Rajendra Nagar, Indore",22.729868947447244,75.88393457573471,successful
ORD002890,Indore,Bengali Square,"Building 59, Bengali Square, behind hospital, Bengali Square, Indore",22.73380041421778,75.8807819034838,delivered
ORD002891,Indore,Vijay Nagar,"43/15, Blue Society, tapri ke paas, Vijay Nagar, Indore",22.717870213893374,75.87504395273426,delivered
ORD002892,Indore,MG Road,"Room 131, Mountain Complex, MG Road, Indore",22.72965449784775,75.8727035204739,completed
ORD002893,Indore,AB Road,"Building 56, AB Road, ke samne police station, AB Road, Indore",22.718251868602813,75.87009097505802,delivered
ORD002894,Indore,Sudama Nagar,"95 Second Road, near chai tapri, Sudama Nagar, Indore",22.710703452487802,75.8614104847524,completed
ORD002895,Indore,Chhatripura,"House 136, Chhatripura Area, Chhatripura, Indore",22.710453359647783,75.87055522137918,completed
ORD002896,Indore,Bengali Square,"Shop 150, Main Market, paas mandir, Bengali Square, Indore",22.73253712488211,75.87878017343701,successful
ORD002897,Indore,Vijay Nagar,"10 Fifth Road, Vijay Nagar, Indore",22.716704452976785,75.88163332593494,successful
ORD002898,Indore,Bengali Square,"Flat 162, River Apartments, gali mein, Bengali Square, Indore",22.73527611446737,75.87450320367981,delivered
ORD002899,Indore,AB Road,"Room 132, Moonlight Complex, near bus stop, AB Road, Indore",22.713747991452262,75.87928582402425,delivered
ORD002900,Indore,Chhatripura,"Shop 179, Central Market, peeche dukaan, Chhatripura, Indore",22.714810796288514,75.87218213933684,successful
ORD002901,Indore,Sudama Nagar,"101/6, Red Society, tapri ke paas, Sudama Nagar, Indore",22.714529553293794,75.86026258753031,completed
ORD002902,Indore,Sudama Nagar,"Room 16, Garden Complex, samne school, Sudama Nagar, Indore",22.70988205339634,75.8601839764041,successful
ORD002903,Indore,Rajendra Nagar,"Flat 48, Park Apartments, near chai tapri, Rajendra Nagar, Indore",22.731140757373016,75.8839004086916,delivered
ORD002904,Indore,Annapurna,"77/3, Blue Society, ke paas chai tapri, Annapurna, Indore",22.72463760257561,75.8680319322678,successful
ORD002905,Indore,Annapurna,"Shop 17, Local Market, peeche dukaan, Annapurna, Indore",22.726401286426217,75.8635608676884,completed
ORD002906,Indore,Vijay Nagar,"House 197, Vijay Nagar Area, near bus stop, Vijay Nagar, Indore",22.723453701342173,75.8749448669532,completed
ORD002907,Indore,New Palasia,"House 64, New Palasia Area, New Palasia, Indore",22.72080659667088,75.87247283936874,completed
ORD002908,Indore,Bengali Square,"House 188, Bengali Square Area, behind big tree, Bengali Square, Indore",22.729763885956082,75.88019482785508,successful
ORD002909,Indore,Bengali Square,"Room 161, Star Complex, Bengali Square, Indore",22.73234673336278,75.87597166270064,completed
ORD002910,Indore,Palasia,"House 147, Palasia Area, near chai tapri, Palasia, Indore",22.720708902029866,75.8732023892615,successful
ORD002911,Indore,Rajendra Nagar,"Room 15, River Complex, Rajendra Nagar, Indore",22.736951983689725,75.87931098678021,successful
ORD002912,Indore,MG Road,"90/5, Blue Society, dukaan ke piche, MG Road, Indore",22.72259167593632,75.87164863732589,successful
ORD002913,Indore,Rajendra Nagar,"151/12, Golden Society, behind big tree, Rajendra Nagar, Indore",22.733655681001263,75.8825523947507,completed
ORD002914,Indore,Annapurna,"104/8, Red Society, behind big tree, Annapurna, Indore",22.723681108194715,75.86280250837387,successful
ORD002915,Indore,Annapurna,"Room 123, Ocean Complex, near bus stop, Annapurna, Indore",22.7305478935163,75.86026750707377,completed
ORD002916,Indore,Vijay Nagar,"Shop 152, Local Market, samne school, Vijay Nagar, Indore",22.7163477639242,75.87621964574774,completed
ORD002917,Indore,Annapurna,"102 First Road, gali mein, Annapurna, Indore",22.731496554268567,75.86987267366028,completed
ORD002918,Indore,Palasia,"House 122, Palasia Area, tapri ke paas, Palasia, Indore",22.72571020584324,75.87129672311772,completed
ORD002919,Indore,AB Road,"Shop 158, Main Market, behind petrol pump, AB Road, Indore",22.71970994498245,75.87577306931999,successful
ORD002920,Indore,Palasia,"118/17, White Society, near bus stop, Palasia, Indore",22.7234022430867,75.871765214594,delivered
ORD002921,Indore,Vijay Nagar,"House 29, Vijay Nagar Area, Vijay Nagar, Indore",22.724899133886456,75.87589943205361,completed
ORD002922,Indore,Chhatripura,"Room 167, Star Complex, Chhatripura, Indore",22.713482654440575,75.86420022323438,delivered
ORD002923,Indore,Annapurna,"Building 151, Annapurna, Annapurna, Indore",22.72695877471489,75.86988044983117,delivered
ORD002924,Indore,Annapurna,"33/2, Red Society, gali mein, Annapurna, Indore",22.72668935689921,75.85998042499762,completed
ORD002925,Indore,Rajendra Nagar,"34/11, Silver Society, behind petrol pump, Rajendra Nagar, Indore",22.738750902110315,75.8878153076888,successful
ORD002926,Indore,Bengali Square,"Flat 182, Sunshine Apartments, ke paas chai tapri, Bengali Square, Indore",22.730523635218017,75.88088195765957,completed
ORD002927,Indore,Rajendra Nagar,"Shop 30, Local Market, Rajendra Nagar, Indore",22.733992607527988,75.88498669323404,completed
ORD002928,Indore,Vijay Nagar,"House 62, Vijay Nagar Area, opposite police station, Vijay Nagar, Indore",22.71773706787425,75.8830797726938,delivered
ORD002929,Indore,AB Road,"Building 153, AB Road, samne school, AB Road, Indore",22.718076801440425,75.87740895383614,successful
ORD002930,Indore,Palasia,"Building 27, Palasia, Palasia, Indore",22.727920112768057,75.87168600572416,completed
ORD002931,Indore,MG Road,"200 Fifth Road, samne school, MG Road, Indore",22.723906581844286,75.86923652393422,delivered
ORD002932,Indore,Sudama Nagar,"Building 10, Sudama Nagar, Sudama Nagar, Indore",22.710716595567355,75.86708816463945,delivered
ORD002933,Indore,AB Road,"Shop 68, Local Market, AB Road, Indore",22.71433906695201,75.87030995412196,completed
ORD002934,Indore,Annapurna,"House 165, Annapurna Area, Annapurna, Indore",22.72805235747326,75.86219506454411,completed
ORD002935,Indore,Vijay Nagar,"Building 190, Vijay Nagar, near chai tapri, Vijay Nagar, Indore",22.718908001006437,75.88060479700529,successful
ORD002936,Indore,New Palasia,"17 First Road, behind big tree, New Palasia, Indore",22.719570371041268,75.87085928239524,completed
ORD002937,Indore,Palasia,"Building 21, Palasia, Palasia, Indore",22.72793428908634,75.87277727644681,completed
ORD002938,Indore,Rajendra Nagar,"Flat 63, Star Apartments, ke samne police station, Rajendra Nagar, Indore",22.731922256991126,75.88547401382841,completed
ORD002939,Indore,Chhatripura,"Room 78, Ocean Complex, ke paas chai tapri, Chhatripura, Indore",22.712018873631997,75.86945856278196,completed
ORD002940,Indore,Vijay Nagar,"House 70, Vijay Nagar Area, Vijay Nagar, Indore",22.72452248546364,75.88093015350235,completed
ORD002941,Indore,AB Road,"Shop 55, Local Market, opposite bank, AB Road, Indore",22.715040190373536,75.87651156672828,delivered
ORD002942,Indore,Sudama Nagar,"Room 196, Park Complex, Sudama Nagar, Indore",22.715601927669507,75.86747701436158,completed
ORD002943,Indore,Sudama Nagar,"134 Fourth Road, opposite bank, Sudama Nagar, Indore",22.71839701933146,75.86627948296871,delivered
ORD002944,Indore,New Palasia,"51 Second Road, ke paas chai tapri, New Palasia, Indore",22.72394847292093,75.86633589066719,completed
ORD002945,Indore,New Palasia,"27/19, Golden Society, near chai tapri, New Palasia, Indore",22.727427506368144,75.86455483004303,completed
ORD002946,Indore,Annapurna,"36 Main Road, dukaan ke piche, Annapurna, Indore",22.724194499152983,75.86115861004959,delivered
ORD002947,Indore,AB Road,"2 Fifth Road, near chai tapri, AB Road, Indore",22.72343097152005,75.87913482642755,completed
ORD002948,Indore,Palasia,"Room 142, River Complex, Palasia, Indore",22.72606028219066,75.86888907855834,delivered
ORD002949,Indore,AB Road,"Flat 147, Park Apartments, ke samne police station, AB Road, Indore",22.722899444273736,75.8703476418256,delivered
ORD002950,Indore,Bengali Square,"Shop 3, Central Market, gali mein, Bengali Square, Indore",22.733323392855294,75.87326779403774,successful
ORD002951,Indore,Rajendra Nagar,"112/5, Silver Society, behind big tree, Rajendra Nagar, Indore",22.73305478716113,75.88375988379944,completed
ORD002952,Indore,Bengali Square,"58/5, Golden Society, Bengali Square, Indore",22.730918885428025,75.88064390405181,successful
ORD002953,Indore,AB Road,"158 Fifth Road, opposite mall, AB Road, Indore",22.718173852818616,75.87198476497524,successful
ORD002954,Indore,Sudama Nagar,"44 Fifth Road, behind big tree, Sudama Nagar, Indore",22.711501560973886,75.85887709503127,successful
ORD002955,Indore,Chhatripura,"152 First Road, Chhatripura, Indore",22.715391531991248,75.87113326337165,successful
ORD002956,Indore,Annapurna,"House 197, Annapurna Area, opposite school, Annapurna, Indore",22.728986222793896,75.86916744132871,successful
ORD002957,Indore,Palasia,"Shop 144, Old Market, behind big tree, Palasia, Indore",22.72155441112815,75.86884029852978,successful
ORD002958,Indore,New Palasia,"Building 153, New Palasia, paas mandir, New Palasia, Indore",22.720716276851185,75.87021809521379,delivered
ORD002959,Indore,Sudama Nagar,"House 73, Sudama Nagar Area, peeche dukaan, Sudama Nagar, Indore",22.709764232498706,75.86139039349797,delivered
ORD002960,Indore,Palasia,"Room 112, Park Complex, opposite bank, Palasia, Indore",22.72803453735409,75.87665153518748,successful
ORD002961,Indore,Annapurna,"86 First Road, Annapurna, Indore",22.727161864126824,75.8684879950028,successful
ORD002962,Indore,Sudama Nagar,"House 194, Sudama Nagar Area, Sudama Nagar, Indore",22.713398616258928,75.86488613301401,completed
ORD002963,Indore,New Palasia,"98/2, Red Society, opposite school, New Palasia, Indore",22.720323867942458,75.8672062862563,delivered
ORD002964,Indore,Sudama Nagar,"70/20, Silver Society, ke samne police station, Sudama Nagar, Indore",22.71508161704718,75.86217968336274,successful
ORD002965,Indore,MG Road,"117 First Road, gali mein, MG Road, Indore",22.724492500602526,75.87191269184079,successful
ORD002966,Indore,MG Road,"42/15, Green Society, ke samne police station, MG Road, Indore",22.72354117567569,75.86946584017176,delivered
ORD002967,Indore,Annapurna,"Flat 58, Star Apartments, tapri ke paas, Annapurna, Indore",22.731944388792005,75.86300702344799,completed
ORD002968,Indore,Bengali Square,"Flat 184, Star Apartments, ke paas chai tapri, Bengali Square, Indore",22.733568291044346,75.87346126475589,delivered
ORD002969,Indore,Vijay Nagar,"58/13, Silver Society, near market, Vijay Nagar, Indore",22.72274138049108,75.8753662552201,delivered
ORD002970,Indore,Sudama Nagar,"Room 40, Moonlight Complex, tapri ke paas, Sudama Nagar, Indore",22.716029785002544,75.86013894695392,completed
ORD002971,Indore,AB Road,"Room 179, River Complex, peeche dukaan, AB Road, Indore",22.717792829001702,75.87756455637718,successful
ORD002972,Indore,New Palasia,"House 45, New Palasia Area, New Palasia, Indore",22.72634268806448,75.86701661535056,completed
ORD002973,Indore,Palasia,"House 146, Palasia Area, paas mandir, Palasia, Indore",22.727681556617238,75.87471359677188,completed
ORD002974,Indore,Vijay Nagar,"House 87, Vijay Nagar Area, ke peeche bada ped, Vijay Nagar, Indore",22.717332673385545,75.87877268316116,completed
ORD002975,Indore,Bengali Square,"House 132, Bengali Square Area, near temple, Bengali Square, Indore",22.73510059321593,75.87662728292884,completed
ORD002976,Indore,Vijay Nagar,"Flat 191, Mountain Apartments, behind big tree, Vijay Nagar, Indore",22.724535846133772,75.88075876168469,completed
ORD002977,Indore,Annapurna,"145 Third Road, Annapurna, Indore",22.730983397304094,75.8617985594518,successful
ORD002978,Indore,Chhatripura,"39/9, Blue Society, Chhatripura, Indore",22.71314110474149,75.86675003849035,successful
ORD002979,Indore,Bengali Square,"Building 97, Bengali Square, Bengali Square, Indore",22.731039097604864,75.87308133391326,successful
ORD002980,Indore,Annapurna,"Shop 187, Old Market, Annapurna, Indore",22.72591389995059,75.8638624457346,successful
ORD002981,Indore,Chhatripura,"House 195, Chhatripura Area, Chhatripura, Indore",22.712075285521777,75.87146469017273,delivered
ORD002982,Indore,Sudama Nagar,"Building 13, Sudama Nagar, samne school, Sudama Nagar, Indore",22.71897605989876,75.8587684921233,completed
ORD002983,Indore,Vijay Nagar,"Flat 122, River Apartments, ke paas chai tapri, Vijay Nagar, Indore",22.722196798146584,75.8785435399819,successful
ORD002984,Indore,Annapurna,"Building 126, Annapurna, ke samne police station, Annapurna, Indore",22.73207674893597,75.86122425756676,successful
ORD002985,Indore,Chhatripura,"95/16, Silver Society, near bus stop, Chhatripura, Indore",22.71748286961954,75.87376790372203,completed
ORD002986,Indore,Vijay Nagar,"5 First Road, behind hospital, Vijay Nagar, Indore",22.721078981685796,75.87711593212191,delivered
ORD002987,Indore,Palasia,"Flat 132, River Apartments, near market, Palasia, Indore",22.72489083498264,75.86866830294288,successful
ORD002988,Indore,Chhatripura,"Flat 36, Moonlight Apartments, peeche dukaan, Chhatripura, Indore",22.716022296481828,75.86812530850872,delivered
ORD002989,Indore,Rajendra Nagar,"Shop 130, Central Market, ke peeche bada ped, Rajendra Nagar, Indore",22.736483396543257,75.88056148965197,completed
ORD002990,Indore,Chhatripura,"Flat 21, Garden Apartments, peeche dukaan, Chhatripura, Indore",22.711379852171344,75.86426404471466,delivered
ORD002991,Indore,Vijay Nagar,"116/18, Blue Society, ke paas chai tapri, Vijay Nagar, Indore",22.716222563331993,75.87803362933647,completed
ORD002992,Indore,Palasia,"Room 29, Park Complex, opposite police station, Palasia, Indore",22.7214809886911,75.87146198384066,delivered
ORD002993,Indore,Rajendra Nagar,"Building 74, Rajendra Nagar, near market, Rajendra Nagar, Indore",22.736564702630545,75.88123039230969,delivered
ORD002994,Indore,Chhatripura,"Flat 142, Park Apartments, opposite mall, Chhatripura, Indore",22.70999195593021,75.87296624477574,delivered
ORD002995,Indore,Bengali Square,"Building 199, Bengali Square, opposite police station, Bengali Square, Indore",22.73046359049928,75.87506071480944,delivered
ORD002996,Indore,Annapurna,"Shop 51, New Market, behind petrol pump, Annapurna, Indore",22.73065739770247,75.86767291520648,successful
ORD002997,Indore,Sudama Nagar,"Shop 58, Big Market, ke paas chai tapri, Sudama Nagar, Indore",22.71259509421925,75.85939887868098,successful
ORD002998,Indore,AB Road,"Building 147, AB Road, behind dukaan, AB Road, Indore",22.718988877452514,75.8715801960591,delivered
ORD002999,Indore,Palasia,"Shop 72, Old Market, opposite mall, Palasia, Indore",22.72865221772906,75.86999472813339,delivered
ORD003000,Indore,AB Road,"Room 63, Star Complex, paas mandir, AB Road, Indore",22.715671543043896,75.8757497817986,delivered
